mol,stage,r_no,donor,acceptor,e2_kcal,de_au,f_au
mol_002_E,nbo,1.5092,LP ( 1) O 2,BD*( 1) C 1- H 14,3.23,1.07,0.053
mol_002_E,nbo,1.5092,LP ( 1) O 2,BD*( 1) C 1- H 15,0.79,1.06,0.026
mol_002_E,nbo,1.5092,LP ( 1) O 2,BD*( 1) C 1- H 16,0.79,1.06,0.026
mol_002_E,nbo,1.5092,LP ( 1) O 2,BD*( 1) C 3- C 4,1.28,1.2,0.035
mol_002_E,nbo,1.5092,LP ( 1) O 2,BD*( 1) C 3- C 8,7.6,1.22,0.086
mol_002_E,nbo,1.5092,LP ( 1) O 2,RY ( 1) C 1,2.13,2.17,0.061
mol_002_E,nbo,1.5092,LP ( 1) O 2,RY ( 1) C 3,3.05,2.01,0.07
mol_002_E,nbo,1.5092,LP ( 2) O 2,BD*( 1) C 1- H 15,6.39,0.88,0.067
mol_002_E,nbo,1.5092,LP ( 2) O 2,BD*( 1) C 1- H 16,6.45,0.88,0.067
mol_002_E,nbo,1.5092,LP ( 2) O 2,BD*( 2) C 3- C 8,47.86,0.47,0.134
mol_002_E,nbo,1.5092,LP ( 2) O 2,RY ( 3) C 1,1.6,2.0,0.05
mol_002_E,nbo,1.5092,LP ( 2) O 2,RY ( 3) C 3,2.63,2.03,0.065
mol_002_E,nbo,1.5092,LP ( 1) N 12,BD*( 1) C 10- C 11,8.14,1.01,0.081
mol_002_E,nbo,1.5092,LP ( 1) N 12,RY ( 1) C 11,6.45,1.75,0.095
mol_002_E,nbo,1.5092,LP ( 1) N 12,RY ( 7) N 12,0.56,2.1,0.031
mol_002_E,nbo,1.5092,LP ( 1) N 12,RY ( 9) N 12,0.81,4.87,0.056
mol_002_E,nbo,1.5092,LP ( 1) N 12,RY (11) N 12,0.57,3.32,0.039
mol_002_E,nbo,1.5092,LP ( 1) N 12,RY (13) N 12,0.92,13.72,0.1
mol_002_E,nbo,1.5092,LP ( 1) N 12,RY (16) N 12,0.58,11.08,0.071
mol_002_E,nbo,1.5092,LP ( 1) N 12,RY (17) N 12,0.56,4.68,0.046
mol_002_E,nbo,1.5092,LP ( 1) N 12,RY ( 3) O 13,0.54,2.43,0.032
mol_002_E,nbo,1.5092,LP ( 1) O 13,BD*( 1) C 6- C 11,1.19,1.21,0.034
mol_002_E,nbo,1.5092,LP ( 1) O 13,BD*( 1) C 9- C 10,0.72,1.09,0.025
mol_002_E,nbo,1.5092,LP ( 1) O 13,RY ( 3) N 12,0.52,2.13,0.03
mol_002_E,nbo,1.5092,LP ( 1) O 13,RY ( 1) H 24,1.24,2.64,0.051
mol_002_E,nbo,1.5092,LP ( 1) O 13,RY ( 1) H 25,1.24,2.59,0.051
mol_002_E,nbo,1.5092,BD ( 1) C 1- O 2,BD*( 1) C 3- C 4,2.82,1.45,0.057
mol_002_E,nbo,1.5092,BD ( 1) C 1- O 2,RY ( 2) C 3,2.3,2.5,0.068
mol_002_E,nbo,1.5092,BD ( 1) C 1- H 14,BD*( 1) O 2- C 3,3.43,1.04,0.053
mol_002_E,nbo,1.5092,BD ( 1) C 1- H 15,RY ( 2) O 2,0.79,1.22,0.028
mol_002_E,nbo,1.5092,BD ( 1) C 1- H 16,RY ( 2) O 2,0.57,1.22,0.024
mol_002_E,nbo,1.5092,BD ( 1) O 2- C 3,BD*( 1) C 4- C 5,1.04,1.59,0.036
mol_002_E,nbo,1.5092,BD ( 1) O 2- C 3,BD*( 1) C 7- C 8,0.91,1.58,0.034
mol_002_E,nbo,1.5092,BD ( 1) O 2- C 3,RY ( 2) C 1,1.24,1.96,0.044
mol_002_E,nbo,1.5092,BD ( 1) O 2- C 3,RY ( 1) C 4,0.75,2.29,0.037
mol_002_E,nbo,1.5092,BD ( 1) C 3- C 4,BD*( 1) C 1- O 2,3.3,1.07,0.053
mol_002_E,nbo,1.5092,BD ( 1) C 3- C 4,BD*( 1) C 3- C 8,2.66,1.34,0.053
mol_002_E,nbo,1.5092,BD ( 1) C 3- C 4,BD*( 1) C 4- C 5,2.04,1.37,0.047
mol_002_E,nbo,1.5092,BD ( 1) C 3- C 4,BD*( 1) C 4- H 17,0.84,1.22,0.029
mol_002_E,nbo,1.5092,BD ( 1) C 3- C 4,BD*( 1) C 5- H 18,2.4,1.23,0.048
mol_002_E,nbo,1.5092,BD ( 1) C 3- C 4,BD*( 1) C 8- H 19,2.41,1.23,0.049
mol_002_E,nbo,1.5092,BD ( 1) C 3- C 4,RY ( 1) O 2,1.15,1.43,0.036
mol_002_E,nbo,1.5092,BD ( 1) C 3- C 4,RY ( 1) C 5,0.69,2.04,0.033
mol_002_E,nbo,1.5092,BD ( 1) C 3- C 4,RY ( 2) C 5,1.73,1.9,0.051
mol_002_E,nbo,1.5092,BD ( 1) C 3- C 4,RY ( 1) C 8,0.58,2.02,0.03
mol_002_E,nbo,1.5092,BD ( 1) C 3- C 4,RY ( 2) C 8,0.99,2.17,0.041
mol_002_E,nbo,1.5092,BD ( 1) C 3- C 8,BD*( 1) C 3- C 4,2.81,1.33,0.055
mol_002_E,nbo,1.5092,BD ( 1) C 3- C 8,BD*( 1) C 4- H 17,1.78,1.23,0.042
mol_002_E,nbo,1.5092,BD ( 1) C 3- C 8,BD*( 1) C 7- C 8,3.35,1.38,0.061
mol_002_E,nbo,1.5092,BD ( 1) C 3- C 8,BD*( 1) C 7- C 9,3.89,1.22,0.062
mol_002_E,nbo,1.5092,BD ( 1) C 3- C 8,BD*( 1) C 8- H 19,1.3,1.24,0.036
mol_002_E,nbo,1.5092,BD ( 1) C 3- C 8,RY ( 2) C 1,0.51,1.75,0.027
mol_002_E,nbo,1.5092,BD ( 1) C 3- C 8,RY ( 1) O 2,0.94,1.44,0.033
mol_002_E,nbo,1.5092,BD ( 1) C 3- C 8,RY ( 1) C 4,1.14,2.09,0.044
mol_002_E,nbo,1.5092,BD ( 1) C 3- C 8,RY ( 2) C 4,0.55,2.07,0.03
mol_002_E,nbo,1.5092,BD ( 1) C 3- C 8,RY ( 1) C 7,1.49,2.22,0.051
mol_002_E,nbo,1.5092,BD ( 1) C 3- C 8,RY ( 2) C 7,0.67,2.2,0.034
mol_002_E,nbo,1.5092,BD ( 2) C 3- C 8,BD*( 2) C 3- C 8,1.29,0.39,0.02
mol_002_E,nbo,1.5092,BD ( 2) C 3- C 8,BD*( 2) C 4- C 5,23.92,0.41,0.088
mol_002_E,nbo,1.5092,BD ( 2) C 3- C 8,BD*( 2) C 6- C 7,47.62,0.4,0.123
mol_002_E,nbo,1.5092,BD ( 2) C 3- C 8,RY ( 2) O 2,1.5,0.97,0.034
mol_002_E,nbo,1.5092,BD ( 2) C 3- C 8,RY ( 3) C 4,1.89,0.97,0.038
mol_002_E,nbo,1.5092,BD ( 2) C 3- C 8,RY ( 4) C 7,0.67,1.82,0.031
mol_002_E,nbo,1.5092,BD ( 2) C 3- C 8,RY ( 8) C 7,0.7,1.61,0.03
mol_002_E,nbo,1.5092,BD ( 2) C 3- C 8,RY ( 3) C 8,0.59,0.87,0.02
mol_002_E,nbo,1.5092,BD ( 1) C 4- C 5,BD*( 1) O 2- C 3,3.01,1.16,0.053
mol_002_E,nbo,1.5092,BD ( 1) C 4- C 5,BD*( 1) C 3- C 4,2.03,1.32,0.046
mol_002_E,nbo,1.5092,BD ( 1) C 4- C 5,BD*( 1) C 4- H 17,1.27,1.22,0.035
mol_002_E,nbo,1.5092,BD ( 1) C 4- C 5,BD*( 1) C 5- C 6,2.87,1.33,0.055
mol_002_E,nbo,1.5092,BD ( 1) C 4- C 5,BD*( 1) C 5- H 18,1.15,1.23,0.033
mol_002_E,nbo,1.5092,BD ( 1) C 4- C 5,BD*( 1) C 6- C 11,4.05,1.26,0.064
mol_002_E,nbo,1.5092,BD ( 1) C 4- C 5,RY ( 1) C 3,1.62,2.13,0.052
mol_002_E,nbo,1.5092,BD ( 1) C 4- C 5,RY ( 2) C 3,0.59,2.37,0.033
mol_002_E,nbo,1.5092,BD ( 1) C 4- C 5,RY ( 1) C 6,2.04,2.0,0.057
mol_002_E,nbo,1.5092,BD ( 1) C 4- C 5,RY ( 4) C 6,0.61,2.76,0.037
mol_002_E,nbo,1.5092,BD ( 1) C 4- C 5,RY ( 1) H 18,0.8,1.64,0.032
mol_002_E,nbo,1.5092,BD ( 2) C 4- C 5,BD*( 2) C 3- C 8,36.43,0.4,0.107
mol_002_E,nbo,1.5092,BD ( 2) C 4- C 5,BD*( 2) C 6- C 7,25.89,0.4,0.091
mol_002_E,nbo,1.5092,BD ( 2) C 4- C 5,RY ( 5) C 3,0.79,2.02,0.036
mol_002_E,nbo,1.5092,BD ( 2) C 4- C 5,RY ( 3) C 6,0.87,1.04,0.027
mol_002_E,nbo,1.5092,BD ( 1) C 4- H 17,BD*( 1) O 2- C 3,2.15,1.03,0.042
mol_002_E,nbo,1.5092,BD ( 1) C 4- H 17,BD*( 1) C 3- C 8,4.27,1.21,0.064
mol_002_E,nbo,1.5092,BD ( 1) C 4- H 17,BD*( 1) C 4- C 5,0.87,1.24,0.029
mol_002_E,nbo,1.5092,BD ( 1) C 4- H 17,BD*( 1) C 5- C 6,3.36,1.2,0.057
mol_002_E,nbo,1.5092,BD ( 1) C 4- H 17,BD*( 1) C 5- H 18,0.94,1.1,0.029
mol_002_E,nbo,1.5092,BD ( 1) C 4- H 17,RY ( 1) C 3,0.56,2.0,0.03
mol_002_E,nbo,1.5092,BD ( 1) C 4- H 17,RY ( 1) C 5,1.15,1.91,0.042
mol_002_E,nbo,1.5092,BD ( 1) C 5- C 6,BD*( 1) C 4- C 5,2.63,1.36,0.053
mol_002_E,nbo,1.5092,BD ( 1) C 5- C 6,BD*( 1) C 4- H 17,2.55,1.21,0.05
mol_002_E,nbo,1.5092,BD ( 1) C 5- C 6,BD*( 1) C 5- H 18,1.06,1.22,0.032
mol_002_E,nbo,1.5092,BD ( 1) C 5- C 6,BD*( 1) C 6- C 7,4.48,1.35,0.069
mol_002_E,nbo,1.5092,BD ( 1) C 5- C 6,BD*( 1) C 6- C 11,3.24,1.25,0.057
mol_002_E,nbo,1.5092,BD ( 1) C 5- C 6,BD*( 1) C 7- C 9,2.07,1.2,0.045
mol_002_E,nbo,1.5092,BD ( 1) C 5- C 6,BD*( 1) C 10- C 11,1.09,1.17,0.032
mol_002_E,nbo,1.5092,BD ( 1) C 5- C 6,RY ( 1) C 4,1.03,2.07,0.041
mol_002_E,nbo,1.5092,BD ( 1) C 5- C 6,RY ( 2) C 4,1.54,2.05,0.05
mol_002_E,nbo,1.5092,BD ( 1) C 5- C 6,RY ( 2) C 6,0.56,2.52,0.034
mol_002_E,nbo,1.5092,BD ( 1) C 5- C 6,RY ( 6) C 6,0.83,4.53,0.055
mol_002_E,nbo,1.5092,BD ( 1) C 5- C 6,RY ( 9) C 6,0.53,4.8,0.045
mol_002_E,nbo,1.5092,BD ( 1) C 5- C 6,RY (16) C 6,0.64,16.24,0.091
mol_002_E,nbo,1.5092,BD ( 1) C 5- C 6,RY ( 1) C 7,0.6,2.2,0.033
mol_002_E,nbo,1.5092,BD ( 1) C 5- C 6,RY ( 2) C 7,0.53,2.18,0.03
mol_002_E,nbo,1.5092,BD ( 1) C 5- C 6,RY ( 1) C 11,1.35,1.91,0.045
mol_002_E,nbo,1.5092,BD ( 1) C 5- C 6,RY ( 8) C 11,0.86,4.67,0.057
mol_002_E,nbo,1.5092,BD ( 1) C 5- H 18,BD*( 1) C 3- C 4,3.75,1.2,0.06
mol_002_E,nbo,1.5092,BD ( 1) C 5- H 18,BD*( 1) C 4- C 5,0.84,1.25,0.029
mol_002_E,nbo,1.5092,BD ( 1) C 5- H 18,BD*( 1) C 4- H 17,0.93,1.1,0.029
mol_002_E,nbo,1.5092,BD ( 1) C 5- H 18,BD*( 1) C 5- C 6,0.59,1.21,0.024
mol_002_E,nbo,1.5092,BD ( 1) C 5- H 18,BD*( 1) C 6- C 7,4.21,1.23,0.064
mol_002_E,nbo,1.5092,BD ( 1) C 5- H 18,BD*( 1) C 6- C 11,0.52,1.14,0.022
mol_002_E,nbo,1.5092,BD ( 1) C 5- H 18,RY ( 1) C 4,1.16,1.95,0.042
mol_002_E,nbo,1.5092,BD ( 1) C 5- H 18,RY ( 1) C 6,0.91,1.88,0.037
mol_002_E,nbo,1.5092,BD ( 1) C 5- H 18,RY ( 7) C 6,0.61,3.23,0.04
mol_002_E,nbo,1.5092,BD ( 1) C 6- C 7,BD*( 1) C 5- C 6,4.39,1.32,0.068
mol_002_E,nbo,1.5092,BD ( 1) C 6- C 7,BD*( 1) C 5- H 18,2.22,1.21,0.046
mol_002_E,nbo,1.5092,BD ( 1) C 6- C 7,BD*( 1) C 6- C 11,2.35,1.25,0.048
mol_002_E,nbo,1.5092,BD ( 1) C 6- C 7,BD*( 1) C 7- C 8,2.73,1.35,0.054
mol_002_E,nbo,1.5092,BD ( 1) C 6- C 7,BD*( 1) C 7- C 9,1.31,1.2,0.035
mol_002_E,nbo,1.5092,BD ( 1) C 6- C 7,BD*( 1) C 8- H 19,2.56,1.21,0.05
mol_002_E,nbo,1.5092,BD ( 1) C 6- C 7,BD*( 1) C 9- H 20,0.5,1.17,0.022
mol_002_E,nbo,1.5092,BD ( 1) C 6- C 7,BD*( 1) C 9- H 21,0.51,1.17,0.022
mol_002_E,nbo,1.5092,BD ( 1) C 6- C 7,BD*( 1) C 11- N 12,2.8,1.34,0.055
mol_002_E,nbo,1.5092,BD ( 1) C 6- C 7,RY ( 1) C 5,0.96,2.03,0.039
mol_002_E,nbo,1.5092,BD ( 1) C 6- C 7,RY ( 1) C 8,1.64,2.0,0.051
mol_002_E,nbo,1.5092,BD ( 1) C 6- C 7,RY ( 1) C 9,0.87,1.41,0.031
mol_002_E,nbo,1.5092,BD ( 1) C 6- C 7,RY ( 1) C 11,0.53,1.9,0.028
mol_002_E,nbo,1.5092,BD ( 2) C 6- C 7,BD*( 2) C 3- C 8,22.9,0.38,0.084
mol_002_E,nbo,1.5092,BD ( 2) C 6- C 7,BD*( 2) C 4- C 5,35.23,0.4,0.106
mol_002_E,nbo,1.5092,BD ( 2) C 6- C 7,BD*( 2) C 6- C 7,0.85,0.39,0.016
mol_002_E,nbo,1.5092,BD ( 2) C 6- C 7,BD*( 1) C 9- H 20,3.41,0.8,0.047
mol_002_E,nbo,1.5092,BD ( 2) C 6- C 7,BD*( 1) C 9- H 21,3.33,0.81,0.046
mol_002_E,nbo,1.5092,BD ( 2) C 6- C 7,BD*( 2) C 11- N 12,45.03,0.37,0.116
mol_002_E,nbo,1.5092,BD ( 2) C 6- C 7,RY ( 3) C 5,2.12,1.28,0.046
mol_002_E,nbo,1.5092,BD ( 2) C 6- C 7,RY ( 3) C 8,2.13,0.86,0.038
mol_002_E,nbo,1.5092,BD ( 2) C 6- C 7,RY ( 2) C 9,0.57,1.14,0.023
mol_002_E,nbo,1.5092,BD ( 2) C 6- C 7,RY ( 3) C 11,1.14,1.94,0.042
mol_002_E,nbo,1.5092,BD ( 1) C 6- C 11,BD*( 1) C 4- C 5,1.04,1.35,0.034
mol_002_E,nbo,1.5092,BD ( 1) C 6- C 11,BD*( 1) C 5- C 6,3.03,1.32,0.056
mol_002_E,nbo,1.5092,BD ( 1) C 6- C 11,BD*( 1) C 6- C 7,2.0,1.34,0.046
mol_002_E,nbo,1.5092,BD ( 1) C 6- C 11,BD*( 1) C 7- C 8,3.41,1.35,0.061
mol_002_E,nbo,1.5092,BD ( 1) C 6- C 11,BD*( 1) C 9- C 10,0.57,1.13,0.023
mol_002_E,nbo,1.5092,BD ( 1) C 6- C 11,BD*( 1) C 10- C 11,0.9,1.16,0.029
mol_002_E,nbo,1.5092,BD ( 1) C 6- C 11,BD*( 1) C 10- H 23,0.56,1.17,0.023
mol_002_E,nbo,1.5092,BD ( 1) C 6- C 11,BD*( 1) C 11- N 12,1.63,1.34,0.042
mol_002_E,nbo,1.5092,BD ( 1) C 6- C 11,BD*( 1) N 12- O 13,9.16,0.83,0.078
mol_002_E,nbo,1.5092,BD ( 1) C 6- C 11,RY ( 1) C 5,1.4,2.03,0.047
mol_002_E,nbo,1.5092,BD ( 1) C 6- C 11,RY ( 1) C 7,1.2,2.2,0.046
mol_002_E,nbo,1.5092,BD ( 1) C 6- C 11,RY ( 1) C 10,0.97,1.49,0.034
mol_002_E,nbo,1.5092,BD ( 1) C 6- C 11,RY ( 1) N 12,0.81,1.8,0.034
mol_002_E,nbo,1.5092,BD ( 1) C 7- C 8,BD*( 1) O 2- C 3,4.12,1.16,0.062
mol_002_E,nbo,1.5092,BD ( 1) C 7- C 8,BD*( 1) C 3- C 8,3.14,1.34,0.058
mol_002_E,nbo,1.5092,BD ( 1) C 7- C 8,BD*( 1) C 6- C 7,3.08,1.35,0.058
mol_002_E,nbo,1.5092,BD ( 1) C 7- C 8,BD*( 1) C 6- C 11,2.21,1.26,0.047
mol_002_E,nbo,1.5092,BD ( 1) C 7- C 8,BD*( 1) C 7- C 9,1.64,1.21,0.04
mol_002_E,nbo,1.5092,BD ( 1) C 7- C 8,BD*( 1) C 8- H 19,1.88,1.22,0.043
mol_002_E,nbo,1.5092,BD ( 1) C 7- C 8,BD*( 1) C 9- C 10,0.54,1.15,0.022
mol_002_E,nbo,1.5092,BD ( 1) C 7- C 8,RY ( 2) C 3,1.58,2.37,0.055
mol_002_E,nbo,1.5092,BD ( 1) C 7- C 8,RY ( 1) C 6,0.75,2.0,0.035
mol_002_E,nbo,1.5092,BD ( 1) C 7- C 8,RY ( 2) C 6,1.2,2.52,0.049
mol_002_E,nbo,1.5092,BD ( 1) C 7- C 8,RY ( 1) C 9,0.9,1.42,0.032
mol_002_E,nbo,1.5092,BD ( 1) C 7- C 8,RY ( 1) H 19,0.81,1.58,0.032
mol_002_E,nbo,1.5092,BD ( 1) C 7- C 9,BD*( 1) C 3- C 8,1.86,1.27,0.043
mol_002_E,nbo,1.5092,BD ( 1) C 7- C 9,BD*( 1) C 5- C 6,3.83,1.27,0.062
mol_002_E,nbo,1.5092,BD ( 1) C 7- C 9,BD*( 1) C 6- C 7,1.21,1.29,0.035
mol_002_E,nbo,1.5092,BD ( 1) C 7- C 9,BD*( 1) C 6- C 11,0.76,1.2,0.027
mol_002_E,nbo,1.5092,BD ( 1) C 7- C 9,BD*( 1) C 7- C 8,1.84,1.3,0.044
mol_002_E,nbo,1.5092,BD ( 1) C 7- C 9,BD*( 1) C 9- C 10,0.54,1.09,0.022
mol_002_E,nbo,1.5092,BD ( 1) C 7- C 9,BD*( 1) C 9- H 20,0.57,1.12,0.023
mol_002_E,nbo,1.5092,BD ( 1) C 7- C 9,BD*( 1) C 9- H 21,0.59,1.13,0.023
mol_002_E,nbo,1.5092,BD ( 1) C 7- C 9,BD*( 1) C 10- C 11,0.94,1.11,0.029
mol_002_E,nbo,1.5092,BD ( 1) C 7- C 9,BD*( 1) C 10- H 22,0.57,1.12,0.023
mol_002_E,nbo,1.5092,BD ( 1) C 7- C 9,BD*( 1) C 10- H 23,0.67,1.12,0.025
mol_002_E,nbo,1.5092,BD ( 1) C 7- C 9,RY ( 1) C 6,0.53,1.94,0.029
mol_002_E,nbo,1.5092,BD ( 1) C 7- C 9,RY ( 2) C 6,0.56,2.46,0.033
mol_002_E,nbo,1.5092,BD ( 1) C 7- C 9,RY ( 1) C 8,1.71,1.95,0.052
mol_002_E,nbo,1.5092,BD ( 1) C 7- C 9,RY ( 3) C 10,0.8,1.68,0.033
mol_002_E,nbo,1.5092,BD ( 1) C 8- H 19,BD*( 1) O 2- C 3,1.54,1.03,0.036
mol_002_E,nbo,1.5092,BD ( 1) C 8- H 19,BD*( 1) C 3- C 4,3.96,1.19,0.061
mol_002_E,nbo,1.5092,BD ( 1) C 8- H 19,BD*( 1) C 3- C 8,0.79,1.21,0.028
mol_002_E,nbo,1.5092,BD ( 1) C 8- H 19,BD*( 1) C 6- C 7,4.45,1.23,0.066
mol_002_E,nbo,1.5092,BD ( 1) C 8- H 19,BD*( 1) C 7- C 8,1.24,1.24,0.035
mol_002_E,nbo,1.5092,BD ( 1) C 8- H 19,RY ( 1) C 3,0.95,2.01,0.039
mol_002_E,nbo,1.5092,BD ( 1) C 8- H 19,RY ( 6) C 3,0.58,4.71,0.047
mol_002_E,nbo,1.5092,BD ( 1) C 8- H 19,RY ( 1) C 7,1.54,2.09,0.051
mol_002_E,nbo,1.5092,BD ( 1) C 9- C 10,BD*( 1) C 6- C 7,0.52,1.27,0.023
mol_002_E,nbo,1.5092,BD ( 1) C 9- C 10,BD*( 1) C 6- C 11,0.6,1.18,0.024
mol_002_E,nbo,1.5092,BD ( 1) C 9- C 10,BD*( 1) C 7- C 8,4.21,1.28,0.066
mol_002_E,nbo,1.5092,BD ( 1) C 9- C 10,BD*( 1) C 7- C 9,0.68,1.12,0.025
mol_002_E,nbo,1.5092,BD ( 1) C 9- C 10,BD*( 1) C 10- C 11,0.56,1.09,0.022
mol_002_E,nbo,1.5092,BD ( 1) C 9- C 10,BD*( 1) C 11- N 12,4.71,1.27,0.069
mol_002_E,nbo,1.5092,BD ( 1) C 9- C 10,RY ( 2) C 7,0.6,2.11,0.032
mol_002_E,nbo,1.5092,BD ( 1) C 9- H 20,BD*( 1) C 6- C 7,1.24,1.21,0.035
mol_002_E,nbo,1.5092,BD ( 1) C 9- H 20,BD*( 2) C 6- C 7,6.37,0.63,0.056
mol_002_E,nbo,1.5092,BD ( 1) C 9- H 20,BD*( 1) C 10- C 11,0.56,1.03,0.021
mol_002_E,nbo,1.5092,BD ( 1) C 9- H 20,BD*( 1) C 10- H 22,0.89,1.04,0.027
mol_002_E,nbo,1.5092,BD ( 1) C 9- H 20,BD*( 1) C 10- H 23,1.21,1.04,0.032
mol_002_E,nbo,1.5092,BD ( 1) C 9- H 20,RY ( 2) C 10,0.51,1.36,0.024
mol_002_E,nbo,1.5092,BD ( 1) C 9- H 21,BD*( 1) C 6- C 7,1.29,1.21,0.035
mol_002_E,nbo,1.5092,BD ( 1) C 9- H 21,BD*( 2) C 6- C 7,6.19,0.63,0.056
mol_002_E,nbo,1.5092,BD ( 1) C 9- H 21,BD*( 1) C 10- C 11,0.68,1.03,0.024
mol_002_E,nbo,1.5092,BD ( 1) C 9- H 21,BD*( 1) C 10- H 22,1.21,1.04,0.032
mol_002_E,nbo,1.5092,BD ( 1) C 9- H 21,BD*( 1) C 10- H 23,0.73,1.04,0.025
mol_002_E,nbo,1.5092,BD ( 1) C 9- H 21,RY ( 2) C 10,0.59,1.37,0.025
mol_002_E,nbo,1.5092,BD ( 1) C 10- C 11,BD*( 1) C 5- C 6,3.93,1.3,0.064
mol_002_E,nbo,1.5092,BD ( 1) C 10- C 11,BD*( 1) C 6- C 11,1.22,1.23,0.035
mol_002_E,nbo,1.5092,BD ( 1) C 10- C 11,BD*( 1) C 7- C 9,0.64,1.18,0.024
mol_002_E,nbo,1.5092,BD ( 1) C 10- C 11,BD*( 1) C 9- H 21,0.59,1.16,0.023
mol_002_E,nbo,1.5092,BD ( 1) C 10- C 11,BD*( 1) C 11- N 12,0.71,1.32,0.027
mol_002_E,nbo,1.5092,BD ( 1) C 10- C 11,BD*( 1) N 12- O 13,3.13,0.81,0.045
mol_002_E,nbo,1.5092,BD ( 1) C 10- C 11,RY ( 1) C 6,0.78,1.97,0.035
mol_002_E,nbo,1.5092,BD ( 1) C 10- C 11,RY ( 3) C 9,0.82,1.75,0.034
mol_002_E,nbo,1.5092,BD ( 1) C 10- C 11,RY ( 1) N 12,1.72,1.79,0.05
mol_002_E,nbo,1.5092,BD ( 1) C 10- H 22,BD*( 1) C 6- C 11,1.27,1.12,0.034
mol_002_E,nbo,1.5092,BD ( 1) C 10- H 22,BD*( 1) C 9- H 20,0.82,1.05,0.026
mol_002_E,nbo,1.5092,BD ( 1) C 10- H 22,BD*( 1) C 9- H 21,1.19,1.05,0.032
mol_002_E,nbo,1.5092,BD ( 1) C 10- H 22,BD*( 2) C 11- N 12,9.48,0.62,0.068
mol_002_E,nbo,1.5092,BD ( 1) C 10- H 22,RY ( 2) C 9,0.59,1.38,0.025
mol_002_E,nbo,1.5092,BD ( 1) C 10- H 23,BD*( 1) C 6- C 11,1.5,1.12,0.037
mol_002_E,nbo,1.5092,BD ( 1) C 10- H 23,BD*( 1) C 7- C 9,0.55,1.07,0.022
mol_002_E,nbo,1.5092,BD ( 1) C 10- H 23,BD*( 1) C 9- H 20,1.18,1.05,0.031
mol_002_E,nbo,1.5092,BD ( 1) C 10- H 23,BD*( 1) C 9- H 21,0.67,1.05,0.024
mol_002_E,nbo,1.5092,BD ( 1) C 10- H 23,BD*( 2) C 11- N 12,8.7,0.62,0.065
mol_002_E,nbo,1.5092,BD ( 1) C 10- H 23,RY ( 2) C 9,0.67,1.38,0.027
mol_002_E,nbo,1.5092,BD ( 1) C 11- N 12,BD*( 1) C 6- C 7,0.78,1.58,0.031
mol_002_E,nbo,1.5092,BD ( 1) C 11- N 12,BD*( 1) C 6- C 11,1.55,1.48,0.043
mol_002_E,nbo,1.5092,BD ( 1) C 11- N 12,BD*( 1) C 10- C 11,1.46,1.4,0.04
mol_002_E,nbo,1.5092,BD ( 1) C 11- N 12,RY ( 1) C 6,1.48,2.22,0.051
mol_002_E,nbo,1.5092,BD ( 1) C 11- N 12,RY ( 2) C 6,0.9,2.74,0.044
mol_002_E,nbo,1.5092,BD ( 1) C 11- N 12,RY ( 1) O 13,1.1,2.25,0.044
mol_002_E,nbo,1.5092,BD ( 2) C 11- N 12,BD*( 2) C 6- C 7,6.52,0.53,0.052
mol_002_E,nbo,1.5092,BD ( 2) C 11- N 12,BD*( 1) C 10- H 22,1.31,0.94,0.031
mol_002_E,nbo,1.5092,BD ( 2) C 11- N 12,BD*( 1) C 10- H 23,1.17,0.94,0.03
mol_002_E,nbo,1.5092,BD ( 2) C 11- N 12,BD*( 1) O 13- H 24,1.62,0.9,0.034
mol_002_E,nbo,1.5092,BD ( 2) C 11- N 12,BD*( 1) O 13- H 25,0.68,0.91,0.022
mol_002_E,nbo,1.5092,BD ( 2) C 11- N 12,RY ( 3) C 6,0.61,1.16,0.024
mol_002_E,nbo,1.5092,BD ( 1) N 12- O 13,BD*( 1) C 6- C 11,4.66,1.39,0.072
mol_002_E,nbo,1.5092,BD ( 1) N 12- O 13,BD*( 1) C 10- C 11,0.98,1.3,0.032
mol_002_E,nbo,1.5092,BD ( 1) N 12- O 13,RY ( 2) C 11,2.2,2.08,0.06
mol_002_E,nbo,1.5092,BD ( 1) O 13- H 24,BD*( 2) C 11- N 12,1.16,0.94,0.03
mol_002_E,nbo,1.5092,BD ( 1) O 13- H 25,BD*( 1) C 11- N 12,0.79,1.54,0.031
mol_002_E,nbo,1.5092,BD ( 1) O 13- H 25,BD*( 2) C 11- N 12,0.61,0.94,0.021
mol_002_E,nbo,1.5092,BD ( 1) O 13- H 25,RY ( 2) C 11,0.66,2.14,0.034
mol_002_E,scan_1,1.5092,LP ( 1) O 2,BD*( 1) C 1- H 14,3.23,1.07,0.053
mol_002_E,scan_1,1.5092,LP ( 1) O 2,BD*( 1) C 1- H 15,0.79,1.06,0.026
mol_002_E,scan_1,1.5092,LP ( 1) O 2,BD*( 1) C 1- H 16,0.79,1.06,0.026
mol_002_E,scan_1,1.5092,LP ( 1) O 2,BD*( 1) C 3- C 4,1.28,1.2,0.035
mol_002_E,scan_1,1.5092,LP ( 1) O 2,BD*( 1) C 3- C 8,7.6,1.22,0.086
mol_002_E,scan_1,1.5092,LP ( 1) O 2,RY ( 1) C 1,2.13,2.17,0.061
mol_002_E,scan_1,1.5092,LP ( 1) O 2,RY ( 1) C 3,3.05,2.01,0.07
mol_002_E,scan_1,1.5092,LP ( 2) O 2,BD*( 1) C 1- H 15,6.39,0.88,0.067
mol_002_E,scan_1,1.5092,LP ( 2) O 2,BD*( 1) C 1- H 16,6.45,0.88,0.067
mol_002_E,scan_1,1.5092,LP ( 2) O 2,BD*( 2) C 3- C 8,47.86,0.47,0.134
mol_002_E,scan_1,1.5092,LP ( 2) O 2,RY ( 3) C 1,1.6,2.0,0.05
mol_002_E,scan_1,1.5092,LP ( 2) O 2,RY ( 3) C 3,2.63,2.03,0.065
mol_002_E,scan_1,1.5092,LP ( 1) N 12,BD*( 1) C 10- C 11,8.14,1.01,0.081
mol_002_E,scan_1,1.5092,LP ( 1) N 12,RY ( 1) C 11,6.45,1.75,0.095
mol_002_E,scan_1,1.5092,LP ( 1) N 12,RY ( 7) N 12,0.56,2.1,0.031
mol_002_E,scan_1,1.5092,LP ( 1) N 12,RY ( 9) N 12,0.81,4.87,0.056
mol_002_E,scan_1,1.5092,LP ( 1) N 12,RY (11) N 12,0.57,3.32,0.039
mol_002_E,scan_1,1.5092,LP ( 1) N 12,RY (13) N 12,0.92,13.72,0.1
mol_002_E,scan_1,1.5092,LP ( 1) N 12,RY (16) N 12,0.58,11.08,0.071
mol_002_E,scan_1,1.5092,LP ( 1) N 12,RY (17) N 12,0.56,4.68,0.046
mol_002_E,scan_1,1.5092,LP ( 1) N 12,RY ( 3) O 13,0.54,2.43,0.032
mol_002_E,scan_1,1.5092,LP ( 1) O 13,BD*( 1) C 6- C 11,1.19,1.21,0.034
mol_002_E,scan_1,1.5092,LP ( 1) O 13,BD*( 1) C 9- C 10,0.72,1.09,0.025
mol_002_E,scan_1,1.5092,LP ( 1) O 13,RY ( 3) N 12,0.52,2.13,0.03
mol_002_E,scan_1,1.5092,LP ( 1) O 13,RY ( 1) H 24,1.24,2.64,0.051
mol_002_E,scan_1,1.5092,LP ( 1) O 13,RY ( 1) H 25,1.24,2.59,0.051
mol_002_E,scan_1,1.5092,BD ( 1) C 1- O 2,BD*( 1) C 3- C 4,2.82,1.45,0.057
mol_002_E,scan_1,1.5092,BD ( 1) C 1- O 2,RY ( 2) C 3,2.3,2.5,0.068
mol_002_E,scan_1,1.5092,BD ( 1) C 1- H 14,BD*( 1) O 2- C 3,3.43,1.04,0.053
mol_002_E,scan_1,1.5092,BD ( 1) C 1- H 15,RY ( 2) O 2,0.79,1.22,0.028
mol_002_E,scan_1,1.5092,BD ( 1) C 1- H 16,RY ( 2) O 2,0.57,1.22,0.024
mol_002_E,scan_1,1.5092,BD ( 1) O 2- C 3,BD*( 1) C 4- C 5,1.04,1.59,0.036
mol_002_E,scan_1,1.5092,BD ( 1) O 2- C 3,BD*( 1) C 7- C 8,0.91,1.58,0.034
mol_002_E,scan_1,1.5092,BD ( 1) O 2- C 3,RY ( 2) C 1,1.24,1.96,0.044
mol_002_E,scan_1,1.5092,BD ( 1) O 2- C 3,RY ( 1) C 4,0.75,2.29,0.037
mol_002_E,scan_1,1.5092,BD ( 1) C 3- C 4,BD*( 1) C 1- O 2,3.3,1.07,0.053
mol_002_E,scan_1,1.5092,BD ( 1) C 3- C 4,BD*( 1) C 3- C 8,2.66,1.34,0.053
mol_002_E,scan_1,1.5092,BD ( 1) C 3- C 4,BD*( 1) C 4- C 5,2.04,1.37,0.047
mol_002_E,scan_1,1.5092,BD ( 1) C 3- C 4,BD*( 1) C 4- H 17,0.84,1.22,0.029
mol_002_E,scan_1,1.5092,BD ( 1) C 3- C 4,BD*( 1) C 5- H 18,2.4,1.23,0.048
mol_002_E,scan_1,1.5092,BD ( 1) C 3- C 4,BD*( 1) C 8- H 19,2.41,1.23,0.049
mol_002_E,scan_1,1.5092,BD ( 1) C 3- C 4,RY ( 1) O 2,1.15,1.43,0.036
mol_002_E,scan_1,1.5092,BD ( 1) C 3- C 4,RY ( 1) C 5,0.69,2.04,0.033
mol_002_E,scan_1,1.5092,BD ( 1) C 3- C 4,RY ( 2) C 5,1.73,1.9,0.051
mol_002_E,scan_1,1.5092,BD ( 1) C 3- C 4,RY ( 1) C 8,0.58,2.02,0.03
mol_002_E,scan_1,1.5092,BD ( 1) C 3- C 4,RY ( 2) C 8,0.99,2.17,0.041
mol_002_E,scan_1,1.5092,BD ( 1) C 3- C 8,BD*( 1) C 3- C 4,2.81,1.33,0.055
mol_002_E,scan_1,1.5092,BD ( 1) C 3- C 8,BD*( 1) C 4- H 17,1.78,1.23,0.042
mol_002_E,scan_1,1.5092,BD ( 1) C 3- C 8,BD*( 1) C 7- C 8,3.35,1.38,0.061
mol_002_E,scan_1,1.5092,BD ( 1) C 3- C 8,BD*( 1) C 7- C 9,3.89,1.22,0.062
mol_002_E,scan_1,1.5092,BD ( 1) C 3- C 8,BD*( 1) C 8- H 19,1.3,1.24,0.036
mol_002_E,scan_1,1.5092,BD ( 1) C 3- C 8,RY ( 2) C 1,0.51,1.75,0.027
mol_002_E,scan_1,1.5092,BD ( 1) C 3- C 8,RY ( 1) O 2,0.94,1.44,0.033
mol_002_E,scan_1,1.5092,BD ( 1) C 3- C 8,RY ( 1) C 4,1.14,2.09,0.044
mol_002_E,scan_1,1.5092,BD ( 1) C 3- C 8,RY ( 2) C 4,0.55,2.07,0.03
mol_002_E,scan_1,1.5092,BD ( 1) C 3- C 8,RY ( 1) C 7,1.49,2.22,0.051
mol_002_E,scan_1,1.5092,BD ( 1) C 3- C 8,RY ( 2) C 7,0.67,2.2,0.034
mol_002_E,scan_1,1.5092,BD ( 2) C 3- C 8,BD*( 2) C 3- C 8,1.29,0.39,0.02
mol_002_E,scan_1,1.5092,BD ( 2) C 3- C 8,BD*( 2) C 4- C 5,23.92,0.41,0.088
mol_002_E,scan_1,1.5092,BD ( 2) C 3- C 8,BD*( 2) C 6- C 7,47.62,0.4,0.123
mol_002_E,scan_1,1.5092,BD ( 2) C 3- C 8,RY ( 2) O 2,1.5,0.97,0.034
mol_002_E,scan_1,1.5092,BD ( 2) C 3- C 8,RY ( 3) C 4,1.89,0.97,0.038
mol_002_E,scan_1,1.5092,BD ( 2) C 3- C 8,RY ( 4) C 7,0.67,1.82,0.031
mol_002_E,scan_1,1.5092,BD ( 2) C 3- C 8,RY ( 8) C 7,0.7,1.61,0.03
mol_002_E,scan_1,1.5092,BD ( 2) C 3- C 8,RY ( 3) C 8,0.59,0.87,0.02
mol_002_E,scan_1,1.5092,BD ( 1) C 4- C 5,BD*( 1) O 2- C 3,3.01,1.16,0.053
mol_002_E,scan_1,1.5092,BD ( 1) C 4- C 5,BD*( 1) C 3- C 4,2.03,1.32,0.046
mol_002_E,scan_1,1.5092,BD ( 1) C 4- C 5,BD*( 1) C 4- H 17,1.27,1.22,0.035
mol_002_E,scan_1,1.5092,BD ( 1) C 4- C 5,BD*( 1) C 5- C 6,2.87,1.33,0.055
mol_002_E,scan_1,1.5092,BD ( 1) C 4- C 5,BD*( 1) C 5- H 18,1.15,1.23,0.033
mol_002_E,scan_1,1.5092,BD ( 1) C 4- C 5,BD*( 1) C 6- C 11,4.05,1.26,0.064
mol_002_E,scan_1,1.5092,BD ( 1) C 4- C 5,RY ( 1) C 3,1.62,2.13,0.052
mol_002_E,scan_1,1.5092,BD ( 1) C 4- C 5,RY ( 2) C 3,0.59,2.37,0.033
mol_002_E,scan_1,1.5092,BD ( 1) C 4- C 5,RY ( 1) C 6,2.04,2.0,0.057
mol_002_E,scan_1,1.5092,BD ( 1) C 4- C 5,RY ( 4) C 6,0.61,2.76,0.037
mol_002_E,scan_1,1.5092,BD ( 1) C 4- C 5,RY ( 1) H 18,0.8,1.64,0.032
mol_002_E,scan_1,1.5092,BD ( 2) C 4- C 5,BD*( 2) C 3- C 8,36.43,0.4,0.107
mol_002_E,scan_1,1.5092,BD ( 2) C 4- C 5,BD*( 2) C 6- C 7,25.89,0.4,0.091
mol_002_E,scan_1,1.5092,BD ( 2) C 4- C 5,RY ( 5) C 3,0.79,2.02,0.036
mol_002_E,scan_1,1.5092,BD ( 2) C 4- C 5,RY ( 3) C 6,0.87,1.04,0.027
mol_002_E,scan_1,1.5092,BD ( 1) C 4- H 17,BD*( 1) O 2- C 3,2.15,1.03,0.042
mol_002_E,scan_1,1.5092,BD ( 1) C 4- H 17,BD*( 1) C 3- C 8,4.27,1.21,0.064
mol_002_E,scan_1,1.5092,BD ( 1) C 4- H 17,BD*( 1) C 4- C 5,0.87,1.24,0.029
mol_002_E,scan_1,1.5092,BD ( 1) C 4- H 17,BD*( 1) C 5- C 6,3.36,1.2,0.057
mol_002_E,scan_1,1.5092,BD ( 1) C 4- H 17,BD*( 1) C 5- H 18,0.94,1.1,0.029
mol_002_E,scan_1,1.5092,BD ( 1) C 4- H 17,RY ( 1) C 3,0.56,2.0,0.03
mol_002_E,scan_1,1.5092,BD ( 1) C 4- H 17,RY ( 1) C 5,1.15,1.91,0.042
mol_002_E,scan_1,1.5092,BD ( 1) C 5- C 6,BD*( 1) C 4- C 5,2.63,1.36,0.053
mol_002_E,scan_1,1.5092,BD ( 1) C 5- C 6,BD*( 1) C 4- H 17,2.55,1.21,0.05
mol_002_E,scan_1,1.5092,BD ( 1) C 5- C 6,BD*( 1) C 5- H 18,1.06,1.22,0.032
mol_002_E,scan_1,1.5092,BD ( 1) C 5- C 6,BD*( 1) C 6- C 7,4.48,1.35,0.069
mol_002_E,scan_1,1.5092,BD ( 1) C 5- C 6,BD*( 1) C 6- C 11,3.24,1.25,0.057
mol_002_E,scan_1,1.5092,BD ( 1) C 5- C 6,BD*( 1) C 7- C 9,2.07,1.2,0.045
mol_002_E,scan_1,1.5092,BD ( 1) C 5- C 6,BD*( 1) C 10- C 11,1.09,1.17,0.032
mol_002_E,scan_1,1.5092,BD ( 1) C 5- C 6,RY ( 1) C 4,1.03,2.07,0.041
mol_002_E,scan_1,1.5092,BD ( 1) C 5- C 6,RY ( 2) C 4,1.54,2.05,0.05
mol_002_E,scan_1,1.5092,BD ( 1) C 5- C 6,RY ( 2) C 6,0.56,2.52,0.034
mol_002_E,scan_1,1.5092,BD ( 1) C 5- C 6,RY ( 6) C 6,0.83,4.53,0.055
mol_002_E,scan_1,1.5092,BD ( 1) C 5- C 6,RY ( 9) C 6,0.53,4.8,0.045
mol_002_E,scan_1,1.5092,BD ( 1) C 5- C 6,RY (16) C 6,0.64,16.24,0.091
mol_002_E,scan_1,1.5092,BD ( 1) C 5- C 6,RY ( 1) C 7,0.6,2.2,0.033
mol_002_E,scan_1,1.5092,BD ( 1) C 5- C 6,RY ( 2) C 7,0.53,2.18,0.03
mol_002_E,scan_1,1.5092,BD ( 1) C 5- C 6,RY ( 1) C 11,1.35,1.91,0.045
mol_002_E,scan_1,1.5092,BD ( 1) C 5- C 6,RY ( 8) C 11,0.86,4.67,0.057
mol_002_E,scan_1,1.5092,BD ( 1) C 5- H 18,BD*( 1) C 3- C 4,3.75,1.2,0.06
mol_002_E,scan_1,1.5092,BD ( 1) C 5- H 18,BD*( 1) C 4- C 5,0.84,1.25,0.029
mol_002_E,scan_1,1.5092,BD ( 1) C 5- H 18,BD*( 1) C 4- H 17,0.93,1.1,0.029
mol_002_E,scan_1,1.5092,BD ( 1) C 5- H 18,BD*( 1) C 5- C 6,0.59,1.21,0.024
mol_002_E,scan_1,1.5092,BD ( 1) C 5- H 18,BD*( 1) C 6- C 7,4.21,1.23,0.064
mol_002_E,scan_1,1.5092,BD ( 1) C 5- H 18,BD*( 1) C 6- C 11,0.52,1.14,0.022
mol_002_E,scan_1,1.5092,BD ( 1) C 5- H 18,RY ( 1) C 4,1.16,1.95,0.042
mol_002_E,scan_1,1.5092,BD ( 1) C 5- H 18,RY ( 1) C 6,0.91,1.88,0.037
mol_002_E,scan_1,1.5092,BD ( 1) C 5- H 18,RY ( 7) C 6,0.61,3.23,0.04
mol_002_E,scan_1,1.5092,BD ( 1) C 6- C 7,BD*( 1) C 5- C 6,4.39,1.32,0.068
mol_002_E,scan_1,1.5092,BD ( 1) C 6- C 7,BD*( 1) C 5- H 18,2.22,1.21,0.046
mol_002_E,scan_1,1.5092,BD ( 1) C 6- C 7,BD*( 1) C 6- C 11,2.35,1.25,0.048
mol_002_E,scan_1,1.5092,BD ( 1) C 6- C 7,BD*( 1) C 7- C 8,2.73,1.35,0.054
mol_002_E,scan_1,1.5092,BD ( 1) C 6- C 7,BD*( 1) C 7- C 9,1.31,1.2,0.035
mol_002_E,scan_1,1.5092,BD ( 1) C 6- C 7,BD*( 1) C 8- H 19,2.56,1.21,0.05
mol_002_E,scan_1,1.5092,BD ( 1) C 6- C 7,BD*( 1) C 9- H 20,0.5,1.17,0.022
mol_002_E,scan_1,1.5092,BD ( 1) C 6- C 7,BD*( 1) C 9- H 21,0.51,1.17,0.022
mol_002_E,scan_1,1.5092,BD ( 1) C 6- C 7,BD*( 1) C 11- N 12,2.8,1.34,0.055
mol_002_E,scan_1,1.5092,BD ( 1) C 6- C 7,RY ( 1) C 5,0.96,2.03,0.039
mol_002_E,scan_1,1.5092,BD ( 1) C 6- C 7,RY ( 1) C 8,1.64,2.0,0.051
mol_002_E,scan_1,1.5092,BD ( 1) C 6- C 7,RY ( 1) C 9,0.87,1.41,0.031
mol_002_E,scan_1,1.5092,BD ( 1) C 6- C 7,RY ( 1) C 11,0.53,1.9,0.028
mol_002_E,scan_1,1.5092,BD ( 2) C 6- C 7,BD*( 2) C 3- C 8,22.9,0.38,0.084
mol_002_E,scan_1,1.5092,BD ( 2) C 6- C 7,BD*( 2) C 4- C 5,35.23,0.4,0.106
mol_002_E,scan_1,1.5092,BD ( 2) C 6- C 7,BD*( 2) C 6- C 7,0.85,0.39,0.016
mol_002_E,scan_1,1.5092,BD ( 2) C 6- C 7,BD*( 1) C 9- H 20,3.41,0.8,0.047
mol_002_E,scan_1,1.5092,BD ( 2) C 6- C 7,BD*( 1) C 9- H 21,3.33,0.81,0.046
mol_002_E,scan_1,1.5092,BD ( 2) C 6- C 7,BD*( 2) C 11- N 12,45.03,0.37,0.116
mol_002_E,scan_1,1.5092,BD ( 2) C 6- C 7,RY ( 3) C 5,2.12,1.28,0.046
mol_002_E,scan_1,1.5092,BD ( 2) C 6- C 7,RY ( 3) C 8,2.13,0.86,0.038
mol_002_E,scan_1,1.5092,BD ( 2) C 6- C 7,RY ( 2) C 9,0.57,1.14,0.023
mol_002_E,scan_1,1.5092,BD ( 2) C 6- C 7,RY ( 3) C 11,1.14,1.94,0.042
mol_002_E,scan_1,1.5092,BD ( 1) C 6- C 11,BD*( 1) C 4- C 5,1.04,1.35,0.034
mol_002_E,scan_1,1.5092,BD ( 1) C 6- C 11,BD*( 1) C 5- C 6,3.03,1.32,0.056
mol_002_E,scan_1,1.5092,BD ( 1) C 6- C 11,BD*( 1) C 6- C 7,2.0,1.34,0.046
mol_002_E,scan_1,1.5092,BD ( 1) C 6- C 11,BD*( 1) C 7- C 8,3.41,1.35,0.061
mol_002_E,scan_1,1.5092,BD ( 1) C 6- C 11,BD*( 1) C 9- C 10,0.57,1.13,0.023
mol_002_E,scan_1,1.5092,BD ( 1) C 6- C 11,BD*( 1) C 10- C 11,0.9,1.16,0.029
mol_002_E,scan_1,1.5092,BD ( 1) C 6- C 11,BD*( 1) C 10- H 23,0.56,1.17,0.023
mol_002_E,scan_1,1.5092,BD ( 1) C 6- C 11,BD*( 1) C 11- N 12,1.63,1.34,0.042
mol_002_E,scan_1,1.5092,BD ( 1) C 6- C 11,BD*( 1) N 12- O 13,9.16,0.83,0.078
mol_002_E,scan_1,1.5092,BD ( 1) C 6- C 11,RY ( 1) C 5,1.4,2.03,0.047
mol_002_E,scan_1,1.5092,BD ( 1) C 6- C 11,RY ( 1) C 7,1.2,2.2,0.046
mol_002_E,scan_1,1.5092,BD ( 1) C 6- C 11,RY ( 1) C 10,0.97,1.49,0.034
mol_002_E,scan_1,1.5092,BD ( 1) C 6- C 11,RY ( 1) N 12,0.81,1.8,0.034
mol_002_E,scan_1,1.5092,BD ( 1) C 7- C 8,BD*( 1) O 2- C 3,4.12,1.16,0.062
mol_002_E,scan_1,1.5092,BD ( 1) C 7- C 8,BD*( 1) C 3- C 8,3.14,1.34,0.058
mol_002_E,scan_1,1.5092,BD ( 1) C 7- C 8,BD*( 1) C 6- C 7,3.08,1.35,0.058
mol_002_E,scan_1,1.5092,BD ( 1) C 7- C 8,BD*( 1) C 6- C 11,2.21,1.26,0.047
mol_002_E,scan_1,1.5092,BD ( 1) C 7- C 8,BD*( 1) C 7- C 9,1.64,1.21,0.04
mol_002_E,scan_1,1.5092,BD ( 1) C 7- C 8,BD*( 1) C 8- H 19,1.88,1.22,0.043
mol_002_E,scan_1,1.5092,BD ( 1) C 7- C 8,BD*( 1) C 9- C 10,0.54,1.15,0.022
mol_002_E,scan_1,1.5092,BD ( 1) C 7- C 8,RY ( 2) C 3,1.58,2.37,0.055
mol_002_E,scan_1,1.5092,BD ( 1) C 7- C 8,RY ( 1) C 6,0.75,2.0,0.035
mol_002_E,scan_1,1.5092,BD ( 1) C 7- C 8,RY ( 2) C 6,1.2,2.52,0.049
mol_002_E,scan_1,1.5092,BD ( 1) C 7- C 8,RY ( 1) C 9,0.9,1.42,0.032
mol_002_E,scan_1,1.5092,BD ( 1) C 7- C 8,RY ( 1) H 19,0.81,1.58,0.032
mol_002_E,scan_1,1.5092,BD ( 1) C 7- C 9,BD*( 1) C 3- C 8,1.86,1.27,0.043
mol_002_E,scan_1,1.5092,BD ( 1) C 7- C 9,BD*( 1) C 5- C 6,3.83,1.27,0.062
mol_002_E,scan_1,1.5092,BD ( 1) C 7- C 9,BD*( 1) C 6- C 7,1.21,1.29,0.035
mol_002_E,scan_1,1.5092,BD ( 1) C 7- C 9,BD*( 1) C 6- C 11,0.76,1.2,0.027
mol_002_E,scan_1,1.5092,BD ( 1) C 7- C 9,BD*( 1) C 7- C 8,1.84,1.3,0.044
mol_002_E,scan_1,1.5092,BD ( 1) C 7- C 9,BD*( 1) C 9- C 10,0.54,1.09,0.022
mol_002_E,scan_1,1.5092,BD ( 1) C 7- C 9,BD*( 1) C 9- H 20,0.57,1.12,0.023
mol_002_E,scan_1,1.5092,BD ( 1) C 7- C 9,BD*( 1) C 9- H 21,0.59,1.13,0.023
mol_002_E,scan_1,1.5092,BD ( 1) C 7- C 9,BD*( 1) C 10- C 11,0.94,1.11,0.029
mol_002_E,scan_1,1.5092,BD ( 1) C 7- C 9,BD*( 1) C 10- H 22,0.57,1.12,0.023
mol_002_E,scan_1,1.5092,BD ( 1) C 7- C 9,BD*( 1) C 10- H 23,0.67,1.12,0.025
mol_002_E,scan_1,1.5092,BD ( 1) C 7- C 9,RY ( 1) C 6,0.53,1.94,0.029
mol_002_E,scan_1,1.5092,BD ( 1) C 7- C 9,RY ( 2) C 6,0.56,2.46,0.033
mol_002_E,scan_1,1.5092,BD ( 1) C 7- C 9,RY ( 1) C 8,1.71,1.95,0.052
mol_002_E,scan_1,1.5092,BD ( 1) C 7- C 9,RY ( 3) C 10,0.8,1.68,0.033
mol_002_E,scan_1,1.5092,BD ( 1) C 8- H 19,BD*( 1) O 2- C 3,1.54,1.03,0.036
mol_002_E,scan_1,1.5092,BD ( 1) C 8- H 19,BD*( 1) C 3- C 4,3.96,1.19,0.061
mol_002_E,scan_1,1.5092,BD ( 1) C 8- H 19,BD*( 1) C 3- C 8,0.79,1.21,0.028
mol_002_E,scan_1,1.5092,BD ( 1) C 8- H 19,BD*( 1) C 6- C 7,4.45,1.23,0.066
mol_002_E,scan_1,1.5092,BD ( 1) C 8- H 19,BD*( 1) C 7- C 8,1.24,1.24,0.035
mol_002_E,scan_1,1.5092,BD ( 1) C 8- H 19,RY ( 1) C 3,0.95,2.01,0.039
mol_002_E,scan_1,1.5092,BD ( 1) C 8- H 19,RY ( 6) C 3,0.58,4.71,0.047
mol_002_E,scan_1,1.5092,BD ( 1) C 8- H 19,RY ( 1) C 7,1.54,2.09,0.051
mol_002_E,scan_1,1.5092,BD ( 1) C 9- C 10,BD*( 1) C 6- C 7,0.52,1.27,0.023
mol_002_E,scan_1,1.5092,BD ( 1) C 9- C 10,BD*( 1) C 6- C 11,0.6,1.18,0.024
mol_002_E,scan_1,1.5092,BD ( 1) C 9- C 10,BD*( 1) C 7- C 8,4.21,1.28,0.066
mol_002_E,scan_1,1.5092,BD ( 1) C 9- C 10,BD*( 1) C 7- C 9,0.68,1.12,0.025
mol_002_E,scan_1,1.5092,BD ( 1) C 9- C 10,BD*( 1) C 10- C 11,0.56,1.09,0.022
mol_002_E,scan_1,1.5092,BD ( 1) C 9- C 10,BD*( 1) C 11- N 12,4.71,1.27,0.069
mol_002_E,scan_1,1.5092,BD ( 1) C 9- C 10,RY ( 2) C 7,0.6,2.11,0.032
mol_002_E,scan_1,1.5092,BD ( 1) C 9- H 20,BD*( 1) C 6- C 7,1.24,1.21,0.035
mol_002_E,scan_1,1.5092,BD ( 1) C 9- H 20,BD*( 2) C 6- C 7,6.37,0.63,0.056
mol_002_E,scan_1,1.5092,BD ( 1) C 9- H 20,BD*( 1) C 10- C 11,0.56,1.03,0.021
mol_002_E,scan_1,1.5092,BD ( 1) C 9- H 20,BD*( 1) C 10- H 22,0.89,1.04,0.027
mol_002_E,scan_1,1.5092,BD ( 1) C 9- H 20,BD*( 1) C 10- H 23,1.21,1.04,0.032
mol_002_E,scan_1,1.5092,BD ( 1) C 9- H 20,RY ( 2) C 10,0.51,1.36,0.024
mol_002_E,scan_1,1.5092,BD ( 1) C 9- H 21,BD*( 1) C 6- C 7,1.29,1.21,0.035
mol_002_E,scan_1,1.5092,BD ( 1) C 9- H 21,BD*( 2) C 6- C 7,6.19,0.63,0.056
mol_002_E,scan_1,1.5092,BD ( 1) C 9- H 21,BD*( 1) C 10- C 11,0.68,1.03,0.024
mol_002_E,scan_1,1.5092,BD ( 1) C 9- H 21,BD*( 1) C 10- H 22,1.21,1.04,0.032
mol_002_E,scan_1,1.5092,BD ( 1) C 9- H 21,BD*( 1) C 10- H 23,0.73,1.04,0.025
mol_002_E,scan_1,1.5092,BD ( 1) C 9- H 21,RY ( 2) C 10,0.59,1.37,0.025
mol_002_E,scan_1,1.5092,BD ( 1) C 10- C 11,BD*( 1) C 5- C 6,3.93,1.3,0.064
mol_002_E,scan_1,1.5092,BD ( 1) C 10- C 11,BD*( 1) C 6- C 11,1.22,1.23,0.035
mol_002_E,scan_1,1.5092,BD ( 1) C 10- C 11,BD*( 1) C 7- C 9,0.64,1.18,0.024
mol_002_E,scan_1,1.5092,BD ( 1) C 10- C 11,BD*( 1) C 9- H 21,0.59,1.16,0.023
mol_002_E,scan_1,1.5092,BD ( 1) C 10- C 11,BD*( 1) C 11- N 12,0.71,1.32,0.027
mol_002_E,scan_1,1.5092,BD ( 1) C 10- C 11,BD*( 1) N 12- O 13,3.13,0.81,0.045
mol_002_E,scan_1,1.5092,BD ( 1) C 10- C 11,RY ( 1) C 6,0.78,1.97,0.035
mol_002_E,scan_1,1.5092,BD ( 1) C 10- C 11,RY ( 3) C 9,0.82,1.75,0.034
mol_002_E,scan_1,1.5092,BD ( 1) C 10- C 11,RY ( 1) N 12,1.72,1.79,0.05
mol_002_E,scan_1,1.5092,BD ( 1) C 10- H 22,BD*( 1) C 6- C 11,1.27,1.12,0.034
mol_002_E,scan_1,1.5092,BD ( 1) C 10- H 22,BD*( 1) C 9- H 20,0.82,1.05,0.026
mol_002_E,scan_1,1.5092,BD ( 1) C 10- H 22,BD*( 1) C 9- H 21,1.19,1.05,0.032
mol_002_E,scan_1,1.5092,BD ( 1) C 10- H 22,BD*( 2) C 11- N 12,9.48,0.62,0.068
mol_002_E,scan_1,1.5092,BD ( 1) C 10- H 22,RY ( 2) C 9,0.59,1.38,0.025
mol_002_E,scan_1,1.5092,BD ( 1) C 10- H 23,BD*( 1) C 6- C 11,1.5,1.12,0.037
mol_002_E,scan_1,1.5092,BD ( 1) C 10- H 23,BD*( 1) C 7- C 9,0.55,1.07,0.022
mol_002_E,scan_1,1.5092,BD ( 1) C 10- H 23,BD*( 1) C 9- H 20,1.18,1.05,0.031
mol_002_E,scan_1,1.5092,BD ( 1) C 10- H 23,BD*( 1) C 9- H 21,0.67,1.05,0.024
mol_002_E,scan_1,1.5092,BD ( 1) C 10- H 23,BD*( 2) C 11- N 12,8.7,0.62,0.065
mol_002_E,scan_1,1.5092,BD ( 1) C 10- H 23,RY ( 2) C 9,0.67,1.38,0.027
mol_002_E,scan_1,1.5092,BD ( 1) C 11- N 12,BD*( 1) C 6- C 7,0.78,1.58,0.031
mol_002_E,scan_1,1.5092,BD ( 1) C 11- N 12,BD*( 1) C 6- C 11,1.55,1.48,0.043
mol_002_E,scan_1,1.5092,BD ( 1) C 11- N 12,BD*( 1) C 10- C 11,1.46,1.4,0.04
mol_002_E,scan_1,1.5092,BD ( 1) C 11- N 12,RY ( 1) C 6,1.48,2.22,0.051
mol_002_E,scan_1,1.5092,BD ( 1) C 11- N 12,RY ( 2) C 6,0.9,2.74,0.044
mol_002_E,scan_1,1.5092,BD ( 1) C 11- N 12,RY ( 1) O 13,1.1,2.25,0.044
mol_002_E,scan_1,1.5092,BD ( 2) C 11- N 12,BD*( 2) C 6- C 7,6.52,0.53,0.052
mol_002_E,scan_1,1.5092,BD ( 2) C 11- N 12,BD*( 1) C 10- H 22,1.31,0.94,0.031
mol_002_E,scan_1,1.5092,BD ( 2) C 11- N 12,BD*( 1) C 10- H 23,1.17,0.94,0.03
mol_002_E,scan_1,1.5092,BD ( 2) C 11- N 12,BD*( 1) O 13- H 24,1.62,0.9,0.034
mol_002_E,scan_1,1.5092,BD ( 2) C 11- N 12,BD*( 1) O 13- H 25,0.68,0.91,0.022
mol_002_E,scan_1,1.5092,BD ( 2) C 11- N 12,RY ( 3) C 6,0.61,1.16,0.024
mol_002_E,scan_1,1.5092,BD ( 1) N 12- O 13,BD*( 1) C 6- C 11,4.66,1.39,0.072
mol_002_E,scan_1,1.5092,BD ( 1) N 12- O 13,BD*( 1) C 10- C 11,0.98,1.3,0.032
mol_002_E,scan_1,1.5092,BD ( 1) N 12- O 13,RY ( 2) C 11,2.2,2.08,0.06
mol_002_E,scan_1,1.5092,BD ( 1) O 13- H 24,BD*( 2) C 11- N 12,1.16,0.94,0.03
mol_002_E,scan_1,1.5092,BD ( 1) O 13- H 25,BD*( 1) C 11- N 12,0.79,1.54,0.031
mol_002_E,scan_1,1.5092,BD ( 1) O 13- H 25,BD*( 2) C 11- N 12,0.61,0.94,0.021
mol_002_E,scan_1,1.5092,BD ( 1) O 13- H 25,RY ( 2) C 11,0.66,2.14,0.034
mol_002_E,scan_2,1.9092,LP ( 1) O 2,BD*( 1) C 1- H 14,3.22,1.07,0.052
mol_002_E,scan_2,1.9092,LP ( 1) O 2,BD*( 1) C 1- H 15,0.78,1.06,0.026
mol_002_E,scan_2,1.9092,LP ( 1) O 2,BD*( 1) C 1- H 16,0.78,1.06,0.026
mol_002_E,scan_2,1.9092,LP ( 1) O 2,BD*( 1) C 3- C 4,1.32,1.2,0.035
mol_002_E,scan_2,1.9092,LP ( 1) O 2,BD*( 1) C 3- C 8,7.68,1.22,0.086
mol_002_E,scan_2,1.9092,LP ( 1) O 2,RY ( 1) C 1,2.12,2.18,0.061
mol_002_E,scan_2,1.9092,LP ( 1) O 2,RY ( 1) C 3,3.08,2.01,0.07
mol_002_E,scan_2,1.9092,LP ( 2) O 2,BD*( 1) C 1- H 15,6.35,0.88,0.067
mol_002_E,scan_2,1.9092,LP ( 2) O 2,BD*( 1) C 1- H 16,6.34,0.88,0.067
mol_002_E,scan_2,1.9092,LP ( 2) O 2,BD*( 2) C 3- C 8,48.99,0.47,0.136
mol_002_E,scan_2,1.9092,LP ( 2) O 2,RY ( 3) C 1,1.59,1.99,0.05
mol_002_E,scan_2,1.9092,LP ( 2) O 2,RY ( 3) C 3,2.7,2.03,0.066
mol_002_E,scan_2,1.9092,LP ( 1) N 12,BD*( 1) C 10- C 11,4.87,1.04,0.064
mol_002_E,scan_2,1.9092,LP ( 1) N 12,RY ( 1) C 11,9.0,1.54,0.105
mol_002_E,scan_2,1.9092,LP ( 1) O 13,BD*( 1) C 6- C 11,0.67,1.2,0.025
mol_002_E,scan_2,1.9092,LP ( 1) O 13,BD*( 1) C 9- C 10,0.59,1.12,0.023
mol_002_E,scan_2,1.9092,LP ( 1) O 13,RY ( 1) H 24,1.22,2.61,0.05
mol_002_E,scan_2,1.9092,LP ( 1) O 13,RY ( 1) H 25,1.2,2.56,0.05
mol_002_E,scan_2,1.9092,BD ( 1) C 1- O 2,BD*( 1) C 3- C 4,2.86,1.45,0.057
mol_002_E,scan_2,1.9092,BD ( 1) C 1- O 2,RY ( 2) C 3,2.29,2.52,0.068
mol_002_E,scan_2,1.9092,BD ( 1) C 1- H 14,BD*( 1) O 2- C 3,3.43,1.04,0.053
mol_002_E,scan_2,1.9092,BD ( 1) C 1- H 15,RY ( 2) O 2,0.7,1.22,0.026
mol_002_E,scan_2,1.9092,BD ( 1) C 1- H 16,RY ( 2) O 2,0.73,1.22,0.027
mol_002_E,scan_2,1.9092,BD ( 1) O 2- C 3,BD*( 1) C 4- C 5,1.02,1.59,0.036
mol_002_E,scan_2,1.9092,BD ( 1) O 2- C 3,BD*( 1) C 7- C 8,0.91,1.58,0.034
mol_002_E,scan_2,1.9092,BD ( 1) O 2- C 3,RY ( 2) C 1,1.23,1.96,0.044
mol_002_E,scan_2,1.9092,BD ( 1) O 2- C 3,RY ( 1) C 4,0.75,2.3,0.037
mol_002_E,scan_2,1.9092,BD ( 1) C 3- C 4,BD*( 1) C 1- O 2,3.33,1.07,0.053
mol_002_E,scan_2,1.9092,BD ( 1) C 3- C 4,BD*( 1) C 3- C 8,2.61,1.34,0.053
mol_002_E,scan_2,1.9092,BD ( 1) C 3- C 4,BD*( 1) C 4- C 5,1.99,1.37,0.047
mol_002_E,scan_2,1.9092,BD ( 1) C 3- C 4,BD*( 1) C 4- H 17,0.85,1.22,0.029
mol_002_E,scan_2,1.9092,BD ( 1) C 3- C 4,BD*( 1) C 5- H 18,2.37,1.23,0.048
mol_002_E,scan_2,1.9092,BD ( 1) C 3- C 4,BD*( 1) C 8- H 19,2.41,1.23,0.049
mol_002_E,scan_2,1.9092,BD ( 1) C 3- C 4,RY ( 1) O 2,1.21,1.44,0.037
mol_002_E,scan_2,1.9092,BD ( 1) C 3- C 4,RY ( 1) C 5,0.75,1.98,0.034
mol_002_E,scan_2,1.9092,BD ( 1) C 3- C 4,RY ( 2) C 5,1.67,1.97,0.051
mol_002_E,scan_2,1.9092,BD ( 1) C 3- C 4,RY ( 1) C 8,0.61,2.01,0.031
mol_002_E,scan_2,1.9092,BD ( 1) C 3- C 4,RY ( 2) C 8,0.98,2.19,0.041
mol_002_E,scan_2,1.9092,BD ( 1) C 3- C 8,BD*( 1) C 3- C 4,2.78,1.33,0.054
mol_002_E,scan_2,1.9092,BD ( 1) C 3- C 8,BD*( 1) C 4- H 17,1.78,1.23,0.042
mol_002_E,scan_2,1.9092,BD ( 1) C 3- C 8,BD*( 1) C 7- C 8,3.3,1.38,0.06
mol_002_E,scan_2,1.9092,BD ( 1) C 3- C 8,BD*( 1) C 7- C 9,3.85,1.22,0.061
mol_002_E,scan_2,1.9092,BD ( 1) C 3- C 8,BD*( 1) C 8- H 19,1.31,1.24,0.036
mol_002_E,scan_2,1.9092,BD ( 1) C 3- C 8,RY ( 2) C 1,0.51,1.75,0.027
mol_002_E,scan_2,1.9092,BD ( 1) C 3- C 8,RY ( 1) O 2,1.0,1.45,0.034
mol_002_E,scan_2,1.9092,BD ( 1) C 3- C 8,RY ( 1) C 4,1.13,2.09,0.043
mol_002_E,scan_2,1.9092,BD ( 1) C 3- C 8,RY ( 2) C 4,0.56,2.09,0.031
mol_002_E,scan_2,1.9092,BD ( 1) C 3- C 8,RY ( 1) C 7,1.41,2.25,0.05
mol_002_E,scan_2,1.9092,BD ( 1) C 3- C 8,RY ( 2) C 7,0.69,2.21,0.035
mol_002_E,scan_2,1.9092,BD ( 2) C 3- C 8,BD*( 2) C 3- C 8,1.35,0.39,0.021
mol_002_E,scan_2,1.9092,BD ( 2) C 3- C 8,BD*( 2) C 4- C 5,23.82,0.41,0.088
mol_002_E,scan_2,1.9092,BD ( 2) C 3- C 8,BD*( 2) C 6- C 7,49.82,0.39,0.125
mol_002_E,scan_2,1.9092,BD ( 2) C 3- C 8,RY ( 2) O 2,1.61,0.96,0.035
mol_002_E,scan_2,1.9092,BD ( 2) C 3- C 8,RY ( 3) C 4,1.86,0.97,0.038
mol_002_E,scan_2,1.9092,BD ( 2) C 3- C 8,RY ( 4) C 7,0.59,1.74,0.029
mol_002_E,scan_2,1.9092,BD ( 2) C 3- C 8,RY ( 8) C 7,0.79,1.6,0.032
mol_002_E,scan_2,1.9092,BD ( 2) C 3- C 8,RY ( 3) C 8,0.62,0.88,0.021
mol_002_E,scan_2,1.9092,BD ( 1) C 4- C 5,BD*( 1) O 2- C 3,2.95,1.17,0.052
mol_002_E,scan_2,1.9092,BD ( 1) C 4- C 5,BD*( 1) C 3- C 4,2.0,1.32,0.046
mol_002_E,scan_2,1.9092,BD ( 1) C 4- C 5,BD*( 1) C 4- H 17,1.27,1.22,0.035
mol_002_E,scan_2,1.9092,BD ( 1) C 4- C 5,BD*( 1) C 5- C 6,2.98,1.33,0.056
mol_002_E,scan_2,1.9092,BD ( 1) C 4- C 5,BD*( 1) C 5- H 18,1.19,1.23,0.034
mol_002_E,scan_2,1.9092,BD ( 1) C 4- C 5,BD*( 1) C 6- C 11,4.44,1.23,0.066
mol_002_E,scan_2,1.9092,BD ( 1) C 4- C 5,RY ( 1) C 3,1.62,2.13,0.052
mol_002_E,scan_2,1.9092,BD ( 1) C 4- C 5,RY ( 2) C 3,0.6,2.39,0.034
mol_002_E,scan_2,1.9092,BD ( 1) C 4- C 5,RY ( 1) C 6,2.08,2.01,0.058
mol_002_E,scan_2,1.9092,BD ( 1) C 4- C 5,RY ( 6) C 6,0.52,2.76,0.034
mol_002_E,scan_2,1.9092,BD ( 1) C 4- C 5,RY ( 1) H 18,0.9,1.73,0.035
mol_002_E,scan_2,1.9092,BD ( 2) C 4- C 5,BD*( 2) C 3- C 8,36.21,0.4,0.107
mol_002_E,scan_2,1.9092,BD ( 2) C 4- C 5,BD*( 2) C 6- C 7,26.24,0.4,0.091
mol_002_E,scan_2,1.9092,BD ( 2) C 4- C 5,RY ( 5) C 3,0.78,2.02,0.035
mol_002_E,scan_2,1.9092,BD ( 2) C 4- C 5,RY ( 3) C 6,0.75,0.99,0.024
mol_002_E,scan_2,1.9092,BD ( 2) C 4- C 5,RY ( 5) C 6,0.53,2.04,0.029
mol_002_E,scan_2,1.9092,BD ( 1) C 4- H 17,BD*( 1) O 2- C 3,2.15,1.04,0.042
mol_002_E,scan_2,1.9092,BD ( 1) C 4- H 17,BD*( 1) C 3- C 8,4.26,1.21,0.064
mol_002_E,scan_2,1.9092,BD ( 1) C 4- H 17,BD*( 1) C 4- C 5,0.87,1.24,0.029
mol_002_E,scan_2,1.9092,BD ( 1) C 4- H 17,BD*( 1) C 5- C 6,3.41,1.2,0.057
mol_002_E,scan_2,1.9092,BD ( 1) C 4- H 17,BD*( 1) C 5- H 18,0.97,1.1,0.029
mol_002_E,scan_2,1.9092,BD ( 1) C 4- H 17,RY ( 1) C 3,0.54,2.0,0.029
mol_002_E,scan_2,1.9092,BD ( 1) C 4- H 17,RY ( 1) C 5,1.12,1.85,0.041
mol_002_E,scan_2,1.9092,BD ( 1) C 5- C 6,BD*( 1) C 4- C 5,2.7,1.37,0.054
mol_002_E,scan_2,1.9092,BD ( 1) C 5- C 6,BD*( 1) C 4- H 17,2.46,1.22,0.049
mol_002_E,scan_2,1.9092,BD ( 1) C 5- C 6,BD*( 1) C 5- H 18,1.11,1.23,0.033
mol_002_E,scan_2,1.9092,BD ( 1) C 5- C 6,BD*( 1) C 6- C 7,4.77,1.35,0.072
mol_002_E,scan_2,1.9092,BD ( 1) C 5- C 6,BD*( 1) C 6- C 11,3.13,1.23,0.055
mol_002_E,scan_2,1.9092,BD ( 1) C 5- C 6,BD*( 1) C 7- C 9,2.0,1.21,0.044
mol_002_E,scan_2,1.9092,BD ( 1) C 5- C 6,BD*( 1) C 10- C 11,1.0,1.16,0.03
mol_002_E,scan_2,1.9092,BD ( 1) C 5- C 6,RY ( 1) C 4,1.1,2.08,0.043
mol_002_E,scan_2,1.9092,BD ( 1) C 5- C 6,RY ( 2) C 4,1.6,2.07,0.051
mol_002_E,scan_2,1.9092,BD ( 1) C 5- C 6,RY ( 2) C 6,0.99,2.56,0.045
mol_002_E,scan_2,1.9092,BD ( 1) C 5- C 6,RY ( 4) C 6,1.54,6.27,0.088
mol_002_E,scan_2,1.9092,BD ( 1) C 5- C 6,RY ( 9) C 6,1.11,6.37,0.075
mol_002_E,scan_2,1.9092,BD ( 1) C 5- C 6,RY (10) C 6,0.56,4.12,0.043
mol_002_E,scan_2,1.9092,BD ( 1) C 5- C 6,RY (16) C 6,1.25,9.58,0.098
mol_002_E,scan_2,1.9092,BD ( 1) C 5- C 6,RY ( 1) C 7,0.66,2.24,0.034
mol_002_E,scan_2,1.9092,BD ( 1) C 5- C 6,RY ( 2) C 7,0.66,2.19,0.034
mol_002_E,scan_2,1.9092,BD ( 1) C 5- C 6,RY ( 6) C 7,0.7,4.51,0.05
mol_002_E,scan_2,1.9092,BD ( 1) C 5- C 6,RY ( 1) C 11,1.11,1.66,0.038
mol_002_E,scan_2,1.9092,BD ( 1) C 5- C 6,RY ( 6) C 11,0.72,13.24,0.087
mol_002_E,scan_2,1.9092,BD ( 1) C 5- H 18,BD*( 1) C 3- C 4,3.72,1.2,0.06
mol_002_E,scan_2,1.9092,BD ( 1) C 5- H 18,BD*( 1) C 4- C 5,0.91,1.25,0.03
mol_002_E,scan_2,1.9092,BD ( 1) C 5- H 18,BD*( 1) C 4- H 17,0.94,1.1,0.029
mol_002_E,scan_2,1.9092,BD ( 1) C 5- H 18,BD*( 1) C 5- C 6,0.59,1.21,0.024
mol_002_E,scan_2,1.9092,BD ( 1) C 5- H 18,BD*( 1) C 6- C 7,4.28,1.23,0.065
mol_002_E,scan_2,1.9092,BD ( 1) C 5- H 18,BD*( 1) C 6- C 11,0.57,1.11,0.023
mol_002_E,scan_2,1.9092,BD ( 1) C 5- H 18,RY ( 1) C 4,1.19,1.96,0.043
mol_002_E,scan_2,1.9092,BD ( 1) C 5- H 18,RY ( 1) C 6,0.87,1.89,0.036
mol_002_E,scan_2,1.9092,BD ( 1) C 6- C 7,BD*( 1) C 5- C 6,4.42,1.32,0.068
mol_002_E,scan_2,1.9092,BD ( 1) C 6- C 7,BD*( 1) C 5- H 18,2.12,1.22,0.045
mol_002_E,scan_2,1.9092,BD ( 1) C 6- C 7,BD*( 1) C 6- C 11,2.09,1.22,0.045
mol_002_E,scan_2,1.9092,BD ( 1) C 6- C 7,BD*( 1) C 7- C 8,2.65,1.36,0.053
mol_002_E,scan_2,1.9092,BD ( 1) C 6- C 7,BD*( 1) C 7- C 9,1.39,1.2,0.037
mol_002_E,scan_2,1.9092,BD ( 1) C 6- C 7,BD*( 1) C 8- H 19,2.49,1.22,0.049
mol_002_E,scan_2,1.9092,BD ( 1) C 6- C 7,BD*( 1) C 11- N 12,2.63,1.37,0.054
mol_002_E,scan_2,1.9092,BD ( 1) C 6- C 7,BD*( 1) N 12- O 13,0.74,0.64,0.019
mol_002_E,scan_2,1.9092,BD ( 1) C 6- C 7,RY ( 1) C 5,0.98,1.97,0.039
mol_002_E,scan_2,1.9092,BD ( 1) C 6- C 7,RY ( 1) C 8,1.64,2.0,0.051
mol_002_E,scan_2,1.9092,BD ( 1) C 6- C 7,RY ( 1) C 9,0.89,1.43,0.032
mol_002_E,scan_2,1.9092,BD ( 1) C 6- C 7,RY ( 1) C 11,0.54,1.65,0.027
mol_002_E,scan_2,1.9092,BD ( 1) C 6- C 7,RY ( 3) C 11,0.8,2.08,0.036
mol_002_E,scan_2,1.9092,BD ( 2) C 6- C 7,BD*( 2) C 3- C 8,21.76,0.39,0.082
mol_002_E,scan_2,1.9092,BD ( 2) C 6- C 7,BD*( 2) C 4- C 5,34.59,0.41,0.106
mol_002_E,scan_2,1.9092,BD ( 2) C 6- C 7,BD*( 2) C 6- C 7,0.77,0.39,0.015
mol_002_E,scan_2,1.9092,BD ( 2) C 6- C 7,BD*( 1) C 9- H 20,3.25,0.81,0.046
mol_002_E,scan_2,1.9092,BD ( 2) C 6- C 7,BD*( 1) C 9- H 21,3.27,0.81,0.046
mol_002_E,scan_2,1.9092,BD ( 2) C 6- C 7,BD*( 2) C 11- N 12,43.73,0.38,0.115
mol_002_E,scan_2,1.9092,BD ( 2) C 6- C 7,RY ( 3) C 5,2.19,1.3,0.048
mol_002_E,scan_2,1.9092,BD ( 2) C 6- C 7,RY ( 3) C 8,2.06,0.88,0.038
mol_002_E,scan_2,1.9092,BD ( 2) C 6- C 7,RY ( 2) C 9,0.56,1.14,0.023
mol_002_E,scan_2,1.9092,BD ( 2) C 6- C 7,RY ( 2) C 11,1.05,2.0,0.041
mol_002_E,scan_2,1.9092,BD ( 2) C 6- C 7,RY (10) C 11,0.65,1.31,0.026
mol_002_E,scan_2,1.9092,BD ( 1) C 6- C 11,BD*( 1) C 4- C 5,1.01,1.35,0.033
mol_002_E,scan_2,1.9092,BD ( 1) C 6- C 11,BD*( 1) C 5- C 6,2.38,1.31,0.05
mol_002_E,scan_2,1.9092,BD ( 1) C 6- C 11,BD*( 1) C 6- C 7,1.46,1.33,0.039
mol_002_E,scan_2,1.9092,BD ( 1) C 6- C 11,BD*( 1) C 7- C 8,3.36,1.35,0.06
mol_002_E,scan_2,1.9092,BD ( 1) C 6- C 11,BD*( 1) C 9- C 10,0.59,1.13,0.023
mol_002_E,scan_2,1.9092,BD ( 1) C 6- C 11,BD*( 1) C 10- C 11,1.12,1.14,0.032
mol_002_E,scan_2,1.9092,BD ( 1) C 6- C 11,BD*( 1) C 11- N 12,1.66,1.36,0.042
mol_002_E,scan_2,1.9092,BD ( 1) C 6- C 11,BD*( 1) N 12- O 13,21.03,0.63,0.103
mol_002_E,scan_2,1.9092,BD ( 1) C 6- C 11,RY ( 1) C 5,1.31,1.96,0.045
mol_002_E,scan_2,1.9092,BD ( 1) C 6- C 11,RY ( 1) C 7,1.29,2.22,0.048
mol_002_E,scan_2,1.9092,BD ( 1) C 6- C 11,RY ( 1) C 10,0.77,1.47,0.03
mol_002_E,scan_2,1.9092,BD ( 1) C 6- C 11,RY ( 1) N 12,1.54,1.68,0.045
mol_002_E,scan_2,1.9092,BD ( 1) C 7- C 8,BD*( 1) O 2- C 3,3.99,1.16,0.061
mol_002_E,scan_2,1.9092,BD ( 1) C 7- C 8,BD*( 1) C 3- C 8,3.11,1.34,0.058
mol_002_E,scan_2,1.9092,BD ( 1) C 7- C 8,BD*( 1) C 6- C 7,3.19,1.35,0.059
mol_002_E,scan_2,1.9092,BD ( 1) C 7- C 8,BD*( 1) C 6- C 11,2.35,1.23,0.048
mol_002_E,scan_2,1.9092,BD ( 1) C 7- C 8,BD*( 1) C 7- C 9,1.64,1.21,0.04
mol_002_E,scan_2,1.9092,BD ( 1) C 7- C 8,BD*( 1) C 8- H 19,1.86,1.23,0.043
mol_002_E,scan_2,1.9092,BD ( 1) C 7- C 8,BD*( 1) C 9- C 10,0.55,1.15,0.022
mol_002_E,scan_2,1.9092,BD ( 1) C 7- C 8,RY ( 2) C 3,1.53,2.39,0.054
mol_002_E,scan_2,1.9092,BD ( 1) C 7- C 8,RY ( 1) C 6,0.92,2.01,0.038
mol_002_E,scan_2,1.9092,BD ( 1) C 7- C 8,RY ( 2) C 6,1.18,2.56,0.049
mol_002_E,scan_2,1.9092,BD ( 1) C 7- C 8,RY ( 1) C 9,0.84,1.44,0.031
mol_002_E,scan_2,1.9092,BD ( 1) C 7- C 8,RY ( 1) H 19,0.83,1.6,0.032
mol_002_E,scan_2,1.9092,BD ( 1) C 7- C 9,BD*( 1) C 3- C 8,1.84,1.28,0.043
mol_002_E,scan_2,1.9092,BD ( 1) C 7- C 9,BD*( 1) C 5- C 6,3.74,1.27,0.061
mol_002_E,scan_2,1.9092,BD ( 1) C 7- C 9,BD*( 1) C 6- C 7,1.19,1.29,0.035
mol_002_E,scan_2,1.9092,BD ( 1) C 7- C 9,BD*( 1) C 6- C 11,0.79,1.17,0.027
mol_002_E,scan_2,1.9092,BD ( 1) C 7- C 9,BD*( 1) C 7- C 8,1.95,1.3,0.045
mol_002_E,scan_2,1.9092,BD ( 1) C 7- C 9,BD*( 1) C 9- C 10,0.51,1.09,0.021
mol_002_E,scan_2,1.9092,BD ( 1) C 7- C 9,BD*( 1) C 9- H 20,0.61,1.13,0.023
mol_002_E,scan_2,1.9092,BD ( 1) C 7- C 9,BD*( 1) C 9- H 21,0.61,1.13,0.023
mol_002_E,scan_2,1.9092,BD ( 1) C 7- C 9,BD*( 1) C 10- C 11,0.99,1.1,0.029
mol_002_E,scan_2,1.9092,BD ( 1) C 7- C 9,BD*( 1) C 10- H 22,0.63,1.13,0.024
mol_002_E,scan_2,1.9092,BD ( 1) C 7- C 9,BD*( 1) C 10- H 23,0.61,1.13,0.023
mol_002_E,scan_2,1.9092,BD ( 1) C 7- C 9,RY ( 1) C 6,0.6,1.95,0.031
mol_002_E,scan_2,1.9092,BD ( 1) C 7- C 9,RY ( 1) C 8,1.7,1.95,0.051
mol_002_E,scan_2,1.9092,BD ( 1) C 7- C 9,RY ( 3) C 10,0.8,1.78,0.034
mol_002_E,scan_2,1.9092,BD ( 1) C 8- H 19,BD*( 1) O 2- C 3,1.54,1.04,0.036
mol_002_E,scan_2,1.9092,BD ( 1) C 8- H 19,BD*( 1) C 3- C 4,3.95,1.19,0.061
mol_002_E,scan_2,1.9092,BD ( 1) C 8- H 19,BD*( 1) C 3- C 8,0.79,1.21,0.028
mol_002_E,scan_2,1.9092,BD ( 1) C 8- H 19,BD*( 1) C 6- C 7,4.52,1.22,0.066
mol_002_E,scan_2,1.9092,BD ( 1) C 8- H 19,BD*( 1) C 7- C 8,1.24,1.24,0.035
mol_002_E,scan_2,1.9092,BD ( 1) C 8- H 19,RY ( 1) C 3,0.93,2.01,0.039
mol_002_E,scan_2,1.9092,BD ( 1) C 8- H 19,RY ( 6) C 3,0.59,5.08,0.049
mol_002_E,scan_2,1.9092,BD ( 1) C 8- H 19,RY ( 1) C 7,1.57,2.11,0.051
mol_002_E,scan_2,1.9092,BD ( 1) C 9- C 10,BD*( 1) C 6- C 7,0.5,1.27,0.023
mol_002_E,scan_2,1.9092,BD ( 1) C 9- C 10,BD*( 1) C 6- C 11,0.63,1.15,0.024
mol_002_E,scan_2,1.9092,BD ( 1) C 9- C 10,BD*( 1) C 7- C 8,4.25,1.28,0.066
mol_002_E,scan_2,1.9092,BD ( 1) C 9- C 10,BD*( 1) C 7- C 9,0.68,1.13,0.025
mol_002_E,scan_2,1.9092,BD ( 1) C 9- C 10,BD*( 1) C 11- N 12,4.62,1.3,0.069
mol_002_E,scan_2,1.9092,BD ( 1) C 9- C 10,RY ( 2) C 7,0.6,2.12,0.032
mol_002_E,scan_2,1.9092,BD ( 1) C 9- C 10,RY ( 4) C 11,0.68,2.07,0.033
mol_002_E,scan_2,1.9092,BD ( 1) C 9- H 20,BD*( 1) C 6- C 7,1.33,1.2,0.036
mol_002_E,scan_2,1.9092,BD ( 1) C 9- H 20,BD*( 2) C 6- C 7,6.53,0.62,0.057
mol_002_E,scan_2,1.9092,BD ( 1) C 9- H 20,BD*( 1) C 10- C 11,0.73,1.01,0.024
mol_002_E,scan_2,1.9092,BD ( 1) C 9- H 20,BD*( 1) C 10- H 22,0.84,1.04,0.026
mol_002_E,scan_2,1.9092,BD ( 1) C 9- H 20,BD*( 1) C 10- H 23,1.22,1.04,0.032
mol_002_E,scan_2,1.9092,BD ( 1) C 9- H 20,RY ( 2) C 10,0.57,1.37,0.025
mol_002_E,scan_2,1.9092,BD ( 1) C 9- H 21,BD*( 1) C 6- C 7,1.31,1.2,0.035
mol_002_E,scan_2,1.9092,BD ( 1) C 9- H 21,BD*( 2) C 6- C 7,6.6,0.62,0.057
mol_002_E,scan_2,1.9092,BD ( 1) C 9- H 21,BD*( 1) C 10- C 11,0.7,1.01,0.024
mol_002_E,scan_2,1.9092,BD ( 1) C 9- H 21,BD*( 1) C 10- H 22,1.22,1.04,0.032
mol_002_E,scan_2,1.9092,BD ( 1) C 9- H 21,BD*( 1) C 10- H 23,0.87,1.04,0.027
mol_002_E,scan_2,1.9092,BD ( 1) C 9- H 21,RY ( 2) C 10,0.54,1.37,0.024
mol_002_E,scan_2,1.9092,BD ( 1) C 10- C 11,BD*( 1) C 5- C 6,3.77,1.3,0.062
mol_002_E,scan_2,1.9092,BD ( 1) C 10- C 11,BD*( 1) C 6- C 11,1.35,1.2,0.036
mol_002_E,scan_2,1.9092,BD ( 1) C 10- C 11,BD*( 1) C 7- C 9,0.57,1.18,0.023
mol_002_E,scan_2,1.9092,BD ( 1) C 10- C 11,BD*( 1) C 9- H 20,0.53,1.16,0.022
mol_002_E,scan_2,1.9092,BD ( 1) C 10- C 11,BD*( 1) C 9- H 21,0.51,1.16,0.022
mol_002_E,scan_2,1.9092,BD ( 1) C 10- C 11,BD*( 1) C 11- N 12,0.83,1.35,0.03
mol_002_E,scan_2,1.9092,BD ( 1) C 10- C 11,BD*( 1) N 12- O 13,9.15,0.61,0.067
mol_002_E,scan_2,1.9092,BD ( 1) C 10- C 11,RY ( 1) C 6,0.75,1.98,0.034
mol_002_E,scan_2,1.9092,BD ( 1) C 10- C 11,RY ( 3) C 9,0.79,1.76,0.033
mol_002_E,scan_2,1.9092,BD ( 1) C 10- C 11,RY ( 1) N 12,1.73,1.67,0.048
mol_002_E,scan_2,1.9092,BD ( 1) C 10- H 22,BD*( 1) C 6- C 11,1.38,1.1,0.035
mol_002_E,scan_2,1.9092,BD ( 1) C 10- H 22,BD*( 1) C 9- H 20,0.71,1.06,0.024
mol_002_E,scan_2,1.9092,BD ( 1) C 10- H 22,BD*( 1) C 9- H 21,1.19,1.06,0.032
mol_002_E,scan_2,1.9092,BD ( 1) C 10- H 22,BD*( 2) C 11- N 12,8.99,0.62,0.067
mol_002_E,scan_2,1.9092,BD ( 1) C 10- H 22,BD*( 1) N 12- O 13,0.55,0.51,0.015
mol_002_E,scan_2,1.9092,BD ( 1) C 10- H 22,RY ( 2) C 9,0.71,1.38,0.028
mol_002_E,scan_2,1.9092,BD ( 1) C 10- H 23,BD*( 1) C 6- C 11,1.35,1.1,0.034
mol_002_E,scan_2,1.9092,BD ( 1) C 10- H 23,BD*( 1) C 9- H 20,1.19,1.06,0.032
mol_002_E,scan_2,1.9092,BD ( 1) C 10- H 23,BD*( 1) C 9- H 21,0.74,1.06,0.025
mol_002_E,scan_2,1.9092,BD ( 1) C 10- H 23,BD*( 2) C 11- N 12,9.21,0.62,0.068
mol_002_E,scan_2,1.9092,BD ( 1) C 10- H 23,BD*( 1) N 12- O 13,0.54,0.51,0.015
mol_002_E,scan_2,1.9092,BD ( 1) C 10- H 23,RY ( 2) C 9,0.67,1.38,0.027
mol_002_E,scan_2,1.9092,BD ( 1) C 11- N 12,BD*( 1) C 6- C 7,0.68,1.6,0.029
mol_002_E,scan_2,1.9092,BD ( 1) C 11- N 12,BD*( 1) C 6- C 11,1.53,1.48,0.042
mol_002_E,scan_2,1.9092,BD ( 1) C 11- N 12,BD*( 1) C 10- C 11,2.13,1.4,0.049
mol_002_E,scan_2,1.9092,BD ( 1) C 11- N 12,RY ( 1) C 6,1.68,2.25,0.055
mol_002_E,scan_2,1.9092,BD ( 1) C 11- N 12,RY ( 2) C 6,1.03,2.81,0.048
mol_002_E,scan_2,1.9092,BD ( 1) C 11- N 12,RY ( 6) C 11,0.6,13.48,0.08
mol_002_E,scan_2,1.9092,BD ( 2) C 11- N 12,BD*( 2) C 6- C 7,5.9,0.54,0.05
mol_002_E,scan_2,1.9092,BD ( 2) C 11- N 12,BD*( 1) C 10- H 22,1.03,0.96,0.028
mol_002_E,scan_2,1.9092,BD ( 2) C 11- N 12,BD*( 1) C 10- H 23,1.04,0.96,0.028
mol_002_E,scan_2,1.9092,BD ( 2) C 11- N 12,RY ( 3) C 6,0.54,1.13,0.022
mol_002_E,scan_2,1.9092,BD ( 1) N 12- O 13,BD*( 1) C 6- C 11,5.64,1.1,0.07
mol_002_E,scan_2,1.9092,BD ( 1) N 12- O 13,BD*( 1) C 10- C 11,2.26,1.03,0.043
mol_002_E,scan_2,1.9092,BD ( 1) N 12- O 13,RY ( 4) C 11,0.78,2.03,0.035
mol_002_E,scan_2,1.9092,BD ( 1) N 12- O 13,RY ( 2) H 24,0.54,2.36,0.032
mol_002_E,sp2,1.6092,LP ( 1) O 2,BD*( 1) C 1- H 14,3.23,1.07,0.053
mol_002_E,sp2,1.6092,LP ( 1) O 2,BD*( 1) C 1- H 15,0.79,1.06,0.026
mol_002_E,sp2,1.6092,LP ( 1) O 2,BD*( 1) C 1- H 16,0.79,1.06,0.026
mol_002_E,sp2,1.6092,LP ( 1) O 2,BD*( 1) C 3- C 4,1.29,1.2,0.035
mol_002_E,sp2,1.6092,LP ( 1) O 2,BD*( 1) C 3- C 8,7.62,1.22,0.086
mol_002_E,sp2,1.6092,LP ( 1) O 2,RY ( 1) C 1,2.13,2.17,0.061
mol_002_E,sp2,1.6092,LP ( 1) O 2,RY ( 1) C 3,3.05,2.01,0.07
mol_002_E,sp2,1.6092,LP ( 2) O 2,BD*( 1) C 1- H 15,6.37,0.88,0.067
mol_002_E,sp2,1.6092,LP ( 2) O 2,BD*( 1) C 1- H 16,6.43,0.88,0.067
mol_002_E,sp2,1.6092,LP ( 2) O 2,BD*( 2) C 3- C 8,48.13,0.47,0.134
mol_002_E,sp2,1.6092,LP ( 2) O 2,RY ( 3) C 1,1.6,1.99,0.05
mol_002_E,sp2,1.6092,LP ( 2) O 2,RY ( 3) C 3,2.64,2.03,0.065
mol_002_E,sp2,1.6092,LP ( 1) N 12,BD*( 1) C 10- C 11,7.11,1.02,0.076
mol_002_E,sp2,1.6092,LP ( 1) N 12,RY ( 1) C 11,6.8,1.67,0.095
mol_002_E,sp2,1.6092,LP ( 1) N 12,RY (13) N 12,0.56,13.3,0.077
mol_002_E,sp2,1.6092,LP ( 1) O 13,BD*( 1) C 6- C 11,1.07,1.21,0.032
mol_002_E,sp2,1.6092,LP ( 1) O 13,BD*( 1) C 9- C 10,0.69,1.11,0.025
mol_002_E,sp2,1.6092,LP ( 1) O 13,RY ( 1) H 24,1.27,2.66,0.052
mol_002_E,sp2,1.6092,LP ( 1) O 13,RY ( 1) H 25,1.26,2.59,0.051
mol_002_E,sp2,1.6092,BD ( 1) C 1- O 2,BD*( 1) C 3- C 4,2.83,1.45,0.057
mol_002_E,sp2,1.6092,BD ( 1) C 1- O 2,RY ( 2) C 3,2.29,2.51,0.068
mol_002_E,sp2,1.6092,BD ( 1) C 1- H 14,BD*( 1) O 2- C 3,3.43,1.04,0.053
mol_002_E,sp2,1.6092,BD ( 1) C 1- H 15,RY ( 2) O 2,0.79,1.22,0.028
mol_002_E,sp2,1.6092,BD ( 1) C 1- H 16,RY ( 2) O 2,0.58,1.22,0.024
mol_002_E,sp2,1.6092,BD ( 1) O 2- C 3,BD*( 1) C 4- C 5,1.03,1.59,0.036
mol_002_E,sp2,1.6092,BD ( 1) O 2- C 3,BD*( 1) C 7- C 8,0.91,1.58,0.034
mol_002_E,sp2,1.6092,BD ( 1) O 2- C 3,RY ( 2) C 1,1.24,1.96,0.044
mol_002_E,sp2,1.6092,BD ( 1) O 2- C 3,RY ( 1) C 4,0.75,2.29,0.037
mol_002_E,sp2,1.6092,BD ( 1) C 3- C 4,BD*( 1) C 1- O 2,3.31,1.07,0.053
mol_002_E,sp2,1.6092,BD ( 1) C 3- C 4,BD*( 1) C 3- C 8,2.65,1.34,0.053
mol_002_E,sp2,1.6092,BD ( 1) C 3- C 4,BD*( 1) C 4- C 5,2.03,1.37,0.047
mol_002_E,sp2,1.6092,BD ( 1) C 3- C 4,BD*( 1) C 4- H 17,0.85,1.22,0.029
mol_002_E,sp2,1.6092,BD ( 1) C 3- C 4,BD*( 1) C 5- H 18,2.4,1.23,0.048
mol_002_E,sp2,1.6092,BD ( 1) C 3- C 4,BD*( 1) C 8- H 19,2.41,1.23,0.049
mol_002_E,sp2,1.6092,BD ( 1) C 3- C 4,RY ( 1) O 2,1.16,1.43,0.036
mol_002_E,sp2,1.6092,BD ( 1) C 3- C 4,RY ( 1) C 5,0.71,2.02,0.034
mol_002_E,sp2,1.6092,BD ( 1) C 3- C 4,RY ( 2) C 5,1.7,1.92,0.051
mol_002_E,sp2,1.6092,BD ( 1) C 3- C 4,RY ( 1) C 8,0.58,2.02,0.031
mol_002_E,sp2,1.6092,BD ( 1) C 3- C 4,RY ( 2) C 8,0.99,2.17,0.041
mol_002_E,sp2,1.6092,BD ( 1) C 3- C 8,BD*( 1) C 3- C 4,2.81,1.33,0.055
mol_002_E,sp2,1.6092,BD ( 1) C 3- C 8,BD*( 1) C 4- H 17,1.78,1.23,0.042
mol_002_E,sp2,1.6092,BD ( 1) C 3- C 8,BD*( 1) C 7- C 8,3.33,1.38,0.06
mol_002_E,sp2,1.6092,BD ( 1) C 3- C 8,BD*( 1) C 7- C 9,3.88,1.22,0.061
mol_002_E,sp2,1.6092,BD ( 1) C 3- C 8,BD*( 1) C 8- H 19,1.3,1.24,0.036
mol_002_E,sp2,1.6092,BD ( 1) C 3- C 8,RY ( 2) C 1,0.51,1.75,0.027
mol_002_E,sp2,1.6092,BD ( 1) C 3- C 8,RY ( 1) O 2,0.95,1.44,0.033
mol_002_E,sp2,1.6092,BD ( 1) C 3- C 8,RY ( 1) C 4,1.14,2.09,0.043
mol_002_E,sp2,1.6092,BD ( 1) C 3- C 8,RY ( 2) C 4,0.55,2.07,0.03
mol_002_E,sp2,1.6092,BD ( 1) C 3- C 8,RY ( 1) C 7,1.48,2.22,0.051
mol_002_E,sp2,1.6092,BD ( 1) C 3- C 8,RY ( 2) C 7,0.67,2.2,0.034
mol_002_E,sp2,1.6092,BD ( 2) C 3- C 8,BD*( 2) C 3- C 8,1.31,0.39,0.02
mol_002_E,sp2,1.6092,BD ( 2) C 3- C 8,BD*( 2) C 4- C 5,23.87,0.41,0.088
mol_002_E,sp2,1.6092,BD ( 2) C 3- C 8,BD*( 2) C 6- C 7,48.08,0.4,0.124
mol_002_E,sp2,1.6092,BD ( 2) C 3- C 8,RY ( 2) O 2,1.51,0.97,0.034
mol_002_E,sp2,1.6092,BD ( 2) C 3- C 8,RY ( 3) C 4,1.88,0.97,0.038
mol_002_E,sp2,1.6092,BD ( 2) C 3- C 8,RY ( 4) C 7,0.65,1.78,0.03
mol_002_E,sp2,1.6092,BD ( 2) C 3- C 8,RY ( 8) C 7,0.72,1.61,0.03
mol_002_E,sp2,1.6092,BD ( 2) C 3- C 8,RY ( 3) C 8,0.6,0.87,0.02
mol_002_E,sp2,1.6092,BD ( 1) C 4- C 5,BD*( 1) O 2- C 3,2.99,1.16,0.053
mol_002_E,sp2,1.6092,BD ( 1) C 4- C 5,BD*( 1) C 3- C 4,2.02,1.32,0.046
mol_002_E,sp2,1.6092,BD ( 1) C 4- C 5,BD*( 1) C 4- H 17,1.27,1.22,0.035
mol_002_E,sp2,1.6092,BD ( 1) C 4- C 5,BD*( 1) C 5- C 6,2.9,1.33,0.055
mol_002_E,sp2,1.6092,BD ( 1) C 4- C 5,BD*( 1) C 5- H 18,1.16,1.23,0.034
mol_002_E,sp2,1.6092,BD ( 1) C 4- C 5,BD*( 1) C 6- C 11,4.11,1.26,0.064
mol_002_E,sp2,1.6092,BD ( 1) C 4- C 5,RY ( 1) C 3,1.62,2.13,0.052
mol_002_E,sp2,1.6092,BD ( 1) C 4- C 5,RY ( 2) C 3,0.59,2.38,0.033
mol_002_E,sp2,1.6092,BD ( 1) C 4- C 5,RY ( 1) C 6,2.04,2.01,0.057
mol_002_E,sp2,1.6092,BD ( 1) C 4- C 5,RY ( 5) C 6,0.52,2.76,0.034
mol_002_E,sp2,1.6092,BD ( 1) C 4- C 5,RY ( 1) H 18,0.84,1.66,0.033
mol_002_E,sp2,1.6092,BD ( 2) C 4- C 5,BD*( 2) C 3- C 8,36.36,0.4,0.107
mol_002_E,sp2,1.6092,BD ( 2) C 4- C 5,BD*( 2) C 6- C 7,25.94,0.4,0.091
mol_002_E,sp2,1.6092,BD ( 2) C 4- C 5,RY ( 5) C 3,0.79,2.02,0.036
mol_002_E,sp2,1.6092,BD ( 2) C 4- C 5,RY ( 3) C 6,0.86,1.02,0.026
mol_002_E,sp2,1.6092,BD ( 1) C 4- H 17,BD*( 1) O 2- C 3,2.15,1.03,0.042
mol_002_E,sp2,1.6092,BD ( 1) C 4- H 17,BD*( 1) C 3- C 8,4.27,1.21,0.064
mol_002_E,sp2,1.6092,BD ( 1) C 4- H 17,BD*( 1) C 4- C 5,0.87,1.24,0.029
mol_002_E,sp2,1.6092,BD ( 1) C 4- H 17,BD*( 1) C 5- C 6,3.37,1.2,0.057
mol_002_E,sp2,1.6092,BD ( 1) C 4- H 17,BD*( 1) C 5- H 18,0.95,1.1,0.029
mol_002_E,sp2,1.6092,BD ( 1) C 4- H 17,RY ( 1) C 3,0.55,2.0,0.03
mol_002_E,sp2,1.6092,BD ( 1) C 4- H 17,RY ( 1) C 5,1.14,1.89,0.042
mol_002_E,sp2,1.6092,BD ( 1) C 5- C 6,BD*( 1) C 4- C 5,2.65,1.36,0.054
mol_002_E,sp2,1.6092,BD ( 1) C 5- C 6,BD*( 1) C 4- H 17,2.53,1.21,0.049
mol_002_E,sp2,1.6092,BD ( 1) C 5- C 6,BD*( 1) C 5- H 18,1.07,1.22,0.032
mol_002_E,sp2,1.6092,BD ( 1) C 5- C 6,BD*( 1) C 6- C 7,4.57,1.35,0.07
mol_002_E,sp2,1.6092,BD ( 1) C 5- C 6,BD*( 1) C 6- C 11,3.22,1.25,0.057
mol_002_E,sp2,1.6092,BD ( 1) C 5- C 6,BD*( 1) C 7- C 9,2.05,1.2,0.044
mol_002_E,sp2,1.6092,BD ( 1) C 5- C 6,BD*( 1) C 10- C 11,1.08,1.17,0.032
mol_002_E,sp2,1.6092,BD ( 1) C 5- C 6,RY ( 1) C 4,1.05,2.07,0.042
mol_002_E,sp2,1.6092,BD ( 1) C 5- C 6,RY ( 2) C 4,1.56,2.05,0.05
mol_002_E,sp2,1.6092,BD ( 1) C 5- C 6,RY ( 2) C 6,0.66,2.52,0.036
mol_002_E,sp2,1.6092,BD ( 1) C 5- C 6,RY ( 4) C 6,1.0,5.03,0.063
mol_002_E,sp2,1.6092,BD ( 1) C 5- C 6,RY ( 9) C 6,0.73,5.49,0.057
mol_002_E,sp2,1.6092,BD ( 1) C 5- C 6,RY (16) C 6,0.84,14.2,0.097
mol_002_E,sp2,1.6092,BD ( 1) C 5- C 6,RY ( 1) C 7,0.62,2.2,0.033
mol_002_E,sp2,1.6092,BD ( 1) C 5- C 6,RY ( 2) C 7,0.55,2.18,0.031
mol_002_E,sp2,1.6092,BD ( 1) C 5- C 6,RY ( 1) C 11,1.3,1.82,0.043
mol_002_E,sp2,1.6092,BD ( 1) C 5- C 6,RY ( 8) C 11,0.85,3.34,0.047
mol_002_E,sp2,1.6092,BD ( 1) C 5- H 18,BD*( 1) C 3- C 4,3.74,1.2,0.06
mol_002_E,sp2,1.6092,BD ( 1) C 5- H 18,BD*( 1) C 4- C 5,0.86,1.25,0.029
mol_002_E,sp2,1.6092,BD ( 1) C 5- H 18,BD*( 1) C 4- H 17,0.93,1.1,0.029
mol_002_E,sp2,1.6092,BD ( 1) C 5- H 18,BD*( 1) C 5- C 6,0.58,1.21,0.024
mol_002_E,sp2,1.6092,BD ( 1) C 5- H 18,BD*( 1) C 6- C 7,4.22,1.23,0.064
mol_002_E,sp2,1.6092,BD ( 1) C 5- H 18,BD*( 1) C 6- C 11,0.53,1.13,0.022
mol_002_E,sp2,1.6092,BD ( 1) C 5- H 18,RY ( 1) C 4,1.17,1.95,0.043
mol_002_E,sp2,1.6092,BD ( 1) C 5- H 18,RY ( 1) C 6,0.89,1.88,0.037
mol_002_E,sp2,1.6092,BD ( 1) C 5- H 18,RY ( 7) C 6,0.54,3.32,0.038
mol_002_E,sp2,1.6092,BD ( 1) C 6- C 7,BD*( 1) C 5- C 6,4.41,1.32,0.068
mol_002_E,sp2,1.6092,BD ( 1) C 6- C 7,BD*( 1) C 5- H 18,2.2,1.21,0.046
mol_002_E,sp2,1.6092,BD ( 1) C 6- C 7,BD*( 1) C 6- C 11,2.3,1.24,0.048
mol_002_E,sp2,1.6092,BD ( 1) C 6- C 7,BD*( 1) C 7- C 8,2.72,1.35,0.054
mol_002_E,sp2,1.6092,BD ( 1) C 6- C 7,BD*( 1) C 7- C 9,1.33,1.2,0.036
mol_002_E,sp2,1.6092,BD ( 1) C 6- C 7,BD*( 1) C 8- H 19,2.54,1.21,0.05
mol_002_E,sp2,1.6092,BD ( 1) C 6- C 7,BD*( 1) C 9- H 20,0.52,1.18,0.022
mol_002_E,sp2,1.6092,BD ( 1) C 6- C 7,BD*( 1) C 11- N 12,2.72,1.35,0.054
mol_002_E,sp2,1.6092,BD ( 1) C 6- C 7,RY ( 1) C 5,0.96,2.01,0.039
mol_002_E,sp2,1.6092,BD ( 1) C 6- C 7,RY ( 1) C 8,1.64,2.0,0.051
mol_002_E,sp2,1.6092,BD ( 1) C 6- C 7,RY ( 1) C 9,0.87,1.41,0.031
mol_002_E,sp2,1.6092,BD ( 1) C 6- C 7,RY ( 1) C 11,0.56,1.81,0.028
mol_002_E,sp2,1.6092,BD ( 2) C 6- C 7,BD*( 2) C 3- C 8,22.61,0.39,0.083
mol_002_E,sp2,1.6092,BD ( 2) C 6- C 7,BD*( 2) C 4- C 5,35.04,0.4,0.106
mol_002_E,sp2,1.6092,BD ( 2) C 6- C 7,BD*( 2) C 6- C 7,0.83,0.39,0.016
mol_002_E,sp2,1.6092,BD ( 2) C 6- C 7,BD*( 1) C 9- H 20,3.33,0.81,0.046
mol_002_E,sp2,1.6092,BD ( 2) C 6- C 7,BD*( 1) C 9- H 21,3.36,0.81,0.046
mol_002_E,sp2,1.6092,BD ( 2) C 6- C 7,BD*( 2) C 11- N 12,44.91,0.37,0.116
mol_002_E,sp2,1.6092,BD ( 2) C 6- C 7,RY ( 3) C 5,2.14,1.28,0.047
mol_002_E,sp2,1.6092,BD ( 2) C 6- C 7,RY ( 3) C 8,2.11,0.87,0.038
mol_002_E,sp2,1.6092,BD ( 2) C 6- C 7,RY ( 2) C 9,0.57,1.14,0.023
mol_002_E,sp2,1.6092,BD ( 2) C 6- C 7,RY ( 3) C 11,1.11,1.95,0.042
mol_002_E,sp2,1.6092,BD ( 1) C 6- C 11,BD*( 1) C 4- C 5,1.03,1.35,0.033
mol_002_E,sp2,1.6092,BD ( 1) C 6- C 11,BD*( 1) C 5- C 6,2.91,1.32,0.055
mol_002_E,sp2,1.6092,BD ( 1) C 6- C 11,BD*( 1) C 6- C 7,1.88,1.34,0.045
mol_002_E,sp2,1.6092,BD ( 1) C 6- C 11,BD*( 1) C 7- C 8,3.39,1.35,0.06
mol_002_E,sp2,1.6092,BD ( 1) C 6- C 11,BD*( 1) C 9- C 10,0.58,1.13,0.023
mol_002_E,sp2,1.6092,BD ( 1) C 6- C 11,BD*( 1) C 10- C 11,0.96,1.16,0.03
mol_002_E,sp2,1.6092,BD ( 1) C 6- C 11,BD*( 1) C 10- H 23,0.53,1.17,0.022
mol_002_E,sp2,1.6092,BD ( 1) C 6- C 11,BD*( 1) C 11- N 12,1.69,1.34,0.043
mol_002_E,sp2,1.6092,BD ( 1) C 6- C 11,BD*( 1) N 12- O 13,11.92,0.76,0.085
mol_002_E,sp2,1.6092,BD ( 1) C 6- C 11,RY ( 1) C 5,1.37,2.01,0.047
mol_002_E,sp2,1.6092,BD ( 1) C 6- C 11,RY ( 1) C 7,1.21,2.2,0.046
mol_002_E,sp2,1.6092,BD ( 1) C 6- C 11,RY ( 1) C 10,0.93,1.48,0.033
mol_002_E,sp2,1.6092,BD ( 1) C 6- C 11,RY ( 1) N 12,0.99,1.8,0.038
mol_002_E,sp2,1.6092,BD ( 1) C 7- C 8,BD*( 1) O 2- C 3,4.09,1.16,0.061
mol_002_E,sp2,1.6092,BD ( 1) C 7- C 8,BD*( 1) C 3- C 8,3.13,1.34,0.058
mol_002_E,sp2,1.6092,BD ( 1) C 7- C 8,BD*( 1) C 6- C 7,3.1,1.35,0.058
mol_002_E,sp2,1.6092,BD ( 1) C 7- C 8,BD*( 1) C 6- C 11,2.22,1.25,0.047
mol_002_E,sp2,1.6092,BD ( 1) C 7- C 8,BD*( 1) C 7- C 9,1.64,1.21,0.04
mol_002_E,sp2,1.6092,BD ( 1) C 7- C 8,BD*( 1) C 8- H 19,1.87,1.22,0.043
mol_002_E,sp2,1.6092,BD ( 1) C 7- C 8,BD*( 1) C 9- C 10,0.54,1.15,0.022
mol_002_E,sp2,1.6092,BD ( 1) C 7- C 8,RY ( 2) C 3,1.57,2.37,0.054
mol_002_E,sp2,1.6092,BD ( 1) C 7- C 8,RY ( 1) C 6,0.78,2.0,0.035
mol_002_E,sp2,1.6092,BD ( 1) C 7- C 8,RY ( 2) C 6,1.2,2.52,0.049
mol_002_E,sp2,1.6092,BD ( 1) C 7- C 8,RY ( 1) C 9,0.89,1.42,0.032
mol_002_E,sp2,1.6092,BD ( 1) C 7- C 8,RY ( 1) H 19,0.81,1.59,0.032
mol_002_E,sp2,1.6092,BD ( 1) C 7- C 9,BD*( 1) C 3- C 8,1.86,1.27,0.043
mol_002_E,sp2,1.6092,BD ( 1) C 7- C 9,BD*( 1) C 5- C 6,3.81,1.27,0.062
mol_002_E,sp2,1.6092,BD ( 1) C 7- C 9,BD*( 1) C 6- C 7,1.21,1.29,0.035
mol_002_E,sp2,1.6092,BD ( 1) C 7- C 9,BD*( 1) C 6- C 11,0.77,1.19,0.027
mol_002_E,sp2,1.6092,BD ( 1) C 7- C 9,BD*( 1) C 7- C 8,1.86,1.3,0.044
mol_002_E,sp2,1.6092,BD ( 1) C 7- C 9,BD*( 1) C 9- C 10,0.53,1.09,0.021
mol_002_E,sp2,1.6092,BD ( 1) C 7- C 9,BD*( 1) C 9- H 20,0.58,1.13,0.023
mol_002_E,sp2,1.6092,BD ( 1) C 7- C 9,BD*( 1) C 9- H 21,0.59,1.13,0.023
mol_002_E,sp2,1.6092,BD ( 1) C 7- C 9,BD*( 1) C 10- C 11,0.95,1.11,0.029
mol_002_E,sp2,1.6092,BD ( 1) C 7- C 9,BD*( 1) C 10- H 22,0.62,1.12,0.024
mol_002_E,sp2,1.6092,BD ( 1) C 7- C 9,BD*( 1) C 10- H 23,0.62,1.13,0.024
mol_002_E,sp2,1.6092,BD ( 1) C 7- C 9,RY ( 1) C 6,0.53,1.94,0.029
mol_002_E,sp2,1.6092,BD ( 1) C 7- C 9,RY ( 2) C 6,0.53,2.46,0.032
mol_002_E,sp2,1.6092,BD ( 1) C 7- C 9,RY ( 1) C 8,1.7,1.95,0.051
mol_002_E,sp2,1.6092,BD ( 1) C 7- C 9,RY ( 3) C 10,0.8,1.72,0.033
mol_002_E,sp2,1.6092,BD ( 1) C 8- H 19,BD*( 1) O 2- C 3,1.54,1.04,0.036
mol_002_E,sp2,1.6092,BD ( 1) C 8- H 19,BD*( 1) C 3- C 4,3.96,1.19,0.061
mol_002_E,sp2,1.6092,BD ( 1) C 8- H 19,BD*( 1) C 3- C 8,0.79,1.21,0.028
mol_002_E,sp2,1.6092,BD ( 1) C 8- H 19,BD*( 1) C 6- C 7,4.46,1.23,0.066
mol_002_E,sp2,1.6092,BD ( 1) C 8- H 19,BD*( 1) C 7- C 8,1.24,1.24,0.035
mol_002_E,sp2,1.6092,BD ( 1) C 8- H 19,RY ( 1) C 3,0.94,2.01,0.039
mol_002_E,sp2,1.6092,BD ( 1) C 8- H 19,RY ( 6) C 3,0.58,4.8,0.047
mol_002_E,sp2,1.6092,BD ( 1) C 8- H 19,RY ( 1) C 7,1.55,2.09,0.051
mol_002_E,sp2,1.6092,BD ( 1) C 9- C 10,BD*( 1) C 6- C 7,0.52,1.27,0.023
mol_002_E,sp2,1.6092,BD ( 1) C 9- C 10,BD*( 1) C 6- C 11,0.61,1.17,0.024
mol_002_E,sp2,1.6092,BD ( 1) C 9- C 10,BD*( 1) C 7- C 8,4.22,1.28,0.066
mol_002_E,sp2,1.6092,BD ( 1) C 9- C 10,BD*( 1) C 7- C 9,0.68,1.13,0.025
mol_002_E,sp2,1.6092,BD ( 1) C 9- C 10,BD*( 1) C 10- C 11,0.54,1.09,0.022
mol_002_E,sp2,1.6092,BD ( 1) C 9- C 10,BD*( 1) C 11- N 12,4.73,1.27,0.069
mol_002_E,sp2,1.6092,BD ( 1) C 9- C 10,RY ( 2) C 7,0.59,2.1,0.031
mol_002_E,sp2,1.6092,BD ( 1) C 9- H 20,BD*( 1) C 6- C 7,1.3,1.21,0.035
mol_002_E,sp2,1.6092,BD ( 1) C 9- H 20,BD*( 2) C 6- C 7,6.26,0.63,0.056
mol_002_E,sp2,1.6092,BD ( 1) C 9- H 20,BD*( 1) C 10- C 11,0.63,1.02,0.023
mol_002_E,sp2,1.6092,BD ( 1) C 9- H 20,BD*( 1) C 10- H 22,0.82,1.04,0.026
mol_002_E,sp2,1.6092,BD ( 1) C 9- H 20,BD*( 1) C 10- H 23,1.21,1.04,0.032
mol_002_E,sp2,1.6092,BD ( 1) C 9- H 20,RY ( 2) C 10,0.55,1.36,0.024
mol_002_E,sp2,1.6092,BD ( 1) C 9- H 21,BD*( 1) C 6- C 7,1.24,1.21,0.035
mol_002_E,sp2,1.6092,BD ( 1) C 9- H 21,BD*( 2) C 6- C 7,6.43,0.63,0.057
mol_002_E,sp2,1.6092,BD ( 1) C 9- H 21,BD*( 1) C 10- C 11,0.64,1.02,0.023
mol_002_E,sp2,1.6092,BD ( 1) C 9- H 21,BD*( 1) C 10- H 22,1.21,1.04,0.032
mol_002_E,sp2,1.6092,BD ( 1) C 9- H 21,BD*( 1) C 10- H 23,0.81,1.04,0.026
mol_002_E,sp2,1.6092,BD ( 1) C 9- H 21,RY ( 2) C 10,0.57,1.36,0.025
mol_002_E,sp2,1.6092,BD ( 1) C 10- C 11,BD*( 1) C 5- C 6,3.89,1.3,0.063
mol_002_E,sp2,1.6092,BD ( 1) C 10- C 11,BD*( 1) C 6- C 11,1.29,1.22,0.035
mol_002_E,sp2,1.6092,BD ( 1) C 10- C 11,BD*( 1) C 7- C 9,0.62,1.18,0.024
mol_002_E,sp2,1.6092,BD ( 1) C 10- C 11,BD*( 1) C 9- H 20,0.53,1.16,0.022
mol_002_E,sp2,1.6092,BD ( 1) C 10- C 11,BD*( 1) C 9- H 21,0.54,1.16,0.022
mol_002_E,sp2,1.6092,BD ( 1) C 10- C 11,BD*( 1) C 11- N 12,0.78,1.33,0.029
mol_002_E,sp2,1.6092,BD ( 1) C 10- C 11,BD*( 1) N 12- O 13,4.16,0.74,0.049
mol_002_E,sp2,1.6092,BD ( 1) C 10- C 11,RY ( 1) C 6,0.78,1.97,0.035
mol_002_E,sp2,1.6092,BD ( 1) C 10- C 11,RY ( 3) C 9,0.82,1.76,0.034
mol_002_E,sp2,1.6092,BD ( 1) C 10- C 11,RY ( 1) N 12,1.69,1.78,0.049
mol_002_E,sp2,1.6092,BD ( 1) C 10- H 22,BD*( 1) C 6- C 11,1.35,1.12,0.035
mol_002_E,sp2,1.6092,BD ( 1) C 10- H 22,BD*( 1) C 9- H 20,0.74,1.05,0.025
mol_002_E,sp2,1.6092,BD ( 1) C 10- H 22,BD*( 1) C 9- H 21,1.18,1.05,0.031
mol_002_E,sp2,1.6092,BD ( 1) C 10- H 22,BD*( 2) C 11- N 12,9.32,0.62,0.068
mol_002_E,sp2,1.6092,BD ( 1) C 10- H 22,RY ( 2) C 9,0.67,1.38,0.027
mol_002_E,sp2,1.6092,BD ( 1) C 10- H 23,BD*( 1) C 6- C 11,1.44,1.12,0.036
mol_002_E,sp2,1.6092,BD ( 1) C 10- H 23,BD*( 1) C 7- C 9,0.5,1.07,0.021
mol_002_E,sp2,1.6092,BD ( 1) C 10- H 23,BD*( 1) C 9- H 20,1.19,1.05,0.032
mol_002_E,sp2,1.6092,BD ( 1) C 10- H 23,BD*( 1) C 9- H 21,0.74,1.05,0.025
mol_002_E,sp2,1.6092,BD ( 1) C 10- H 23,BD*( 2) C 11- N 12,9.05,0.62,0.067
mol_002_E,sp2,1.6092,BD ( 1) C 10- H 23,RY ( 2) C 9,0.61,1.38,0.026
mol_002_E,sp2,1.6092,BD ( 1) C 11- N 12,BD*( 1) C 6- C 7,0.76,1.58,0.031
mol_002_E,sp2,1.6092,BD ( 1) C 11- N 12,BD*( 1) C 6- C 11,1.53,1.48,0.043
mol_002_E,sp2,1.6092,BD ( 1) C 11- N 12,BD*( 1) C 10- C 11,1.69,1.4,0.043
mol_002_E,sp2,1.6092,BD ( 1) C 11- N 12,RY ( 1) C 6,1.58,2.23,0.053
mol_002_E,sp2,1.6092,BD ( 1) C 11- N 12,RY ( 2) C 6,0.95,2.75,0.046
mol_002_E,sp2,1.6092,BD ( 1) C 11- N 12,RY ( 1) O 13,0.84,2.25,0.039
mol_002_E,sp2,1.6092,BD ( 2) C 11- N 12,BD*( 2) C 6- C 7,6.39,0.53,0.052
mol_002_E,sp2,1.6092,BD ( 2) C 11- N 12,BD*( 1) C 10- H 22,1.21,0.95,0.03
mol_002_E,sp2,1.6092,BD ( 2) C 11- N 12,BD*( 1) C 10- H 23,1.16,0.95,0.03
mol_002_E,sp2,1.6092,BD ( 2) C 11- N 12,BD*( 1) O 13- H 24,0.88,0.92,0.025
mol_002_E,sp2,1.6092,BD ( 2) C 11- N 12,RY ( 3) C 6,0.59,1.15,0.023
mol_002_E,sp2,1.6092,BD ( 1) N 12- O 13,BD*( 1) C 6- C 11,5.2,1.3,0.073
mol_002_E,sp2,1.6092,BD ( 1) N 12- O 13,BD*( 1) C 10- C 11,1.43,1.22,0.037
mol_002_E,sp2,1.6092,BD ( 1) N 12- O 13,RY ( 2) C 11,1.53,2.04,0.05
mol_002_E,sp2,1.6092,BD ( 1) O 13- H 24,BD*( 2) C 11- N 12,0.73,0.93,0.023
mol_002_E,sp2,1.6092,BD ( 1) O 13- H 25,RY ( 2) C 11,0.56,2.17,0.031
mol_002_E,sp3,1.7092,LP ( 1) O 2,BD*( 1) C 1- H 14,3.22,1.07,0.053
mol_002_E,sp3,1.7092,LP ( 1) O 2,BD*( 1) C 1- H 15,0.79,1.06,0.026
mol_002_E,sp3,1.7092,LP ( 1) O 2,BD*( 1) C 1- H 16,0.79,1.06,0.026
mol_002_E,sp3,1.7092,LP ( 1) O 2,BD*( 1) C 3- C 4,1.3,1.2,0.035
mol_002_E,sp3,1.7092,LP ( 1) O 2,BD*( 1) C 3- C 8,7.64,1.22,0.086
mol_002_E,sp3,1.7092,LP ( 1) O 2,RY ( 1) C 1,2.13,2.17,0.061
mol_002_E,sp3,1.7092,LP ( 1) O 2,RY ( 1) C 3,3.06,2.01,0.07
mol_002_E,sp3,1.7092,LP ( 2) O 2,BD*( 1) C 1- H 15,6.35,0.88,0.067
mol_002_E,sp3,1.7092,LP ( 2) O 2,BD*( 1) C 1- H 16,6.42,0.88,0.067
mol_002_E,sp3,1.7092,LP ( 2) O 2,BD*( 2) C 3- C 8,48.41,0.47,0.135
mol_002_E,sp3,1.7092,LP ( 2) O 2,RY ( 3) C 1,1.6,1.99,0.05
mol_002_E,sp3,1.7092,LP ( 2) O 2,RY ( 3) C 3,2.66,2.03,0.066
mol_002_E,sp3,1.7092,LP ( 1) N 12,BD*( 1) C 10- C 11,6.23,1.03,0.072
mol_002_E,sp3,1.7092,LP ( 1) N 12,RY ( 1) C 11,7.46,1.62,0.098
mol_002_E,sp3,1.7092,LP ( 1) O 13,BD*( 1) C 6- C 11,0.94,1.21,0.03
mol_002_E,sp3,1.7092,LP ( 1) O 13,BD*( 1) C 9- C 10,0.66,1.11,0.024
mol_002_E,sp3,1.7092,LP ( 1) O 13,RY ( 1) H 24,1.28,2.65,0.052
mol_002_E,sp3,1.7092,LP ( 1) O 13,RY ( 1) H 25,1.27,2.59,0.051
mol_002_E,sp3,1.7092,BD ( 1) C 1- O 2,BD*( 1) C 3- C 4,2.83,1.45,0.057
mol_002_E,sp3,1.7092,BD ( 1) C 1- O 2,RY ( 2) C 3,2.29,2.51,0.068
mol_002_E,sp3,1.7092,BD ( 1) C 1- H 14,BD*( 1) O 2- C 3,3.43,1.04,0.053
mol_002_E,sp3,1.7092,BD ( 1) C 1- H 15,RY ( 2) O 2,0.79,1.22,0.028
mol_002_E,sp3,1.7092,BD ( 1) C 1- H 16,RY ( 2) O 2,0.57,1.22,0.024
mol_002_E,sp3,1.7092,BD ( 1) O 2- C 3,BD*( 1) C 4- C 5,1.03,1.59,0.036
mol_002_E,sp3,1.7092,BD ( 1) O 2- C 3,BD*( 1) C 7- C 8,0.91,1.58,0.034
mol_002_E,sp3,1.7092,BD ( 1) O 2- C 3,RY ( 2) C 1,1.23,1.96,0.044
mol_002_E,sp3,1.7092,BD ( 1) O 2- C 3,RY ( 1) C 4,0.75,2.29,0.037
mol_002_E,sp3,1.7092,BD ( 1) C 3- C 4,BD*( 1) C 1- O 2,3.32,1.07,0.053
mol_002_E,sp3,1.7092,BD ( 1) C 3- C 4,BD*( 1) C 3- C 8,2.64,1.34,0.053
mol_002_E,sp3,1.7092,BD ( 1) C 3- C 4,BD*( 1) C 4- C 5,2.02,1.37,0.047
mol_002_E,sp3,1.7092,BD ( 1) C 3- C 4,BD*( 1) C 4- H 17,0.85,1.22,0.029
mol_002_E,sp3,1.7092,BD ( 1) C 3- C 4,BD*( 1) C 5- H 18,2.39,1.23,0.048
mol_002_E,sp3,1.7092,BD ( 1) C 3- C 4,BD*( 1) C 8- H 19,2.41,1.23,0.049
mol_002_E,sp3,1.7092,BD ( 1) C 3- C 4,RY ( 1) O 2,1.16,1.43,0.036
mol_002_E,sp3,1.7092,BD ( 1) C 3- C 4,RY ( 1) C 5,0.73,2.01,0.034
mol_002_E,sp3,1.7092,BD ( 1) C 3- C 4,RY ( 2) C 5,1.69,1.94,0.051
mol_002_E,sp3,1.7092,BD ( 1) C 3- C 4,RY ( 1) C 8,0.59,2.01,0.031
mol_002_E,sp3,1.7092,BD ( 1) C 3- C 4,RY ( 2) C 8,0.99,2.18,0.041
mol_002_E,sp3,1.7092,BD ( 1) C 3- C 8,BD*( 1) C 3- C 4,2.8,1.33,0.054
mol_002_E,sp3,1.7092,BD ( 1) C 3- C 8,BD*( 1) C 4- H 17,1.78,1.23,0.042
mol_002_E,sp3,1.7092,BD ( 1) C 3- C 8,BD*( 1) C 7- C 8,3.32,1.38,0.06
mol_002_E,sp3,1.7092,BD ( 1) C 3- C 8,BD*( 1) C 7- C 9,3.88,1.22,0.061
mol_002_E,sp3,1.7092,BD ( 1) C 3- C 8,BD*( 1) C 8- H 19,1.3,1.24,0.036
mol_002_E,sp3,1.7092,BD ( 1) C 3- C 8,RY ( 2) C 1,0.51,1.75,0.027
mol_002_E,sp3,1.7092,BD ( 1) C 3- C 8,RY ( 1) O 2,0.95,1.44,0.033
mol_002_E,sp3,1.7092,BD ( 1) C 3- C 8,RY ( 1) C 4,1.13,2.09,0.043
mol_002_E,sp3,1.7092,BD ( 1) C 3- C 8,RY ( 2) C 4,0.56,2.07,0.03
mol_002_E,sp3,1.7092,BD ( 1) C 3- C 8,RY ( 1) C 7,1.46,2.23,0.051
mol_002_E,sp3,1.7092,BD ( 1) C 3- C 8,RY ( 2) C 7,0.68,2.19,0.034
mol_002_E,sp3,1.7092,BD ( 2) C 3- C 8,BD*( 2) C 3- C 8,1.32,0.39,0.02
mol_002_E,sp3,1.7092,BD ( 2) C 3- C 8,BD*( 2) C 4- C 5,23.85,0.41,0.088
mol_002_E,sp3,1.7092,BD ( 2) C 3- C 8,BD*( 2) C 6- C 7,48.61,0.4,0.124
mol_002_E,sp3,1.7092,BD ( 2) C 3- C 8,RY ( 2) O 2,1.51,0.97,0.034
mol_002_E,sp3,1.7092,BD ( 2) C 3- C 8,RY ( 3) C 4,1.88,0.97,0.038
mol_002_E,sp3,1.7092,BD ( 2) C 3- C 8,RY ( 4) C 7,0.63,1.77,0.03
mol_002_E,sp3,1.7092,BD ( 2) C 3- C 8,RY ( 8) C 7,0.74,1.61,0.031
mol_002_E,sp3,1.7092,BD ( 2) C 3- C 8,RY ( 3) C 8,0.61,0.87,0.021
mol_002_E,sp3,1.7092,BD ( 1) C 4- C 5,BD*( 1) O 2- C 3,2.98,1.16,0.053
mol_002_E,sp3,1.7092,BD ( 1) C 4- C 5,BD*( 1) C 3- C 4,2.02,1.32,0.046
mol_002_E,sp3,1.7092,BD ( 1) C 4- C 5,BD*( 1) C 4- H 17,1.27,1.22,0.035
mol_002_E,sp3,1.7092,BD ( 1) C 4- C 5,BD*( 1) C 5- C 6,2.93,1.33,0.056
mol_002_E,sp3,1.7092,BD ( 1) C 4- C 5,BD*( 1) C 5- H 18,1.17,1.23,0.034
mol_002_E,sp3,1.7092,BD ( 1) C 4- C 5,BD*( 1) C 6- C 11,4.2,1.25,0.065
mol_002_E,sp3,1.7092,BD ( 1) C 4- C 5,RY ( 1) C 3,1.62,2.13,0.052
mol_002_E,sp3,1.7092,BD ( 1) C 4- C 5,RY ( 2) C 3,0.6,2.38,0.034
mol_002_E,sp3,1.7092,BD ( 1) C 4- C 5,RY ( 1) C 6,2.05,2.01,0.057
mol_002_E,sp3,1.7092,BD ( 1) C 4- C 5,RY ( 6) C 6,0.59,2.67,0.035
mol_002_E,sp3,1.7092,BD ( 1) C 4- C 5,RY ( 1) H 18,0.87,1.68,0.034
mol_002_E,sp3,1.7092,BD ( 2) C 4- C 5,BD*( 2) C 3- C 8,36.3,0.4,0.107
mol_002_E,sp3,1.7092,BD ( 2) C 4- C 5,BD*( 2) C 6- C 7,26.02,0.4,0.091
mol_002_E,sp3,1.7092,BD ( 2) C 4- C 5,RY ( 5) C 3,0.79,2.02,0.036
mol_002_E,sp3,1.7092,BD ( 2) C 4- C 5,RY ( 3) C 6,0.83,1.01,0.026
mol_002_E,sp3,1.7092,BD ( 1) C 4- H 17,BD*( 1) O 2- C 3,2.16,1.03,0.042
mol_002_E,sp3,1.7092,BD ( 1) C 4- H 17,BD*( 1) C 3- C 8,4.26,1.21,0.064
mol_002_E,sp3,1.7092,BD ( 1) C 4- H 17,BD*( 1) C 4- C 5,0.87,1.24,0.029
mol_002_E,sp3,1.7092,BD ( 1) C 4- H 17,BD*( 1) C 5- C 6,3.38,1.2,0.057
mol_002_E,sp3,1.7092,BD ( 1) C 4- H 17,BD*( 1) C 5- H 18,0.95,1.1,0.029
mol_002_E,sp3,1.7092,BD ( 1) C 4- H 17,RY ( 1) C 3,0.55,2.0,0.03
mol_002_E,sp3,1.7092,BD ( 1) C 4- H 17,RY ( 1) C 5,1.13,1.88,0.041
mol_002_E,sp3,1.7092,BD ( 1) C 5- C 6,BD*( 1) C 4- C 5,2.67,1.36,0.054
mol_002_E,sp3,1.7092,BD ( 1) C 5- C 6,BD*( 1) C 4- H 17,2.51,1.22,0.049
mol_002_E,sp3,1.7092,BD ( 1) C 5- C 6,BD*( 1) C 5- H 18,1.08,1.22,0.032
mol_002_E,sp3,1.7092,BD ( 1) C 5- C 6,BD*( 1) C 6- C 7,4.65,1.35,0.071
mol_002_E,sp3,1.7092,BD ( 1) C 5- C 6,BD*( 1) C 6- C 11,3.2,1.24,0.056
mol_002_E,sp3,1.7092,BD ( 1) C 5- C 6,BD*( 1) C 7- C 9,2.03,1.21,0.044
mol_002_E,sp3,1.7092,BD ( 1) C 5- C 6,BD*( 1) C 10- C 11,1.06,1.16,0.031
mol_002_E,sp3,1.7092,BD ( 1) C 5- C 6,RY ( 1) C 4,1.07,2.07,0.042
mol_002_E,sp3,1.7092,BD ( 1) C 5- C 6,RY ( 2) C 4,1.57,2.06,0.051
mol_002_E,sp3,1.7092,BD ( 1) C 5- C 6,RY ( 2) C 6,0.76,2.52,0.039
mol_002_E,sp3,1.7092,BD ( 1) C 5- C 6,RY ( 4) C 6,1.26,5.76,0.076
mol_002_E,sp3,1.7092,BD ( 1) C 5- C 6,RY ( 9) C 6,0.89,5.96,0.065
mol_002_E,sp3,1.7092,BD ( 1) C 5- C 6,RY (16) C 6,1.01,12.43,0.1
mol_002_E,sp3,1.7092,BD ( 1) C 5- C 6,RY ( 1) C 7,0.63,2.21,0.033
mol_002_E,sp3,1.7092,BD ( 1) C 5- C 6,RY ( 2) C 7,0.57,2.18,0.032
mol_002_E,sp3,1.7092,BD ( 1) C 5- C 6,RY ( 6) C 7,0.53,4.3,0.043
mol_002_E,sp3,1.7092,BD ( 1) C 5- C 6,RY ( 1) C 11,1.23,1.75,0.041
mol_002_E,sp3,1.7092,BD ( 1) C 5- C 6,RY ( 6) C 11,0.53,12.54,0.073
mol_002_E,sp3,1.7092,BD ( 1) C 5- C 6,RY ( 8) C 11,0.74,2.56,0.039
mol_002_E,sp3,1.7092,BD ( 1) C 5- H 18,BD*( 1) C 3- C 4,3.74,1.2,0.06
mol_002_E,sp3,1.7092,BD ( 1) C 5- H 18,BD*( 1) C 4- C 5,0.88,1.25,0.03
mol_002_E,sp3,1.7092,BD ( 1) C 5- H 18,BD*( 1) C 4- H 17,0.93,1.1,0.029
mol_002_E,sp3,1.7092,BD ( 1) C 5- H 18,BD*( 1) C 5- C 6,0.58,1.21,0.024
mol_002_E,sp3,1.7092,BD ( 1) C 5- H 18,BD*( 1) C 6- C 7,4.24,1.23,0.065
mol_002_E,sp3,1.7092,BD ( 1) C 5- H 18,BD*( 1) C 6- C 11,0.54,1.13,0.022
mol_002_E,sp3,1.7092,BD ( 1) C 5- H 18,RY ( 1) C 4,1.18,1.96,0.043
mol_002_E,sp3,1.7092,BD ( 1) C 5- H 18,RY ( 1) C 6,0.88,1.88,0.036
mol_002_E,sp3,1.7092,BD ( 1) C 6- C 7,BD*( 1) C 5- C 6,4.43,1.32,0.068
mol_002_E,sp3,1.7092,BD ( 1) C 6- C 7,BD*( 1) C 5- H 18,2.17,1.22,0.046
mol_002_E,sp3,1.7092,BD ( 1) C 6- C 7,BD*( 1) C 6- C 11,2.24,1.24,0.047
mol_002_E,sp3,1.7092,BD ( 1) C 6- C 7,BD*( 1) C 7- C 8,2.7,1.35,0.054
mol_002_E,sp3,1.7092,BD ( 1) C 6- C 7,BD*( 1) C 7- C 9,1.35,1.2,0.036
mol_002_E,sp3,1.7092,BD ( 1) C 6- C 7,BD*( 1) C 8- H 19,2.53,1.21,0.049
mol_002_E,sp3,1.7092,BD ( 1) C 6- C 7,BD*( 1) C 9- H 20,0.53,1.18,0.022
mol_002_E,sp3,1.7092,BD ( 1) C 6- C 7,BD*( 1) C 11- N 12,2.67,1.35,0.054
mol_002_E,sp3,1.7092,BD ( 1) C 6- C 7,RY ( 1) C 5,0.96,1.99,0.039
mol_002_E,sp3,1.7092,BD ( 1) C 6- C 7,RY ( 1) C 8,1.64,2.0,0.051
mol_002_E,sp3,1.7092,BD ( 1) C 6- C 7,RY ( 1) C 9,0.86,1.42,0.031
mol_002_E,sp3,1.7092,BD ( 1) C 6- C 7,RY ( 1) C 11,0.56,1.74,0.028
mol_002_E,sp3,1.7092,BD ( 1) C 6- C 7,RY ( 3) C 11,0.59,2.09,0.031
mol_002_E,sp3,1.7092,BD ( 2) C 6- C 7,BD*( 2) C 3- C 8,22.32,0.39,0.083
mol_002_E,sp3,1.7092,BD ( 2) C 6- C 7,BD*( 2) C 4- C 5,34.87,0.4,0.106
mol_002_E,sp3,1.7092,BD ( 2) C 6- C 7,BD*( 2) C 6- C 7,0.81,0.39,0.016
mol_002_E,sp3,1.7092,BD ( 2) C 6- C 7,BD*( 1) C 9- H 20,3.26,0.81,0.046
mol_002_E,sp3,1.7092,BD ( 2) C 6- C 7,BD*( 1) C 9- H 21,3.37,0.81,0.047
mol_002_E,sp3,1.7092,BD ( 2) C 6- C 7,BD*( 2) C 11- N 12,44.62,0.38,0.116
mol_002_E,sp3,1.7092,BD ( 2) C 6- C 7,RY ( 3) C 5,2.15,1.29,0.047
mol_002_E,sp3,1.7092,BD ( 2) C 6- C 7,RY ( 3) C 8,2.1,0.87,0.038
mol_002_E,sp3,1.7092,BD ( 2) C 6- C 7,RY ( 2) C 9,0.56,1.14,0.023
mol_002_E,sp3,1.7092,BD ( 2) C 6- C 7,RY ( 2) C 11,0.95,1.9,0.038
mol_002_E,sp3,1.7092,BD ( 1) C 6- C 11,BD*( 1) C 4- C 5,1.02,1.35,0.033
mol_002_E,sp3,1.7092,BD ( 1) C 6- C 11,BD*( 1) C 5- C 6,2.75,1.31,0.054
mol_002_E,sp3,1.7092,BD ( 1) C 6- C 11,BD*( 1) C 6- C 7,1.74,1.34,0.043
mol_002_E,sp3,1.7092,BD ( 1) C 6- C 11,BD*( 1) C 7- C 8,3.38,1.35,0.06
mol_002_E,sp3,1.7092,BD ( 1) C 6- C 11,BD*( 1) C 9- C 10,0.59,1.13,0.023
mol_002_E,sp3,1.7092,BD ( 1) C 6- C 11,BD*( 1) C 10- C 11,1.01,1.15,0.03
mol_002_E,sp3,1.7092,BD ( 1) C 6- C 11,BD*( 1) C 10- H 23,0.51,1.17,0.022
mol_002_E,sp3,1.7092,BD ( 1) C 6- C 11,BD*( 1) C 11- N 12,1.7,1.35,0.043
mol_002_E,sp3,1.7092,BD ( 1) C 6- C 11,BD*( 1) N 12- O 13,14.97,0.7,0.091
mol_002_E,sp3,1.7092,BD ( 1) C 6- C 11,RY ( 1) C 5,1.35,1.99,0.046
mol_002_E,sp3,1.7092,BD ( 1) C 6- C 11,RY ( 1) C 7,1.23,2.2,0.046
mol_002_E,sp3,1.7092,BD ( 1) C 6- C 11,RY ( 1) C 10,0.89,1.47,0.032
mol_002_E,sp3,1.7092,BD ( 1) C 6- C 11,RY ( 1) N 12,1.17,1.77,0.041
mol_002_E,sp3,1.7092,BD ( 1) C 7- C 8,BD*( 1) O 2- C 3,4.06,1.16,0.061
mol_002_E,sp3,1.7092,BD ( 1) C 7- C 8,BD*( 1) C 3- C 8,3.12,1.34,0.058
mol_002_E,sp3,1.7092,BD ( 1) C 7- C 8,BD*( 1) C 6- C 7,3.13,1.35,0.058
mol_002_E,sp3,1.7092,BD ( 1) C 7- C 8,BD*( 1) C 6- C 11,2.25,1.25,0.047
mol_002_E,sp3,1.7092,BD ( 1) C 7- C 8,BD*( 1) C 7- C 9,1.65,1.21,0.04
mol_002_E,sp3,1.7092,BD ( 1) C 7- C 8,BD*( 1) C 8- H 19,1.87,1.22,0.043
mol_002_E,sp3,1.7092,BD ( 1) C 7- C 8,BD*( 1) C 9- C 10,0.54,1.15,0.022
mol_002_E,sp3,1.7092,BD ( 1) C 7- C 8,RY ( 2) C 3,1.55,2.38,0.054
mol_002_E,sp3,1.7092,BD ( 1) C 7- C 8,RY ( 1) C 6,0.82,2.01,0.036
mol_002_E,sp3,1.7092,BD ( 1) C 7- C 8,RY ( 2) C 6,1.2,2.52,0.049
mol_002_E,sp3,1.7092,BD ( 1) C 7- C 8,RY ( 1) C 9,0.86,1.43,0.031
mol_002_E,sp3,1.7092,BD ( 1) C 7- C 8,RY ( 1) H 19,0.81,1.59,0.032
mol_002_E,sp3,1.7092,BD ( 1) C 7- C 9,BD*( 1) C 3- C 8,1.85,1.28,0.043
mol_002_E,sp3,1.7092,BD ( 1) C 7- C 9,BD*( 1) C 5- C 6,3.79,1.27,0.062
mol_002_E,sp3,1.7092,BD ( 1) C 7- C 9,BD*( 1) C 6- C 7,1.2,1.29,0.035
mol_002_E,sp3,1.7092,BD ( 1) C 7- C 9,BD*( 1) C 6- C 11,0.78,1.19,0.027
mol_002_E,sp3,1.7092,BD ( 1) C 7- C 9,BD*( 1) C 7- C 8,1.88,1.3,0.044
mol_002_E,sp3,1.7092,BD ( 1) C 7- C 9,BD*( 1) C 9- C 10,0.52,1.09,0.021
mol_002_E,sp3,1.7092,BD ( 1) C 7- C 9,BD*( 1) C 9- H 20,0.59,1.13,0.023
mol_002_E,sp3,1.7092,BD ( 1) C 7- C 9,BD*( 1) C 9- H 21,0.59,1.13,0.023
mol_002_E,sp3,1.7092,BD ( 1) C 7- C 9,BD*( 1) C 10- C 11,0.96,1.11,0.029
mol_002_E,sp3,1.7092,BD ( 1) C 7- C 9,BD*( 1) C 10- H 22,0.65,1.13,0.024
mol_002_E,sp3,1.7092,BD ( 1) C 7- C 9,BD*( 1) C 10- H 23,0.59,1.13,0.023
mol_002_E,sp3,1.7092,BD ( 1) C 7- C 9,RY ( 1) C 6,0.55,1.95,0.029
mol_002_E,sp3,1.7092,BD ( 1) C 7- C 9,RY ( 1) C 8,1.69,1.95,0.051
mol_002_E,sp3,1.7092,BD ( 1) C 7- C 9,RY ( 3) C 10,0.8,1.75,0.033
mol_002_E,sp3,1.7092,BD ( 1) C 8- H 19,BD*( 1) O 2- C 3,1.54,1.04,0.036
mol_002_E,sp3,1.7092,BD ( 1) C 8- H 19,BD*( 1) C 3- C 4,3.96,1.19,0.061
mol_002_E,sp3,1.7092,BD ( 1) C 8- H 19,BD*( 1) C 3- C 8,0.79,1.21,0.028
mol_002_E,sp3,1.7092,BD ( 1) C 8- H 19,BD*( 1) C 6- C 7,4.47,1.23,0.066
mol_002_E,sp3,1.7092,BD ( 1) C 8- H 19,BD*( 1) C 7- C 8,1.24,1.24,0.035
mol_002_E,sp3,1.7092,BD ( 1) C 8- H 19,RY ( 1) C 3,0.94,2.01,0.039
mol_002_E,sp3,1.7092,BD ( 1) C 8- H 19,RY ( 6) C 3,0.59,4.88,0.048
mol_002_E,sp3,1.7092,BD ( 1) C 8- H 19,RY ( 1) C 7,1.55,2.09,0.051
mol_002_E,sp3,1.7092,BD ( 1) C 9- C 10,BD*( 1) C 6- C 7,0.51,1.27,0.023
mol_002_E,sp3,1.7092,BD ( 1) C 9- C 10,BD*( 1) C 6- C 11,0.62,1.16,0.024
mol_002_E,sp3,1.7092,BD ( 1) C 9- C 10,BD*( 1) C 7- C 8,4.23,1.28,0.066
mol_002_E,sp3,1.7092,BD ( 1) C 9- C 10,BD*( 1) C 7- C 9,0.68,1.13,0.025
mol_002_E,sp3,1.7092,BD ( 1) C 9- C 10,BD*( 1) C 10- C 11,0.51,1.09,0.021
mol_002_E,sp3,1.7092,BD ( 1) C 9- C 10,BD*( 1) C 11- N 12,4.73,1.28,0.069
mol_002_E,sp3,1.7092,BD ( 1) C 9- C 10,RY ( 2) C 7,0.59,2.1,0.031
mol_002_E,sp3,1.7092,BD ( 1) C 9- C 10,RY ( 4) C 11,0.64,2.1,0.033
mol_002_E,sp3,1.7092,BD ( 1) C 9- H 20,BD*( 1) C 6- C 7,1.35,1.21,0.036
mol_002_E,sp3,1.7092,BD ( 1) C 9- H 20,BD*( 2) C 6- C 7,6.21,0.62,0.056
mol_002_E,sp3,1.7092,BD ( 1) C 9- H 20,BD*( 1) C 10- C 11,0.69,1.02,0.024
mol_002_E,sp3,1.7092,BD ( 1) C 9- H 20,BD*( 1) C 10- H 22,0.78,1.04,0.025
mol_002_E,sp3,1.7092,BD ( 1) C 9- H 20,BD*( 1) C 10- H 23,1.21,1.04,0.032
mol_002_E,sp3,1.7092,BD ( 1) C 9- H 20,RY ( 2) C 10,0.57,1.37,0.025
mol_002_E,sp3,1.7092,BD ( 1) C 9- H 21,BD*( 1) C 6- C 7,1.22,1.21,0.034
mol_002_E,sp3,1.7092,BD ( 1) C 9- H 21,BD*( 2) C 6- C 7,6.6,0.62,0.057
mol_002_E,sp3,1.7092,BD ( 1) C 9- H 21,BD*( 1) C 10- C 11,0.63,1.02,0.023
mol_002_E,sp3,1.7092,BD ( 1) C 9- H 21,BD*( 1) C 10- H 22,1.21,1.04,0.032
mol_002_E,sp3,1.7092,BD ( 1) C 9- H 21,BD*( 1) C 10- H 23,0.86,1.04,0.027
mol_002_E,sp3,1.7092,BD ( 1) C 9- H 21,RY ( 2) C 10,0.55,1.37,0.024
mol_002_E,sp3,1.7092,BD ( 1) C 10- C 11,BD*( 1) C 5- C 6,3.84,1.3,0.063
mol_002_E,sp3,1.7092,BD ( 1) C 10- C 11,BD*( 1) C 6- C 11,1.33,1.22,0.036
mol_002_E,sp3,1.7092,BD ( 1) C 10- C 11,BD*( 1) C 7- C 9,0.6,1.18,0.024
mol_002_E,sp3,1.7092,BD ( 1) C 10- C 11,BD*( 1) C 9- H 20,0.55,1.16,0.023
mol_002_E,sp3,1.7092,BD ( 1) C 10- C 11,BD*( 1) C 9- H 21,0.51,1.16,0.022
mol_002_E,sp3,1.7092,BD ( 1) C 10- C 11,BD*( 1) C 11- N 12,0.82,1.33,0.03
mol_002_E,sp3,1.7092,BD ( 1) C 10- C 11,BD*( 1) N 12- O 13,5.46,0.69,0.055
mol_002_E,sp3,1.7092,BD ( 1) C 10- C 11,RY ( 1) C 6,0.78,1.98,0.035
mol_002_E,sp3,1.7092,BD ( 1) C 10- C 11,RY ( 3) C 9,0.81,1.76,0.034
mol_002_E,sp3,1.7092,BD ( 1) C 10- C 11,RY ( 1) N 12,1.68,1.76,0.048
mol_002_E,sp3,1.7092,BD ( 1) C 10- H 22,BD*( 1) C 6- C 11,1.39,1.11,0.035
mol_002_E,sp3,1.7092,BD ( 1) C 10- H 22,BD*( 1) C 7- C 9,0.52,1.07,0.021
mol_002_E,sp3,1.7092,BD ( 1) C 10- H 22,BD*( 1) C 9- H 20,0.7,1.05,0.024
mol_002_E,sp3,1.7092,BD ( 1) C 10- H 22,BD*( 1) C 9- H 21,1.18,1.05,0.031
mol_002_E,sp3,1.7092,BD ( 1) C 10- H 22,BD*( 2) C 11- N 12,9.19,0.62,0.067
mol_002_E,sp3,1.7092,BD ( 1) C 10- H 22,RY ( 2) C 9,0.73,1.38,0.028
mol_002_E,sp3,1.7092,BD ( 1) C 10- H 23,BD*( 1) C 6- C 11,1.4,1.11,0.035
mol_002_E,sp3,1.7092,BD ( 1) C 10- H 23,BD*( 1) C 9- H 20,1.19,1.05,0.032
mol_002_E,sp3,1.7092,BD ( 1) C 10- H 23,BD*( 1) C 9- H 21,0.77,1.05,0.025
mol_002_E,sp3,1.7092,BD ( 1) C 10- H 23,BD*( 2) C 11- N 12,9.25,0.62,0.068
mol_002_E,sp3,1.7092,BD ( 1) C 10- H 23,RY ( 2) C 9,0.56,1.38,0.025
mol_002_E,sp3,1.7092,BD ( 1) C 11- N 12,BD*( 1) C 6- C 7,0.74,1.59,0.031
mol_002_E,sp3,1.7092,BD ( 1) C 11- N 12,BD*( 1) C 6- C 11,1.5,1.48,0.042
mol_002_E,sp3,1.7092,BD ( 1) C 11- N 12,BD*( 1) C 10- C 11,1.89,1.4,0.046
mol_002_E,sp3,1.7092,BD ( 1) C 11- N 12,RY ( 1) C 6,1.65,2.24,0.054
mol_002_E,sp3,1.7092,BD ( 1) C 11- N 12,RY ( 2) C 6,0.99,2.76,0.047
mol_002_E,sp3,1.7092,BD ( 1) C 11- N 12,RY ( 1) O 13,0.62,2.24,0.033
mol_002_E,sp3,1.7092,BD ( 2) C 11- N 12,BD*( 2) C 6- C 7,6.25,0.53,0.052
mol_002_E,sp3,1.7092,BD ( 2) C 11- N 12,BD*( 1) C 10- H 22,1.13,0.95,0.029
mol_002_E,sp3,1.7092,BD ( 2) C 11- N 12,BD*( 1) C 10- H 23,1.13,0.95,0.029
mol_002_E,sp3,1.7092,BD ( 2) C 11- N 12,RY ( 3) C 6,0.57,1.14,0.023
mol_002_E,sp3,1.7092,BD ( 1) N 12- O 13,BD*( 1) C 6- C 11,5.54,1.22,0.073
mol_002_E,sp3,1.7092,BD ( 1) N 12- O 13,BD*( 1) C 10- C 11,1.82,1.14,0.041
mol_002_E,sp3,1.7092,BD ( 1) N 12- O 13,RY ( 3) C 11,0.7,2.08,0.034
mol_002_E,sp4,1.8092,LP ( 1) O 2,BD*( 1) C 1- H 14,3.22,1.07,0.052
mol_002_E,sp4,1.8092,LP ( 1) O 2,BD*( 1) C 1- H 15,0.79,1.06,0.026
mol_002_E,sp4,1.8092,LP ( 1) O 2,BD*( 1) C 1- H 16,0.78,1.06,0.026
mol_002_E,sp4,1.8092,LP ( 1) O 2,BD*( 1) C 3- C 4,1.31,1.2,0.035
mol_002_E,sp4,1.8092,LP ( 1) O 2,BD*( 1) C 3- C 8,7.66,1.22,0.086
mol_002_E,sp4,1.8092,LP ( 1) O 2,RY ( 1) C 1,2.12,2.18,0.061
mol_002_E,sp4,1.8092,LP ( 1) O 2,RY ( 1) C 3,3.07,2.01,0.07
mol_002_E,sp4,1.8092,LP ( 2) O 2,BD*( 1) C 1- H 15,6.35,0.88,0.067
mol_002_E,sp4,1.8092,LP ( 2) O 2,BD*( 1) C 1- H 16,6.38,0.88,0.067
mol_002_E,sp4,1.8092,LP ( 2) O 2,BD*( 2) C 3- C 8,48.71,0.47,0.135
mol_002_E,sp4,1.8092,LP ( 2) O 2,RY ( 3) C 1,1.6,1.99,0.05
mol_002_E,sp4,1.8092,LP ( 2) O 2,RY ( 3) C 3,2.68,2.03,0.066
mol_002_E,sp4,1.8092,LP ( 1) N 12,BD*( 1) C 10- C 11,5.46,1.04,0.067
mol_002_E,sp4,1.8092,LP ( 1) N 12,RY ( 1) C 11,8.24,1.57,0.102
mol_002_E,sp4,1.8092,LP ( 1) O 13,BD*( 1) C 6- C 11,0.82,1.21,0.028
mol_002_E,sp4,1.8092,LP ( 1) O 13,BD*( 1) C 9- C 10,0.64,1.12,0.024
mol_002_E,sp4,1.8092,LP ( 1) O 13,RY ( 1) H 24,1.26,2.64,0.051
mol_002_E,sp4,1.8092,LP ( 1) O 13,RY ( 1) H 25,1.25,2.58,0.051
mol_002_E,sp4,1.8092,BD ( 1) C 1- O 2,BD*( 1) C 3- C 4,2.85,1.45,0.057
mol_002_E,sp4,1.8092,BD ( 1) C 1- O 2,RY ( 2) C 3,2.29,2.52,0.068
mol_002_E,sp4,1.8092,BD ( 1) C 1- H 14,BD*( 1) O 2- C 3,3.43,1.04,0.053
mol_002_E,sp4,1.8092,BD ( 1) C 1- H 15,RY ( 2) O 2,0.76,1.22,0.027
mol_002_E,sp4,1.8092,BD ( 1) C 1- H 16,RY ( 2) O 2,0.66,1.22,0.025
mol_002_E,sp4,1.8092,BD ( 1) O 2- C 3,BD*( 1) C 4- C 5,1.02,1.59,0.036
mol_002_E,sp4,1.8092,BD ( 1) O 2- C 3,BD*( 1) C 7- C 8,0.91,1.58,0.034
mol_002_E,sp4,1.8092,BD ( 1) O 2- C 3,RY ( 2) C 1,1.23,1.96,0.044
mol_002_E,sp4,1.8092,BD ( 1) O 2- C 3,RY ( 1) C 4,0.75,2.3,0.037
mol_002_E,sp4,1.8092,BD ( 1) C 3- C 4,BD*( 1) C 1- O 2,3.32,1.07,0.053
mol_002_E,sp4,1.8092,BD ( 1) C 3- C 4,BD*( 1) C 3- C 8,2.63,1.34,0.053
mol_002_E,sp4,1.8092,BD ( 1) C 3- C 4,BD*( 1) C 4- C 5,2.01,1.37,0.047
mol_002_E,sp4,1.8092,BD ( 1) C 3- C 4,BD*( 1) C 4- H 17,0.85,1.22,0.029
mol_002_E,sp4,1.8092,BD ( 1) C 3- C 4,BD*( 1) C 5- H 18,2.38,1.23,0.048
mol_002_E,sp4,1.8092,BD ( 1) C 3- C 4,BD*( 1) C 8- H 19,2.41,1.23,0.049
mol_002_E,sp4,1.8092,BD ( 1) C 3- C 4,RY ( 1) O 2,1.2,1.43,0.037
mol_002_E,sp4,1.8092,BD ( 1) C 3- C 4,RY ( 1) C 5,0.74,1.99,0.034
mol_002_E,sp4,1.8092,BD ( 1) C 3- C 4,RY ( 2) C 5,1.68,1.95,0.051
mol_002_E,sp4,1.8092,BD ( 1) C 3- C 4,RY ( 1) C 8,0.6,2.01,0.031
mol_002_E,sp4,1.8092,BD ( 1) C 3- C 4,RY ( 2) C 8,0.98,2.18,0.041
mol_002_E,sp4,1.8092,BD ( 1) C 3- C 8,BD*( 1) C 3- C 4,2.79,1.33,0.054
mol_002_E,sp4,1.8092,BD ( 1) C 3- C 8,BD*( 1) C 4- H 17,1.78,1.23,0.042
mol_002_E,sp4,1.8092,BD ( 1) C 3- C 8,BD*( 1) C 7- C 8,3.31,1.38,0.06
mol_002_E,sp4,1.8092,BD ( 1) C 3- C 8,BD*( 1) C 7- C 9,3.86,1.22,0.061
mol_002_E,sp4,1.8092,BD ( 1) C 3- C 8,BD*( 1) C 8- H 19,1.31,1.24,0.036
mol_002_E,sp4,1.8092,BD ( 1) C 3- C 8,RY ( 2) C 1,0.51,1.75,0.027
mol_002_E,sp4,1.8092,BD ( 1) C 3- C 8,RY ( 1) O 2,0.99,1.44,0.034
mol_002_E,sp4,1.8092,BD ( 1) C 3- C 8,RY ( 1) C 4,1.13,2.09,0.043
mol_002_E,sp4,1.8092,BD ( 1) C 3- C 8,RY ( 2) C 4,0.56,2.08,0.03
mol_002_E,sp4,1.8092,BD ( 1) C 3- C 8,RY ( 1) C 7,1.44,2.23,0.051
mol_002_E,sp4,1.8092,BD ( 1) C 3- C 8,RY ( 2) C 7,0.68,2.2,0.035
mol_002_E,sp4,1.8092,BD ( 2) C 3- C 8,BD*( 2) C 3- C 8,1.34,0.39,0.02
mol_002_E,sp4,1.8092,BD ( 2) C 3- C 8,BD*( 2) C 4- C 5,23.82,0.41,0.088
mol_002_E,sp4,1.8092,BD ( 2) C 3- C 8,BD*( 2) C 6- C 7,49.24,0.39,0.124
mol_002_E,sp4,1.8092,BD ( 2) C 3- C 8,RY ( 2) O 2,1.59,0.96,0.035
mol_002_E,sp4,1.8092,BD ( 2) C 3- C 8,RY ( 3) C 4,1.87,0.97,0.038
mol_002_E,sp4,1.8092,BD ( 2) C 3- C 8,RY ( 4) C 7,0.61,1.75,0.029
mol_002_E,sp4,1.8092,BD ( 2) C 3- C 8,RY ( 8) C 7,0.76,1.6,0.031
mol_002_E,sp4,1.8092,BD ( 2) C 3- C 8,RY ( 3) C 8,0.62,0.88,0.021
mol_002_E,sp4,1.8092,BD ( 1) C 4- C 5,BD*( 1) O 2- C 3,2.96,1.16,0.052
mol_002_E,sp4,1.8092,BD ( 1) C 4- C 5,BD*( 1) C 3- C 4,2.01,1.32,0.046
mol_002_E,sp4,1.8092,BD ( 1) C 4- C 5,BD*( 1) C 4- H 17,1.27,1.22,0.035
mol_002_E,sp4,1.8092,BD ( 1) C 4- C 5,BD*( 1) C 5- C 6,2.96,1.33,0.056
mol_002_E,sp4,1.8092,BD ( 1) C 4- C 5,BD*( 1) C 5- H 18,1.18,1.23,0.034
mol_002_E,sp4,1.8092,BD ( 1) C 4- C 5,BD*( 1) C 6- C 11,4.32,1.24,0.065
mol_002_E,sp4,1.8092,BD ( 1) C 4- C 5,RY ( 1) C 3,1.62,2.13,0.052
mol_002_E,sp4,1.8092,BD ( 1) C 4- C 5,RY ( 2) C 3,0.6,2.39,0.034
mol_002_E,sp4,1.8092,BD ( 1) C 4- C 5,RY ( 1) C 6,2.06,2.01,0.057
mol_002_E,sp4,1.8092,BD ( 1) C 4- C 5,RY ( 6) C 6,0.56,2.72,0.035
mol_002_E,sp4,1.8092,BD ( 1) C 4- C 5,RY ( 1) H 18,0.88,1.71,0.035
mol_002_E,sp4,1.8092,BD ( 2) C 4- C 5,BD*( 2) C 3- C 8,36.25,0.4,0.107
mol_002_E,sp4,1.8092,BD ( 2) C 4- C 5,BD*( 2) C 6- C 7,26.11,0.4,0.091
mol_002_E,sp4,1.8092,BD ( 2) C 4- C 5,RY ( 5) C 3,0.78,2.02,0.035
mol_002_E,sp4,1.8092,BD ( 2) C 4- C 5,RY ( 3) C 6,0.8,1.0,0.025
mol_002_E,sp4,1.8092,BD ( 1) C 4- H 17,BD*( 1) O 2- C 3,2.15,1.03,0.042
mol_002_E,sp4,1.8092,BD ( 1) C 4- H 17,BD*( 1) C 3- C 8,4.26,1.21,0.064
mol_002_E,sp4,1.8092,BD ( 1) C 4- H 17,BD*( 1) C 4- C 5,0.87,1.24,0.029
mol_002_E,sp4,1.8092,BD ( 1) C 4- H 17,BD*( 1) C 5- C 6,3.4,1.2,0.057
mol_002_E,sp4,1.8092,BD ( 1) C 4- H 17,BD*( 1) C 5- H 18,0.96,1.1,0.029
mol_002_E,sp4,1.8092,BD ( 1) C 4- H 17,RY ( 1) C 3,0.54,2.0,0.029
mol_002_E,sp4,1.8092,BD ( 1) C 4- H 17,RY ( 1) C 5,1.13,1.86,0.041
mol_002_E,sp4,1.8092,BD ( 1) C 5- C 6,BD*( 1) C 4- C 5,2.68,1.36,0.054
mol_002_E,sp4,1.8092,BD ( 1) C 5- C 6,BD*( 1) C 4- H 17,2.48,1.22,0.049
mol_002_E,sp4,1.8092,BD ( 1) C 5- C 6,BD*( 1) C 5- H 18,1.09,1.22,0.033
mol_002_E,sp4,1.8092,BD ( 1) C 5- C 6,BD*( 1) C 6- C 7,4.72,1.35,0.071
mol_002_E,sp4,1.8092,BD ( 1) C 5- C 6,BD*( 1) C 6- C 11,3.17,1.24,0.056
mol_002_E,sp4,1.8092,BD ( 1) C 5- C 6,BD*( 1) C 7- C 9,2.02,1.21,0.044
mol_002_E,sp4,1.8092,BD ( 1) C 5- C 6,BD*( 1) C 10- C 11,1.03,1.16,0.031
mol_002_E,sp4,1.8092,BD ( 1) C 5- C 6,RY ( 1) C 4,1.09,2.07,0.042
mol_002_E,sp4,1.8092,BD ( 1) C 5- C 6,RY ( 2) C 4,1.59,2.06,0.051
mol_002_E,sp4,1.8092,BD ( 1) C 5- C 6,RY ( 2) C 6,0.87,2.54,0.042
mol_002_E,sp4,1.8092,BD ( 1) C 5- C 6,RY ( 4) C 6,1.42,6.06,0.083
mol_002_E,sp4,1.8092,BD ( 1) C 5- C 6,RY ( 9) C 6,1.01,6.23,0.071
mol_002_E,sp4,1.8092,BD ( 1) C 5- C 6,RY (16) C 6,1.15,10.85,0.1
mol_002_E,sp4,1.8092,BD ( 1) C 5- C 6,RY ( 1) C 7,0.65,2.22,0.034
mol_002_E,sp4,1.8092,BD ( 1) C 5- C 6,RY ( 2) C 7,0.61,2.18,0.032
mol_002_E,sp4,1.8092,BD ( 1) C 5- C 6,RY ( 6) C 7,0.63,4.39,0.047
mol_002_E,sp4,1.8092,BD ( 1) C 5- C 6,RY ( 1) C 11,1.17,1.69,0.04
mol_002_E,sp4,1.8092,BD ( 1) C 5- C 6,RY ( 6) C 11,0.62,13.06,0.08
mol_002_E,sp4,1.8092,BD ( 1) C 5- H 18,BD*( 1) C 3- C 4,3.73,1.2,0.06
mol_002_E,sp4,1.8092,BD ( 1) C 5- H 18,BD*( 1) C 4- C 5,0.89,1.25,0.03
mol_002_E,sp4,1.8092,BD ( 1) C 5- H 18,BD*( 1) C 4- H 17,0.94,1.1,0.029
mol_002_E,sp4,1.8092,BD ( 1) C 5- H 18,BD*( 1) C 5- C 6,0.59,1.21,0.024
mol_002_E,sp4,1.8092,BD ( 1) C 5- H 18,BD*( 1) C 6- C 7,4.25,1.23,0.065
mol_002_E,sp4,1.8092,BD ( 1) C 5- H 18,BD*( 1) C 6- C 11,0.56,1.12,0.022
mol_002_E,sp4,1.8092,BD ( 1) C 5- H 18,RY ( 1) C 4,1.18,1.96,0.043
mol_002_E,sp4,1.8092,BD ( 1) C 5- H 18,RY ( 1) C 6,0.87,1.89,0.036
mol_002_E,sp4,1.8092,BD ( 1) C 6- C 7,BD*( 1) C 5- C 6,4.43,1.32,0.068
mol_002_E,sp4,1.8092,BD ( 1) C 6- C 7,BD*( 1) C 5- H 18,2.15,1.22,0.046
mol_002_E,sp4,1.8092,BD ( 1) C 6- C 7,BD*( 1) C 6- C 11,2.17,1.23,0.046
mol_002_E,sp4,1.8092,BD ( 1) C 6- C 7,BD*( 1) C 7- C 8,2.68,1.35,0.054
mol_002_E,sp4,1.8092,BD ( 1) C 6- C 7,BD*( 1) C 7- C 9,1.37,1.2,0.036
mol_002_E,sp4,1.8092,BD ( 1) C 6- C 7,BD*( 1) C 8- H 19,2.51,1.22,0.049
mol_002_E,sp4,1.8092,BD ( 1) C 6- C 7,BD*( 1) C 9- H 20,0.52,1.18,0.022
mol_002_E,sp4,1.8092,BD ( 1) C 6- C 7,BD*( 1) C 11- N 12,2.65,1.36,0.054
mol_002_E,sp4,1.8092,BD ( 1) C 6- C 7,BD*( 1) N 12- O 13,0.61,0.67,0.018
mol_002_E,sp4,1.8092,BD ( 1) C 6- C 7,RY ( 1) C 5,0.96,1.98,0.039
mol_002_E,sp4,1.8092,BD ( 1) C 6- C 7,RY ( 1) C 8,1.64,2.0,0.051
mol_002_E,sp4,1.8092,BD ( 1) C 6- C 7,RY ( 1) C 9,0.87,1.42,0.031
mol_002_E,sp4,1.8092,BD ( 1) C 6- C 7,RY ( 1) C 11,0.55,1.69,0.027
mol_002_E,sp4,1.8092,BD ( 1) C 6- C 7,RY ( 3) C 11,0.88,2.09,0.038
mol_002_E,sp4,1.8092,BD ( 2) C 6- C 7,BD*( 2) C 3- C 8,22.03,0.39,0.083
mol_002_E,sp4,1.8092,BD ( 2) C 6- C 7,BD*( 2) C 4- C 5,34.73,0.41,0.106
mol_002_E,sp4,1.8092,BD ( 2) C 6- C 7,BD*( 2) C 6- C 7,0.79,0.39,0.016
mol_002_E,sp4,1.8092,BD ( 2) C 6- C 7,BD*( 1) C 9- H 20,3.24,0.81,0.046
mol_002_E,sp4,1.8092,BD ( 2) C 6- C 7,BD*( 1) C 9- H 21,3.33,0.81,0.046
mol_002_E,sp4,1.8092,BD ( 2) C 6- C 7,BD*( 2) C 11- N 12,44.3,0.38,0.115
mol_002_E,sp4,1.8092,BD ( 2) C 6- C 7,RY ( 3) C 5,2.17,1.29,0.047
mol_002_E,sp4,1.8092,BD ( 2) C 6- C 7,RY ( 3) C 8,2.08,0.87,0.038
mol_002_E,sp4,1.8092,BD ( 2) C 6- C 7,RY ( 2) C 9,0.56,1.14,0.022
mol_002_E,sp4,1.8092,BD ( 2) C 6- C 7,RY ( 2) C 11,1.07,1.98,0.041
mol_002_E,sp4,1.8092,BD ( 2) C 6- C 7,RY (10) C 11,0.59,1.35,0.025
mol_002_E,sp4,1.8092,BD ( 1) C 6- C 11,BD*( 1) C 4- C 5,1.01,1.35,0.033
mol_002_E,sp4,1.8092,BD ( 1) C 6- C 11,BD*( 1) C 5- C 6,2.58,1.31,0.052
mol_002_E,sp4,1.8092,BD ( 1) C 6- C 11,BD*( 1) C 6- C 7,1.6,1.34,0.041
mol_002_E,sp4,1.8092,BD ( 1) C 6- C 11,BD*( 1) C 7- C 8,3.37,1.35,0.06
mol_002_E,sp4,1.8092,BD ( 1) C 6- C 11,BD*( 1) C 9- C 10,0.59,1.13,0.023
mol_002_E,sp4,1.8092,BD ( 1) C 6- C 11,BD*( 1) C 10- C 11,1.06,1.15,0.031
mol_002_E,sp4,1.8092,BD ( 1) C 6- C 11,BD*( 1) C 10- H 22,0.5,1.17,0.022
mol_002_E,sp4,1.8092,BD ( 1) C 6- C 11,BD*( 1) C 11- N 12,1.69,1.35,0.043
mol_002_E,sp4,1.8092,BD ( 1) C 6- C 11,BD*( 1) N 12- O 13,17.94,0.66,0.097
mol_002_E,sp4,1.8092,BD ( 1) C 6- C 11,RY ( 1) C 5,1.33,1.98,0.046
mol_002_E,sp4,1.8092,BD ( 1) C 6- C 11,RY ( 1) C 7,1.25,2.21,0.047
mol_002_E,sp4,1.8092,BD ( 1) C 6- C 11,RY ( 1) C 10,0.83,1.47,0.031
mol_002_E,sp4,1.8092,BD ( 1) C 6- C 11,RY ( 1) N 12,1.35,1.73,0.043
mol_002_E,sp4,1.8092,BD ( 1) C 7- C 8,BD*( 1) O 2- C 3,4.02,1.16,0.061
mol_002_E,sp4,1.8092,BD ( 1) C 7- C 8,BD*( 1) C 3- C 8,3.12,1.34,0.058
mol_002_E,sp4,1.8092,BD ( 1) C 7- C 8,BD*( 1) C 6- C 7,3.16,1.35,0.058
mol_002_E,sp4,1.8092,BD ( 1) C 7- C 8,BD*( 1) C 6- C 11,2.29,1.24,0.048
mol_002_E,sp4,1.8092,BD ( 1) C 7- C 8,BD*( 1) C 7- C 9,1.65,1.21,0.04
mol_002_E,sp4,1.8092,BD ( 1) C 7- C 8,BD*( 1) C 8- H 19,1.86,1.22,0.043
mol_002_E,sp4,1.8092,BD ( 1) C 7- C 8,BD*( 1) C 9- C 10,0.54,1.15,0.022
mol_002_E,sp4,1.8092,BD ( 1) C 7- C 8,RY ( 2) C 3,1.54,2.38,0.054
mol_002_E,sp4,1.8092,BD ( 1) C 7- C 8,RY ( 1) C 6,0.87,2.01,0.037
mol_002_E,sp4,1.8092,BD ( 1) C 7- C 8,RY ( 2) C 6,1.19,2.54,0.049
mol_002_E,sp4,1.8092,BD ( 1) C 7- C 8,RY ( 1) C 9,0.84,1.43,0.031
mol_002_E,sp4,1.8092,BD ( 1) C 7- C 8,RY ( 1) H 19,0.82,1.59,0.032
mol_002_E,sp4,1.8092,BD ( 1) C 7- C 9,BD*( 1) C 3- C 8,1.85,1.28,0.043
mol_002_E,sp4,1.8092,BD ( 1) C 7- C 9,BD*( 1) C 5- C 6,3.76,1.27,0.062
mol_002_E,sp4,1.8092,BD ( 1) C 7- C 9,BD*( 1) C 6- C 7,1.2,1.29,0.035
mol_002_E,sp4,1.8092,BD ( 1) C 7- C 9,BD*( 1) C 6- C 11,0.78,1.18,0.027
mol_002_E,sp4,1.8092,BD ( 1) C 7- C 9,BD*( 1) C 7- C 8,1.92,1.3,0.045
mol_002_E,sp4,1.8092,BD ( 1) C 7- C 9,BD*( 1) C 9- C 10,0.52,1.09,0.021
mol_002_E,sp4,1.8092,BD ( 1) C 7- C 9,BD*( 1) C 9- H 20,0.6,1.13,0.023
mol_002_E,sp4,1.8092,BD ( 1) C 7- C 9,BD*( 1) C 9- H 21,0.6,1.13,0.023
mol_002_E,sp4,1.8092,BD ( 1) C 7- C 9,BD*( 1) C 10- C 11,0.97,1.1,0.029
mol_002_E,sp4,1.8092,BD ( 1) C 7- C 9,BD*( 1) C 10- H 22,0.66,1.13,0.024
mol_002_E,sp4,1.8092,BD ( 1) C 7- C 9,BD*( 1) C 10- H 23,0.59,1.13,0.023
mol_002_E,sp4,1.8092,BD ( 1) C 7- C 9,RY ( 1) C 6,0.57,1.95,0.03
mol_002_E,sp4,1.8092,BD ( 1) C 7- C 9,RY ( 1) C 8,1.7,1.95,0.051
mol_002_E,sp4,1.8092,BD ( 1) C 7- C 9,RY ( 3) C 10,0.8,1.77,0.034
mol_002_E,sp4,1.8092,BD ( 1) C 8- H 19,BD*( 1) O 2- C 3,1.54,1.04,0.036
mol_002_E,sp4,1.8092,BD ( 1) C 8- H 19,BD*( 1) C 3- C 4,3.96,1.19,0.061
mol_002_E,sp4,1.8092,BD ( 1) C 8- H 19,BD*( 1) C 3- C 8,0.79,1.21,0.028
mol_002_E,sp4,1.8092,BD ( 1) C 8- H 19,BD*( 1) C 6- C 7,4.5,1.23,0.066
mol_002_E,sp4,1.8092,BD ( 1) C 8- H 19,BD*( 1) C 7- C 8,1.24,1.24,0.035
mol_002_E,sp4,1.8092,BD ( 1) C 8- H 19,RY ( 1) C 3,0.93,2.01,0.039
mol_002_E,sp4,1.8092,BD ( 1) C 8- H 19,RY ( 6) C 3,0.59,4.99,0.048
mol_002_E,sp4,1.8092,BD ( 1) C 8- H 19,RY ( 1) C 7,1.56,2.1,0.051
mol_002_E,sp4,1.8092,BD ( 1) C 9- C 10,BD*( 1) C 6- C 7,0.51,1.27,0.023
mol_002_E,sp4,1.8092,BD ( 1) C 9- C 10,BD*( 1) C 6- C 11,0.62,1.16,0.024
mol_002_E,sp4,1.8092,BD ( 1) C 9- C 10,BD*( 1) C 7- C 8,4.24,1.28,0.066
mol_002_E,sp4,1.8092,BD ( 1) C 9- C 10,BD*( 1) C 7- C 9,0.68,1.13,0.025
mol_002_E,sp4,1.8092,BD ( 1) C 9- C 10,BD*( 1) C 11- N 12,4.67,1.29,0.069
mol_002_E,sp4,1.8092,BD ( 1) C 9- C 10,RY ( 2) C 7,0.59,2.1,0.031
mol_002_E,sp4,1.8092,BD ( 1) C 9- C 10,RY ( 4) C 11,0.79,2.03,0.036
mol_002_E,sp4,1.8092,BD ( 1) C 9- H 20,BD*( 1) C 6- C 7,1.36,1.2,0.036
mol_002_E,sp4,1.8092,BD ( 1) C 9- H 20,BD*( 2) C 6- C 7,6.33,0.62,0.056
mol_002_E,sp4,1.8092,BD ( 1) C 9- H 20,BD*( 1) C 10- C 11,0.73,1.02,0.024
mol_002_E,sp4,1.8092,BD ( 1) C 9- H 20,BD*( 1) C 10- H 22,0.79,1.04,0.026
mol_002_E,sp4,1.8092,BD ( 1) C 9- H 20,BD*( 1) C 10- H 23,1.22,1.04,0.032
mol_002_E,sp4,1.8092,BD ( 1) C 9- H 20,RY ( 2) C 10,0.59,1.37,0.025
mol_002_E,sp4,1.8092,BD ( 1) C 9- H 21,BD*( 1) C 6- C 7,1.25,1.2,0.035
mol_002_E,sp4,1.8092,BD ( 1) C 9- H 21,BD*( 2) C 6- C 7,6.65,0.62,0.057
mol_002_E,sp4,1.8092,BD ( 1) C 9- H 21,BD*( 1) C 10- C 11,0.65,1.02,0.023
mol_002_E,sp4,1.8092,BD ( 1) C 9- H 21,BD*( 1) C 10- H 22,1.22,1.04,0.032
mol_002_E,sp4,1.8092,BD ( 1) C 9- H 21,BD*( 1) C 10- H 23,0.89,1.04,0.027
mol_002_E,sp4,1.8092,BD ( 1) C 9- H 21,RY ( 2) C 10,0.53,1.37,0.024
mol_002_E,sp4,1.8092,BD ( 1) C 10- C 11,BD*( 1) C 5- C 6,3.81,1.3,0.063
mol_002_E,sp4,1.8092,BD ( 1) C 10- C 11,BD*( 1) C 6- C 11,1.35,1.21,0.036
mol_002_E,sp4,1.8092,BD ( 1) C 10- C 11,BD*( 1) C 7- C 9,0.59,1.18,0.023
mol_002_E,sp4,1.8092,BD ( 1) C 10- C 11,BD*( 1) C 9- H 20,0.55,1.16,0.023
mol_002_E,sp4,1.8092,BD ( 1) C 10- C 11,BD*( 1) C 11- N 12,0.83,1.34,0.03
mol_002_E,sp4,1.8092,BD ( 1) C 10- C 11,BD*( 1) N 12- O 13,7.13,0.65,0.061
mol_002_E,sp4,1.8092,BD ( 1) C 10- C 11,RY ( 1) C 6,0.77,1.98,0.035
mol_002_E,sp4,1.8092,BD ( 1) C 10- C 11,RY ( 3) C 9,0.81,1.76,0.034
mol_002_E,sp4,1.8092,BD ( 1) C 10- C 11,RY ( 1) N 12,1.7,1.71,0.048
mol_002_E,sp4,1.8092,BD ( 1) C 10- H 22,BD*( 1) C 6- C 11,1.42,1.1,0.035
mol_002_E,sp4,1.8092,BD ( 1) C 10- H 22,BD*( 1) C 7- C 9,0.52,1.08,0.021
mol_002_E,sp4,1.8092,BD ( 1) C 10- H 22,BD*( 1) C 9- H 20,0.68,1.05,0.024
mol_002_E,sp4,1.8092,BD ( 1) C 10- H 22,BD*( 1) C 9- H 21,1.18,1.05,0.032
mol_002_E,sp4,1.8092,BD ( 1) C 10- H 22,BD*( 2) C 11- N 12,9.01,0.62,0.067
mol_002_E,sp4,1.8092,BD ( 1) C 10- H 22,RY ( 2) C 9,0.75,1.38,0.029
mol_002_E,sp4,1.8092,BD ( 1) C 10- H 23,BD*( 1) C 6- C 11,1.35,1.1,0.034
mol_002_E,sp4,1.8092,BD ( 1) C 10- H 23,BD*( 1) C 9- H 20,1.19,1.05,0.032
mol_002_E,sp4,1.8092,BD ( 1) C 10- H 23,BD*( 1) C 9- H 21,0.78,1.05,0.026
mol_002_E,sp4,1.8092,BD ( 1) C 10- H 23,BD*( 2) C 11- N 12,9.37,0.62,0.068
mol_002_E,sp4,1.8092,BD ( 1) C 10- H 23,RY ( 2) C 9,0.57,1.38,0.025
mol_002_E,sp4,1.8092,BD ( 1) C 11- N 12,BD*( 1) C 6- C 7,0.71,1.59,0.03
mol_002_E,sp4,1.8092,BD ( 1) C 11- N 12,BD*( 1) C 6- C 11,1.5,1.48,0.042
mol_002_E,sp4,1.8092,BD ( 1) C 11- N 12,BD*( 1) C 10- C 11,2.02,1.4,0.048
mol_002_E,sp4,1.8092,BD ( 1) C 11- N 12,RY ( 1) C 6,1.68,2.25,0.055
mol_002_E,sp4,1.8092,BD ( 1) C 11- N 12,RY ( 2) C 6,1.02,2.78,0.047
mol_002_E,sp4,1.8092,BD ( 1) C 11- N 12,RY ( 6) C 11,0.54,13.3,0.076
mol_002_E,sp4,1.8092,BD ( 2) C 11- N 12,BD*( 2) C 6- C 7,6.07,0.54,0.051
mol_002_E,sp4,1.8092,BD ( 2) C 11- N 12,BD*( 1) C 10- H 22,1.06,0.95,0.028
mol_002_E,sp4,1.8092,BD ( 2) C 11- N 12,BD*( 1) C 10- H 23,1.1,0.95,0.029
mol_002_E,sp4,1.8092,BD ( 2) C 11- N 12,RY ( 3) C 6,0.55,1.13,0.022
mol_002_E,sp4,1.8092,BD ( 1) N 12- O 13,BD*( 1) C 6- C 11,5.69,1.16,0.072
mol_002_E,sp4,1.8092,BD ( 1) N 12- O 13,BD*( 1) C 10- C 11,2.11,1.08,0.043
mol_002_E,sp4,1.8092,BD ( 1) N 12- O 13,RY ( 4) C 11,0.85,2.03,0.037
mol_006_E,nbo,1.5108,LP ( 1) N 11,BD*( 1) C 9- C 10,8.2,1.01,0.081
mol_006_E,nbo,1.5108,LP ( 1) N 11,RY ( 1) C 10,6.62,1.73,0.096
mol_006_E,nbo,1.5108,LP ( 1) N 11,RY ( 4) N 11,0.52,2.54,0.032
mol_006_E,nbo,1.5108,LP ( 1) N 11,RY ( 9) N 11,0.65,4.13,0.046
mol_006_E,nbo,1.5108,LP ( 1) N 11,RY (11) N 11,0.93,5.11,0.062
mol_006_E,nbo,1.5108,LP ( 1) N 11,RY (15) N 11,1.03,14.16,0.108
mol_006_E,nbo,1.5108,LP ( 1) N 11,RY (17) N 11,0.66,9.35,0.07
mol_006_E,nbo,1.5108,LP ( 1) N 11,RY ( 3) O 12,0.55,2.49,0.033
mol_006_E,nbo,1.5108,LP ( 1) O 12,BD*( 1) C 5- C 10,1.31,1.2,0.035
mol_006_E,nbo,1.5108,LP ( 1) O 12,BD*( 1) C 8- C 9,0.75,1.1,0.026
mol_006_E,nbo,1.5108,LP ( 1) O 12,RY ( 2) N 11,0.58,2.15,0.032
mol_006_E,nbo,1.5108,LP ( 1) O 12,RY ( 1) H 23,1.24,2.61,0.051
mol_006_E,nbo,1.5108,LP ( 1) O 12,RY ( 1) H 24,1.24,2.63,0.051
mol_006_E,nbo,1.5108,BD ( 1) C 1- C 2,BD*( 1) C 1- H 15,0.5,1.12,0.021
mol_006_E,nbo,1.5108,BD ( 1) C 1- C 2,BD*( 1) C 2- C 3,1.23,1.28,0.035
mol_006_E,nbo,1.5108,BD ( 1) C 1- C 2,BD*( 1) C 2- C 7,1.36,1.29,0.037
mol_006_E,nbo,1.5108,BD ( 1) C 1- C 2,BD*( 1) C 3- C 4,2.42,1.3,0.05
mol_006_E,nbo,1.5108,BD ( 1) C 1- C 2,BD*( 1) C 3- H 16,0.5,1.16,0.022
mol_006_E,nbo,1.5108,BD ( 1) C 1- C 2,BD*( 1) C 6- C 7,2.49,1.3,0.051
mol_006_E,nbo,1.5108,BD ( 1) C 1- C 2,BD*( 1) C 7- H 18,0.5,1.16,0.022
mol_006_E,nbo,1.5108,BD ( 1) C 1- C 2,RY ( 1) C 3,1.68,1.94,0.051
mol_006_E,nbo,1.5108,BD ( 1) C 1- C 2,RY ( 1) C 7,1.24,1.93,0.044
mol_006_E,nbo,1.5108,BD ( 1) C 1- C 2,RY ( 2) C 7,0.67,1.71,0.03
mol_006_E,nbo,1.5108,BD ( 1) C 1- H 13,BD*( 1) C 2- C 3,4.67,1.19,0.067
mol_006_E,nbo,1.5108,BD ( 1) C 1- H 14,BD*( 1) C 2- C 7,2.37,1.21,0.048
mol_006_E,nbo,1.5108,BD ( 1) C 1- H 14,BD*( 2) C 2- C 7,5.25,0.64,0.052
mol_006_E,nbo,1.5108,BD ( 1) C 1- H 15,BD*( 1) C 2- C 7,1.54,1.2,0.038
mol_006_E,nbo,1.5108,BD ( 1) C 1- H 15,BD*( 2) C 2- C 7,6.97,0.64,0.059
mol_006_E,nbo,1.5108,BD ( 1) C 1- H 15,RY ( 3) C 2,0.65,1.51,0.028
mol_006_E,nbo,1.5108,BD ( 1) C 2- C 3,BD*( 1) C 1- C 2,1.23,1.19,0.034
mol_006_E,nbo,1.5108,BD ( 1) C 2- C 3,BD*( 1) C 1- H 13,0.94,1.18,0.03
mol_006_E,nbo,1.5108,BD ( 1) C 2- C 3,BD*( 1) C 2- C 7,2.15,1.34,0.048
mol_006_E,nbo,1.5108,BD ( 1) C 2- C 3,BD*( 1) C 3- C 4,2.46,1.35,0.051
mol_006_E,nbo,1.5108,BD ( 1) C 2- C 3,BD*( 1) C 3- H 16,0.99,1.21,0.031
mol_006_E,nbo,1.5108,BD ( 1) C 2- C 3,BD*( 1) C 4- H 17,2.32,1.21,0.047
mol_006_E,nbo,1.5108,BD ( 1) C 2- C 3,BD*( 1) C 7- H 18,2.74,1.21,0.051
mol_006_E,nbo,1.5108,BD ( 1) C 2- C 3,RY ( 1) C 1,1.46,1.36,0.04
mol_006_E,nbo,1.5108,BD ( 1) C 2- C 3,RY ( 1) C 4,0.75,1.98,0.035
mol_006_E,nbo,1.5108,BD ( 1) C 2- C 3,RY ( 2) C 4,1.72,1.83,0.05
mol_006_E,nbo,1.5108,BD ( 1) C 2- C 3,RY ( 1) C 7,0.96,1.97,0.039
mol_006_E,nbo,1.5108,BD ( 1) C 2- C 3,RY ( 2) C 7,0.78,1.76,0.033
mol_006_E,nbo,1.5108,BD ( 1) C 2- C 7,BD*( 1) C 1- C 2,1.36,1.2,0.036
mol_006_E,nbo,1.5108,BD ( 1) C 2- C 7,BD*( 1) C 1- H 14,0.51,1.17,0.022
mol_006_E,nbo,1.5108,BD ( 1) C 2- C 7,BD*( 1) C 2- C 3,2.23,1.33,0.049
mol_006_E,nbo,1.5108,BD ( 1) C 2- C 7,BD*( 1) C 3- H 16,2.32,1.21,0.047
mol_006_E,nbo,1.5108,BD ( 1) C 2- C 7,BD*( 1) C 6- C 7,3.67,1.35,0.063
mol_006_E,nbo,1.5108,BD ( 1) C 2- C 7,BD*( 1) C 6- C 8,3.88,1.2,0.061
mol_006_E,nbo,1.5108,BD ( 1) C 2- C 7,BD*( 1) C 7- H 18,1.34,1.21,0.036
mol_006_E,nbo,1.5108,BD ( 1) C 2- C 7,RY ( 1) C 1,0.99,1.36,0.033
mol_006_E,nbo,1.5108,BD ( 1) C 2- C 7,RY ( 1) C 3,1.09,1.99,0.042
mol_006_E,nbo,1.5108,BD ( 1) C 2- C 7,RY ( 1) C 6,1.47,2.14,0.05
mol_006_E,nbo,1.5108,BD ( 1) C 2- C 7,RY ( 2) C 6,0.61,2.11,0.032
mol_006_E,nbo,1.5108,BD ( 1) C 2- C 7,RY ( 1) H 18,0.55,1.68,0.027
mol_006_E,nbo,1.5108,BD ( 2) C 2- C 7,BD*( 1) C 1- H 14,3.01,0.8,0.044
mol_006_E,nbo,1.5108,BD ( 2) C 2- C 7,BD*( 1) C 1- H 15,3.7,0.8,0.048
mol_006_E,nbo,1.5108,BD ( 2) C 2- C 7,BD*( 2) C 3- C 4,27.68,0.4,0.094
mol_006_E,nbo,1.5108,BD ( 2) C 2- C 7,BD*( 2) C 5- C 6,45.33,0.39,0.118
mol_006_E,nbo,1.5108,BD ( 2) C 2- C 7,RY ( 2) C 1,0.95,1.15,0.03
mol_006_E,nbo,1.5108,BD ( 2) C 2- C 7,RY ( 3) C 3,2.13,1.02,0.042
mol_006_E,nbo,1.5108,BD ( 2) C 2- C 7,RY ( 4) C 6,0.57,1.96,0.03
mol_006_E,nbo,1.5108,BD ( 2) C 2- C 7,RY ( 8) C 6,0.72,1.71,0.031
mol_006_E,nbo,1.5108,BD ( 2) C 2- C 7,RY ( 3) C 7,0.54,0.89,0.02
mol_006_E,nbo,1.5108,BD ( 1) C 3- C 4,BD*( 1) C 1- C 2,3.01,1.2,0.054
mol_006_E,nbo,1.5108,BD ( 1) C 3- C 4,BD*( 1) C 2- C 3,2.63,1.34,0.053
mol_006_E,nbo,1.5108,BD ( 1) C 3- C 4,BD*( 1) C 3- H 16,0.98,1.22,0.031
mol_006_E,nbo,1.5108,BD ( 1) C 3- C 4,BD*( 1) C 4- C 5,2.88,1.33,0.055
mol_006_E,nbo,1.5108,BD ( 1) C 3- C 4,BD*( 1) C 4- H 17,1.21,1.22,0.034
mol_006_E,nbo,1.5108,BD ( 1) C 3- C 4,BD*( 1) C 5- C 10,4.21,1.25,0.065
mol_006_E,nbo,1.5108,BD ( 1) C 3- C 4,RY ( 1) C 2,1.59,2.14,0.052
mol_006_E,nbo,1.5108,BD ( 1) C 3- C 4,RY ( 2) C 2,0.88,2.01,0.037
mol_006_E,nbo,1.5108,BD ( 1) C 3- C 4,RY ( 1) C 5,2.2,2.03,0.06
mol_006_E,nbo,1.5108,BD ( 1) C 3- C 4,RY ( 4) C 5,0.61,4.08,0.045
mol_006_E,nbo,1.5108,BD ( 1) C 3- C 4,RY ( 1) H 17,0.85,1.61,0.033
mol_006_E,nbo,1.5108,BD ( 2) C 3- C 4,BD*( 2) C 2- C 7,36.14,0.41,0.109
mol_006_E,nbo,1.5108,BD ( 2) C 3- C 4,BD*( 2) C 5- C 6,29.63,0.4,0.097
mol_006_E,nbo,1.5108,BD ( 2) C 3- C 4,RY ( 3) C 2,0.5,1.28,0.023
mol_006_E,nbo,1.5108,BD ( 2) C 3- C 4,RY ( 3) C 3,0.54,1.03,0.021
mol_006_E,nbo,1.5108,BD ( 2) C 3- C 4,RY ( 3) C 5,0.76,1.02,0.025
mol_006_E,nbo,1.5108,BD ( 1) C 3- H 16,BD*( 1) C 2- C 3,0.62,1.21,0.024
mol_006_E,nbo,1.5108,BD ( 1) C 3- H 16,BD*( 1) C 2- C 7,4.41,1.22,0.066
mol_006_E,nbo,1.5108,BD ( 1) C 3- H 16,BD*( 1) C 3- C 4,0.61,1.23,0.025
mol_006_E,nbo,1.5108,BD ( 1) C 3- H 16,BD*( 1) C 4- C 5,3.43,1.2,0.057
mol_006_E,nbo,1.5108,BD ( 1) C 3- H 16,BD*( 1) C 4- H 17,0.93,1.09,0.029
mol_006_E,nbo,1.5108,BD ( 1) C 3- H 16,RY ( 1) C 2,1.35,2.01,0.047
mol_006_E,nbo,1.5108,BD ( 1) C 3- H 16,RY ( 1) C 4,1.04,1.87,0.039
mol_006_E,nbo,1.5108,BD ( 1) C 4- C 5,BD*( 1) C 3- C 4,2.76,1.36,0.055
mol_006_E,nbo,1.5108,BD ( 1) C 4- C 5,BD*( 1) C 3- H 16,2.43,1.22,0.049
mol_006_E,nbo,1.5108,BD ( 1) C 4- C 5,BD*( 1) C 4- H 17,1.08,1.22,0.032
mol_006_E,nbo,1.5108,BD ( 1) C 4- C 5,BD*( 1) C 5- C 6,4.64,1.35,0.071
mol_006_E,nbo,1.5108,BD ( 1) C 4- C 5,BD*( 1) C 5- C 10,3.13,1.25,0.056
mol_006_E,nbo,1.5108,BD ( 1) C 4- C 5,BD*( 1) C 6- C 8,2.05,1.2,0.044
mol_006_E,nbo,1.5108,BD ( 1) C 4- C 5,BD*( 1) C 9- C 10,1.09,1.17,0.032
mol_006_E,nbo,1.5108,BD ( 1) C 4- C 5,RY ( 1) C 3,1.25,1.99,0.045
mol_006_E,nbo,1.5108,BD ( 1) C 4- C 5,RY ( 2) C 3,1.54,1.95,0.049
mol_006_E,nbo,1.5108,BD ( 1) C 4- C 5,RY ( 2) C 5,0.68,2.51,0.037
mol_006_E,nbo,1.5108,BD ( 1) C 4- C 5,RY ( 4) C 5,0.65,4.08,0.046
mol_006_E,nbo,1.5108,BD ( 1) C 4- C 5,RY ( 6) C 5,1.07,4.2,0.06
mol_006_E,nbo,1.5108,BD ( 1) C 4- C 5,RY ( 9) C 5,0.76,5.2,0.056
mol_006_E,nbo,1.5108,BD ( 1) C 4- C 5,RY (14) C 5,0.58,3.61,0.041
mol_006_E,nbo,1.5108,BD ( 1) C 4- C 5,RY (16) C 5,0.96,11.71,0.095
mol_006_E,nbo,1.5108,BD ( 1) C 4- C 5,RY ( 1) C 6,0.71,2.14,0.035
mol_006_E,nbo,1.5108,BD ( 1) C 4- C 5,RY ( 2) C 6,0.52,2.11,0.03
mol_006_E,nbo,1.5108,BD ( 1) C 4- C 5,RY ( 6) C 6,0.54,2.61,0.033
mol_006_E,nbo,1.5108,BD ( 1) C 4- C 5,RY ( 1) C 10,1.34,1.89,0.045
mol_006_E,nbo,1.5108,BD ( 1) C 4- C 5,RY ( 7) C 10,1.0,5.02,0.063
mol_006_E,nbo,1.5108,BD ( 1) C 4- H 17,BD*( 1) C 2- C 3,3.7,1.22,0.06
mol_006_E,nbo,1.5108,BD ( 1) C 4- H 17,BD*( 1) C 3- C 4,0.82,1.24,0.028
mol_006_E,nbo,1.5108,BD ( 1) C 4- H 17,BD*( 1) C 3- H 16,0.93,1.1,0.029
mol_006_E,nbo,1.5108,BD ( 1) C 4- H 17,BD*( 1) C 4- C 5,0.6,1.21,0.024
mol_006_E,nbo,1.5108,BD ( 1) C 4- H 17,BD*( 1) C 5- C 6,4.31,1.23,0.065
mol_006_E,nbo,1.5108,BD ( 1) C 4- H 17,BD*( 1) C 5- C 10,0.53,1.13,0.022
mol_006_E,nbo,1.5108,BD ( 1) C 4- H 17,RY ( 1) C 3,1.09,1.88,0.04
mol_006_E,nbo,1.5108,BD ( 1) C 4- H 17,RY ( 1) C 5,0.88,1.91,0.037
mol_006_E,nbo,1.5108,BD ( 1) C 5- C 6,BD*( 1) C 4- C 5,4.48,1.32,0.069
mol_006_E,nbo,1.5108,BD ( 1) C 5- C 6,BD*( 1) C 4- H 17,2.24,1.21,0.046
mol_006_E,nbo,1.5108,BD ( 1) C 5- C 6,BD*( 1) C 5- C 10,2.18,1.24,0.046
mol_006_E,nbo,1.5108,BD ( 1) C 5- C 6,BD*( 1) C 6- C 7,2.82,1.35,0.055
mol_006_E,nbo,1.5108,BD ( 1) C 5- C 6,BD*( 1) C 6- C 8,1.31,1.19,0.035
mol_006_E,nbo,1.5108,BD ( 1) C 5- C 6,BD*( 1) C 7- H 18,2.61,1.21,0.05
mol_006_E,nbo,1.5108,BD ( 1) C 5- C 6,BD*( 1) C 8- H 20,0.51,1.17,0.022
mol_006_E,nbo,1.5108,BD ( 1) C 5- C 6,BD*( 1) C 10- N 11,2.74,1.34,0.054
mol_006_E,nbo,1.5108,BD ( 1) C 5- C 6,RY ( 1) C 4,0.91,1.99,0.038
mol_006_E,nbo,1.5108,BD ( 1) C 5- C 6,RY ( 1) C 7,1.41,1.97,0.047
mol_006_E,nbo,1.5108,BD ( 1) C 5- C 6,RY ( 2) C 7,0.83,1.76,0.034
mol_006_E,nbo,1.5108,BD ( 1) C 5- C 6,RY ( 1) C 8,0.86,1.41,0.031
mol_006_E,nbo,1.5108,BD ( 1) C 5- C 6,RY ( 1) C 10,0.55,1.88,0.029
mol_006_E,nbo,1.5108,BD ( 2) C 5- C 6,BD*( 2) C 2- C 7,24.7,0.41,0.089
mol_006_E,nbo,1.5108,BD ( 2) C 5- C 6,BD*( 2) C 3- C 4,33.69,0.4,0.104
mol_006_E,nbo,1.5108,BD ( 2) C 5- C 6,BD*( 1) C 8- H 19,3.49,0.8,0.047
mol_006_E,nbo,1.5108,BD ( 2) C 5- C 6,BD*( 1) C 8- H 20,3.44,0.81,0.047
mol_006_E,nbo,1.5108,BD ( 2) C 5- C 6,BD*( 2) C 10- N 11,42.38,0.37,0.112
mol_006_E,nbo,1.5108,BD ( 2) C 5- C 6,RY ( 3) C 4,2.23,1.2,0.046
mol_006_E,nbo,1.5108,BD ( 2) C 5- C 6,RY ( 3) C 7,2.1,0.9,0.039
mol_006_E,nbo,1.5108,BD ( 2) C 5- C 6,RY ( 2) C 8,0.59,1.14,0.023
mol_006_E,nbo,1.5108,BD ( 2) C 5- C 6,RY ( 3) C 10,1.15,1.89,0.042
mol_006_E,nbo,1.5108,BD ( 1) C 5- C 10,BD*( 1) C 3- C 4,1.09,1.35,0.034
mol_006_E,nbo,1.5108,BD ( 1) C 5- C 10,BD*( 1) C 4- C 5,2.89,1.32,0.055
mol_006_E,nbo,1.5108,BD ( 1) C 5- C 10,BD*( 1) C 5- C 6,1.84,1.34,0.044
mol_006_E,nbo,1.5108,BD ( 1) C 5- C 10,BD*( 1) C 6- C 7,3.3,1.35,0.06
mol_006_E,nbo,1.5108,BD ( 1) C 5- C 10,BD*( 1) C 8- C 9,0.58,1.13,0.023
mol_006_E,nbo,1.5108,BD ( 1) C 5- C 10,BD*( 1) C 9- C 10,0.87,1.16,0.028
mol_006_E,nbo,1.5108,BD ( 1) C 5- C 10,BD*( 1) C 9- H 21,0.53,1.17,0.022
mol_006_E,nbo,1.5108,BD ( 1) C 5- C 10,BD*( 1) C 9- H 22,0.51,1.17,0.022
mol_006_E,nbo,1.5108,BD ( 1) C 5- C 10,BD*( 1) C 10- N 11,1.58,1.34,0.041
mol_006_E,nbo,1.5108,BD ( 1) C 5- C 10,BD*( 1) N 11- O 12,9.53,0.82,0.079
mol_006_E,nbo,1.5108,BD ( 1) C 5- C 10,RY ( 1) C 4,1.42,1.99,0.047
mol_006_E,nbo,1.5108,BD ( 1) C 5- C 10,RY ( 1) C 6,1.26,2.13,0.046
mol_006_E,nbo,1.5108,BD ( 1) C 5- C 10,RY ( 1) C 9,0.91,1.47,0.033
mol_006_E,nbo,1.5108,BD ( 1) C 5- C 10,RY ( 1) N 11,0.87,1.81,0.035
mol_006_E,nbo,1.5108,BD ( 1) C 6- C 7,BD*( 1) C 1- C 2,3.07,1.2,0.054
mol_006_E,nbo,1.5108,BD ( 1) C 6- C 7,BD*( 1) C 2- C 7,3.47,1.35,0.061
mol_006_E,nbo,1.5108,BD ( 1) C 6- C 7,BD*( 1) C 5- C 6,3.02,1.35,0.057
mol_006_E,nbo,1.5108,BD ( 1) C 6- C 7,BD*( 1) C 5- C 10,2.27,1.25,0.048
mol_006_E,nbo,1.5108,BD ( 1) C 6- C 7,BD*( 1) C 6- C 8,1.78,1.2,0.041
mol_006_E,nbo,1.5108,BD ( 1) C 6- C 7,BD*( 1) C 7- H 18,1.37,1.22,0.036
mol_006_E,nbo,1.5108,BD ( 1) C 6- C 7,BD*( 1) C 8- C 9,0.52,1.14,0.022
mol_006_E,nbo,1.5108,BD ( 1) C 6- C 7,RY ( 1) C 2,1.3,2.14,0.047
mol_006_E,nbo,1.5108,BD ( 1) C 6- C 7,RY ( 2) C 2,1.1,2.01,0.042
mol_006_E,nbo,1.5108,BD ( 1) C 6- C 7,RY ( 1) C 5,0.68,2.03,0.033
mol_006_E,nbo,1.5108,BD ( 1) C 6- C 7,RY ( 2) C 5,1.1,2.51,0.047
mol_006_E,nbo,1.5108,BD ( 1) C 6- C 7,RY ( 1) C 8,0.82,1.42,0.03
mol_006_E,nbo,1.5108,BD ( 1) C 6- C 7,RY ( 1) H 18,0.68,1.69,0.03
mol_006_E,nbo,1.5108,BD ( 1) C 6- C 8,BD*( 1) C 2- C 7,1.75,1.29,0.042
mol_006_E,nbo,1.5108,BD ( 1) C 6- C 8,BD*( 1) C 4- C 5,3.82,1.27,0.062
mol_006_E,nbo,1.5108,BD ( 1) C 6- C 8,BD*( 1) C 5- C 6,1.23,1.29,0.036
mol_006_E,nbo,1.5108,BD ( 1) C 6- C 8,BD*( 1) C 5- C 10,0.76,1.19,0.027
mol_006_E,nbo,1.5108,BD ( 1) C 6- C 8,BD*( 1) C 6- C 7,1.86,1.3,0.044
mol_006_E,nbo,1.5108,BD ( 1) C 6- C 8,BD*( 1) C 8- C 9,0.54,1.08,0.022
mol_006_E,nbo,1.5108,BD ( 1) C 6- C 8,BD*( 1) C 8- H 19,0.59,1.12,0.023
mol_006_E,nbo,1.5108,BD ( 1) C 6- C 8,BD*( 1) C 8- H 20,0.59,1.12,0.023
mol_006_E,nbo,1.5108,BD ( 1) C 6- C 8,BD*( 1) C 9- C 10,0.95,1.11,0.029
mol_006_E,nbo,1.5108,BD ( 1) C 6- C 8,BD*( 1) C 9- H 21,0.65,1.12,0.024
mol_006_E,nbo,1.5108,BD ( 1) C 6- C 8,BD*( 1) C 9- H 22,0.6,1.12,0.023
mol_006_E,nbo,1.5108,BD ( 1) C 6- C 8,RY ( 1) C 5,0.53,1.97,0.029
mol_006_E,nbo,1.5108,BD ( 1) C 6- C 8,RY ( 2) C 5,0.52,2.45,0.032
mol_006_E,nbo,1.5108,BD ( 1) C 6- C 8,RY ( 1) C 7,1.43,1.93,0.047
mol_006_E,nbo,1.5108,BD ( 1) C 6- C 8,RY ( 3) C 9,0.79,1.68,0.032
mol_006_E,nbo,1.5108,BD ( 1) C 7- H 18,BD*( 1) C 2- C 3,4.46,1.21,0.066
mol_006_E,nbo,1.5108,BD ( 1) C 7- H 18,BD*( 1) C 2- C 7,0.98,1.22,0.031
mol_006_E,nbo,1.5108,BD ( 1) C 7- H 18,BD*( 1) C 5- C 6,4.32,1.22,0.065
mol_006_E,nbo,1.5108,BD ( 1) C 7- H 18,BD*( 1) C 6- C 7,0.92,1.23,0.03
mol_006_E,nbo,1.5108,BD ( 1) C 7- H 18,RY ( 1) C 2,1.2,2.01,0.044
mol_006_E,nbo,1.5108,BD ( 1) C 7- H 18,RY ( 1) C 6,1.3,2.01,0.046
mol_006_E,nbo,1.5108,BD ( 1) C 8- C 9,BD*( 1) C 5- C 6,0.52,1.27,0.023
mol_006_E,nbo,1.5108,BD ( 1) C 8- C 9,BD*( 1) C 5- C 10,0.6,1.17,0.024
mol_006_E,nbo,1.5108,BD ( 1) C 8- C 9,BD*( 1) C 6- C 7,4.18,1.28,0.065
mol_006_E,nbo,1.5108,BD ( 1) C 8- C 9,BD*( 1) C 6- C 8,0.66,1.12,0.024
mol_006_E,nbo,1.5108,BD ( 1) C 8- C 9,BD*( 1) C 9- C 10,0.55,1.09,0.022
mol_006_E,nbo,1.5108,BD ( 1) C 8- C 9,BD*( 1) C 10- N 11,4.77,1.27,0.07
mol_006_E,nbo,1.5108,BD ( 1) C 8- C 9,RY ( 2) C 6,0.6,2.03,0.031
mol_006_E,nbo,1.5108,BD ( 1) C 8- H 19,BD*( 1) C 5- C 6,1.25,1.21,0.035
mol_006_E,nbo,1.5108,BD ( 1) C 8- H 19,BD*( 2) C 5- C 6,6.21,0.63,0.056
mol_006_E,nbo,1.5108,BD ( 1) C 8- H 19,BD*( 1) C 9- C 10,0.6,1.03,0.022
mol_006_E,nbo,1.5108,BD ( 1) C 8- H 19,BD*( 1) C 9- H 21,1.2,1.04,0.032
mol_006_E,nbo,1.5108,BD ( 1) C 8- H 19,BD*( 1) C 9- H 22,0.85,1.04,0.026
mol_006_E,nbo,1.5108,BD ( 1) C 8- H 19,RY ( 3) C 6,0.5,1.45,0.024
mol_006_E,nbo,1.5108,BD ( 1) C 8- H 19,RY ( 2) C 9,0.54,1.36,0.024
mol_006_E,nbo,1.5108,BD ( 1) C 8- H 20,BD*( 1) C 5- C 6,1.3,1.21,0.035
mol_006_E,nbo,1.5108,BD ( 1) C 8- H 20,BD*( 2) C 5- C 6,6.04,0.63,0.055
mol_006_E,nbo,1.5108,BD ( 1) C 8- H 20,BD*( 1) C 9- C 10,0.66,1.03,0.023
mol_006_E,nbo,1.5108,BD ( 1) C 8- H 20,BD*( 1) C 9- H 21,0.78,1.04,0.025
mol_006_E,nbo,1.5108,BD ( 1) C 8- H 20,BD*( 1) C 9- H 22,1.2,1.04,0.032
mol_006_E,nbo,1.5108,BD ( 1) C 8- H 20,RY ( 3) C 6,0.53,1.45,0.025
mol_006_E,nbo,1.5108,BD ( 1) C 8- H 20,RY ( 2) C 9,0.58,1.36,0.025
mol_006_E,nbo,1.5108,BD ( 1) C 9- C 10,BD*( 1) C 4- C 5,3.81,1.31,0.063
mol_006_E,nbo,1.5108,BD ( 1) C 9- C 10,BD*( 1) C 5- C 10,1.18,1.22,0.034
mol_006_E,nbo,1.5108,BD ( 1) C 9- C 10,BD*( 1) C 6- C 8,0.62,1.18,0.024
mol_006_E,nbo,1.5108,BD ( 1) C 9- C 10,BD*( 1) C 8- H 19,0.51,1.16,0.022
mol_006_E,nbo,1.5108,BD ( 1) C 9- C 10,BD*( 1) C 8- H 20,0.55,1.16,0.023
mol_006_E,nbo,1.5108,BD ( 1) C 9- C 10,BD*( 1) C 10- N 11,0.74,1.33,0.028
mol_006_E,nbo,1.5108,BD ( 1) C 9- C 10,BD*( 1) N 11- O 12,3.12,0.81,0.045
mol_006_E,nbo,1.5108,BD ( 1) C 9- C 10,RY ( 1) C 5,0.74,2.01,0.034
mol_006_E,nbo,1.5108,BD ( 1) C 9- C 10,RY ( 3) C 8,0.81,1.75,0.034
mol_006_E,nbo,1.5108,BD ( 1) C 9- C 10,RY ( 1) N 11,1.72,1.79,0.05
mol_006_E,nbo,1.5108,BD ( 1) C 9- H 21,BD*( 1) C 5- C 10,1.44,1.12,0.036
mol_006_E,nbo,1.5108,BD ( 1) C 9- H 21,BD*( 1) C 6- C 8,0.52,1.07,0.021
mol_006_E,nbo,1.5108,BD ( 1) C 9- H 21,BD*( 1) C 8- H 19,1.19,1.05,0.032
mol_006_E,nbo,1.5108,BD ( 1) C 9- H 21,BD*( 1) C 8- H 20,0.7,1.05,0.024
mol_006_E,nbo,1.5108,BD ( 1) C 9- H 21,BD*( 2) C 10- N 11,9.09,0.62,0.067
mol_006_E,nbo,1.5108,BD ( 1) C 9- H 21,RY ( 2) C 8,0.66,1.39,0.027
mol_006_E,nbo,1.5108,BD ( 1) C 9- H 22,BD*( 1) C 5- C 10,1.38,1.12,0.035
mol_006_E,nbo,1.5108,BD ( 1) C 9- H 22,BD*( 1) C 8- H 19,0.77,1.05,0.025
mol_006_E,nbo,1.5108,BD ( 1) C 9- H 22,BD*( 1) C 8- H 20,1.19,1.05,0.032
mol_006_E,nbo,1.5108,BD ( 1) C 9- H 22,BD*( 2) C 10- N 11,9.28,0.62,0.068
mol_006_E,nbo,1.5108,BD ( 1) C 9- H 22,RY ( 2) C 8,0.58,1.39,0.025
mol_006_E,nbo,1.5108,BD ( 1) C 10- N 11,BD*( 1) C 5- C 6,0.76,1.58,0.031
mol_006_E,nbo,1.5108,BD ( 1) C 10- N 11,BD*( 1) C 5- C 10,1.5,1.48,0.042
mol_006_E,nbo,1.5108,BD ( 1) C 10- N 11,BD*( 1) C 9- C 10,1.49,1.4,0.041
mol_006_E,nbo,1.5108,BD ( 1) C 10- N 11,RY ( 1) C 5,1.44,2.26,0.051
mol_006_E,nbo,1.5108,BD ( 1) C 10- N 11,RY ( 2) C 5,0.89,2.74,0.044
mol_006_E,nbo,1.5108,BD ( 1) C 10- N 11,RY ( 1) O 12,1.15,2.22,0.045
mol_006_E,nbo,1.5108,BD ( 2) C 10- N 11,BD*( 2) C 5- C 6,6.67,0.53,0.053
mol_006_E,nbo,1.5108,BD ( 2) C 10- N 11,BD*( 1) C 9- H 21,1.23,0.94,0.03
mol_006_E,nbo,1.5108,BD ( 2) C 10- N 11,BD*( 1) C 9- H 22,1.27,0.94,0.031
mol_006_E,nbo,1.5108,BD ( 2) C 10- N 11,BD*( 1) O 12- H 23,1.06,0.9,0.028
mol_006_E,nbo,1.5108,BD ( 2) C 10- N 11,BD*( 1) O 12- H 24,1.32,0.9,0.031
mol_006_E,nbo,1.5108,BD ( 2) C 10- N 11,RY ( 3) C 5,0.63,1.16,0.024
mol_006_E,nbo,1.5108,BD ( 1) N 11- O 12,BD*( 1) C 5- C 10,4.69,1.38,0.072
mol_006_E,nbo,1.5108,BD ( 1) N 11- O 12,BD*( 1) C 9- C 10,0.99,1.3,0.032
mol_006_E,nbo,1.5108,BD ( 1) N 11- O 12,RY ( 2) C 10,2.26,2.08,0.061
mol_006_E,nbo,1.5108,BD ( 1) O 12- H 23,BD*( 1) C 10- N 11,0.66,1.54,0.028
mol_006_E,nbo,1.5108,BD ( 1) O 12- H 23,BD*( 2) C 10- N 11,0.91,0.94,0.026
mol_006_E,nbo,1.5108,BD ( 1) O 12- H 24,BD*( 1) C 10- N 11,0.56,1.54,0.026
mol_006_E,nbo,1.5108,BD ( 1) O 12- H 24,BD*( 2) C 10- N 11,1.13,0.94,0.029
mol_006_E,scan_1,1.5108,LP ( 1) N 11,BD*( 1) C 9- C 10,8.2,1.01,0.081
mol_006_E,scan_1,1.5108,LP ( 1) N 11,RY ( 1) C 10,6.62,1.73,0.096
mol_006_E,scan_1,1.5108,LP ( 1) N 11,RY ( 4) N 11,0.52,2.54,0.032
mol_006_E,scan_1,1.5108,LP ( 1) N 11,RY ( 9) N 11,0.65,4.13,0.046
mol_006_E,scan_1,1.5108,LP ( 1) N 11,RY (11) N 11,0.93,5.11,0.062
mol_006_E,scan_1,1.5108,LP ( 1) N 11,RY (15) N 11,1.03,14.16,0.108
mol_006_E,scan_1,1.5108,LP ( 1) N 11,RY (17) N 11,0.66,9.35,0.07
mol_006_E,scan_1,1.5108,LP ( 1) N 11,RY ( 3) O 12,0.55,2.49,0.033
mol_006_E,scan_1,1.5108,LP ( 1) O 12,BD*( 1) C 5- C 10,1.31,1.2,0.035
mol_006_E,scan_1,1.5108,LP ( 1) O 12,BD*( 1) C 8- C 9,0.75,1.1,0.026
mol_006_E,scan_1,1.5108,LP ( 1) O 12,RY ( 2) N 11,0.58,2.15,0.032
mol_006_E,scan_1,1.5108,LP ( 1) O 12,RY ( 1) H 23,1.24,2.61,0.051
mol_006_E,scan_1,1.5108,LP ( 1) O 12,RY ( 1) H 24,1.24,2.63,0.051
mol_006_E,scan_1,1.5108,BD ( 1) C 1- C 2,BD*( 1) C 1- H 15,0.5,1.12,0.021
mol_006_E,scan_1,1.5108,BD ( 1) C 1- C 2,BD*( 1) C 2- C 3,1.23,1.28,0.035
mol_006_E,scan_1,1.5108,BD ( 1) C 1- C 2,BD*( 1) C 2- C 7,1.36,1.29,0.037
mol_006_E,scan_1,1.5108,BD ( 1) C 1- C 2,BD*( 1) C 3- C 4,2.42,1.3,0.05
mol_006_E,scan_1,1.5108,BD ( 1) C 1- C 2,BD*( 1) C 3- H 16,0.5,1.16,0.022
mol_006_E,scan_1,1.5108,BD ( 1) C 1- C 2,BD*( 1) C 6- C 7,2.49,1.3,0.051
mol_006_E,scan_1,1.5108,BD ( 1) C 1- C 2,BD*( 1) C 7- H 18,0.5,1.16,0.022
mol_006_E,scan_1,1.5108,BD ( 1) C 1- C 2,RY ( 1) C 3,1.68,1.94,0.051
mol_006_E,scan_1,1.5108,BD ( 1) C 1- C 2,RY ( 1) C 7,1.24,1.93,0.044
mol_006_E,scan_1,1.5108,BD ( 1) C 1- C 2,RY ( 2) C 7,0.67,1.71,0.03
mol_006_E,scan_1,1.5108,BD ( 1) C 1- H 13,BD*( 1) C 2- C 3,4.67,1.19,0.067
mol_006_E,scan_1,1.5108,BD ( 1) C 1- H 14,BD*( 1) C 2- C 7,2.37,1.21,0.048
mol_006_E,scan_1,1.5108,BD ( 1) C 1- H 14,BD*( 2) C 2- C 7,5.25,0.64,0.052
mol_006_E,scan_1,1.5108,BD ( 1) C 1- H 15,BD*( 1) C 2- C 7,1.54,1.2,0.038
mol_006_E,scan_1,1.5108,BD ( 1) C 1- H 15,BD*( 2) C 2- C 7,6.97,0.64,0.059
mol_006_E,scan_1,1.5108,BD ( 1) C 1- H 15,RY ( 3) C 2,0.65,1.51,0.028
mol_006_E,scan_1,1.5108,BD ( 1) C 2- C 3,BD*( 1) C 1- C 2,1.23,1.19,0.034
mol_006_E,scan_1,1.5108,BD ( 1) C 2- C 3,BD*( 1) C 1- H 13,0.94,1.18,0.03
mol_006_E,scan_1,1.5108,BD ( 1) C 2- C 3,BD*( 1) C 2- C 7,2.15,1.34,0.048
mol_006_E,scan_1,1.5108,BD ( 1) C 2- C 3,BD*( 1) C 3- C 4,2.46,1.35,0.051
mol_006_E,scan_1,1.5108,BD ( 1) C 2- C 3,BD*( 1) C 3- H 16,0.99,1.21,0.031
mol_006_E,scan_1,1.5108,BD ( 1) C 2- C 3,BD*( 1) C 4- H 17,2.32,1.21,0.047
mol_006_E,scan_1,1.5108,BD ( 1) C 2- C 3,BD*( 1) C 7- H 18,2.74,1.21,0.051
mol_006_E,scan_1,1.5108,BD ( 1) C 2- C 3,RY ( 1) C 1,1.46,1.36,0.04
mol_006_E,scan_1,1.5108,BD ( 1) C 2- C 3,RY ( 1) C 4,0.75,1.98,0.035
mol_006_E,scan_1,1.5108,BD ( 1) C 2- C 3,RY ( 2) C 4,1.72,1.83,0.05
mol_006_E,scan_1,1.5108,BD ( 1) C 2- C 3,RY ( 1) C 7,0.96,1.97,0.039
mol_006_E,scan_1,1.5108,BD ( 1) C 2- C 3,RY ( 2) C 7,0.78,1.76,0.033
mol_006_E,scan_1,1.5108,BD ( 1) C 2- C 7,BD*( 1) C 1- C 2,1.36,1.2,0.036
mol_006_E,scan_1,1.5108,BD ( 1) C 2- C 7,BD*( 1) C 1- H 14,0.51,1.17,0.022
mol_006_E,scan_1,1.5108,BD ( 1) C 2- C 7,BD*( 1) C 2- C 3,2.23,1.33,0.049
mol_006_E,scan_1,1.5108,BD ( 1) C 2- C 7,BD*( 1) C 3- H 16,2.32,1.21,0.047
mol_006_E,scan_1,1.5108,BD ( 1) C 2- C 7,BD*( 1) C 6- C 7,3.67,1.35,0.063
mol_006_E,scan_1,1.5108,BD ( 1) C 2- C 7,BD*( 1) C 6- C 8,3.88,1.2,0.061
mol_006_E,scan_1,1.5108,BD ( 1) C 2- C 7,BD*( 1) C 7- H 18,1.34,1.21,0.036
mol_006_E,scan_1,1.5108,BD ( 1) C 2- C 7,RY ( 1) C 1,0.99,1.36,0.033
mol_006_E,scan_1,1.5108,BD ( 1) C 2- C 7,RY ( 1) C 3,1.09,1.99,0.042
mol_006_E,scan_1,1.5108,BD ( 1) C 2- C 7,RY ( 1) C 6,1.47,2.14,0.05
mol_006_E,scan_1,1.5108,BD ( 1) C 2- C 7,RY ( 2) C 6,0.61,2.11,0.032
mol_006_E,scan_1,1.5108,BD ( 1) C 2- C 7,RY ( 1) H 18,0.55,1.68,0.027
mol_006_E,scan_1,1.5108,BD ( 2) C 2- C 7,BD*( 1) C 1- H 14,3.01,0.8,0.044
mol_006_E,scan_1,1.5108,BD ( 2) C 2- C 7,BD*( 1) C 1- H 15,3.7,0.8,0.048
mol_006_E,scan_1,1.5108,BD ( 2) C 2- C 7,BD*( 2) C 3- C 4,27.68,0.4,0.094
mol_006_E,scan_1,1.5108,BD ( 2) C 2- C 7,BD*( 2) C 5- C 6,45.33,0.39,0.118
mol_006_E,scan_1,1.5108,BD ( 2) C 2- C 7,RY ( 2) C 1,0.95,1.15,0.03
mol_006_E,scan_1,1.5108,BD ( 2) C 2- C 7,RY ( 3) C 3,2.13,1.02,0.042
mol_006_E,scan_1,1.5108,BD ( 2) C 2- C 7,RY ( 4) C 6,0.57,1.96,0.03
mol_006_E,scan_1,1.5108,BD ( 2) C 2- C 7,RY ( 8) C 6,0.72,1.71,0.031
mol_006_E,scan_1,1.5108,BD ( 2) C 2- C 7,RY ( 3) C 7,0.54,0.89,0.02
mol_006_E,scan_1,1.5108,BD ( 1) C 3- C 4,BD*( 1) C 1- C 2,3.01,1.2,0.054
mol_006_E,scan_1,1.5108,BD ( 1) C 3- C 4,BD*( 1) C 2- C 3,2.63,1.34,0.053
mol_006_E,scan_1,1.5108,BD ( 1) C 3- C 4,BD*( 1) C 3- H 16,0.98,1.22,0.031
mol_006_E,scan_1,1.5108,BD ( 1) C 3- C 4,BD*( 1) C 4- C 5,2.88,1.33,0.055
mol_006_E,scan_1,1.5108,BD ( 1) C 3- C 4,BD*( 1) C 4- H 17,1.21,1.22,0.034
mol_006_E,scan_1,1.5108,BD ( 1) C 3- C 4,BD*( 1) C 5- C 10,4.21,1.25,0.065
mol_006_E,scan_1,1.5108,BD ( 1) C 3- C 4,RY ( 1) C 2,1.59,2.14,0.052
mol_006_E,scan_1,1.5108,BD ( 1) C 3- C 4,RY ( 2) C 2,0.88,2.01,0.037
mol_006_E,scan_1,1.5108,BD ( 1) C 3- C 4,RY ( 1) C 5,2.2,2.03,0.06
mol_006_E,scan_1,1.5108,BD ( 1) C 3- C 4,RY ( 4) C 5,0.61,4.08,0.045
mol_006_E,scan_1,1.5108,BD ( 1) C 3- C 4,RY ( 1) H 17,0.85,1.61,0.033
mol_006_E,scan_1,1.5108,BD ( 2) C 3- C 4,BD*( 2) C 2- C 7,36.14,0.41,0.109
mol_006_E,scan_1,1.5108,BD ( 2) C 3- C 4,BD*( 2) C 5- C 6,29.63,0.4,0.097
mol_006_E,scan_1,1.5108,BD ( 2) C 3- C 4,RY ( 3) C 2,0.5,1.28,0.023
mol_006_E,scan_1,1.5108,BD ( 2) C 3- C 4,RY ( 3) C 3,0.54,1.03,0.021
mol_006_E,scan_1,1.5108,BD ( 2) C 3- C 4,RY ( 3) C 5,0.76,1.02,0.025
mol_006_E,scan_1,1.5108,BD ( 1) C 3- H 16,BD*( 1) C 2- C 3,0.62,1.21,0.024
mol_006_E,scan_1,1.5108,BD ( 1) C 3- H 16,BD*( 1) C 2- C 7,4.41,1.22,0.066
mol_006_E,scan_1,1.5108,BD ( 1) C 3- H 16,BD*( 1) C 3- C 4,0.61,1.23,0.025
mol_006_E,scan_1,1.5108,BD ( 1) C 3- H 16,BD*( 1) C 4- C 5,3.43,1.2,0.057
mol_006_E,scan_1,1.5108,BD ( 1) C 3- H 16,BD*( 1) C 4- H 17,0.93,1.09,0.029
mol_006_E,scan_1,1.5108,BD ( 1) C 3- H 16,RY ( 1) C 2,1.35,2.01,0.047
mol_006_E,scan_1,1.5108,BD ( 1) C 3- H 16,RY ( 1) C 4,1.04,1.87,0.039
mol_006_E,scan_1,1.5108,BD ( 1) C 4- C 5,BD*( 1) C 3- C 4,2.76,1.36,0.055
mol_006_E,scan_1,1.5108,BD ( 1) C 4- C 5,BD*( 1) C 3- H 16,2.43,1.22,0.049
mol_006_E,scan_1,1.5108,BD ( 1) C 4- C 5,BD*( 1) C 4- H 17,1.08,1.22,0.032
mol_006_E,scan_1,1.5108,BD ( 1) C 4- C 5,BD*( 1) C 5- C 6,4.64,1.35,0.071
mol_006_E,scan_1,1.5108,BD ( 1) C 4- C 5,BD*( 1) C 5- C 10,3.13,1.25,0.056
mol_006_E,scan_1,1.5108,BD ( 1) C 4- C 5,BD*( 1) C 6- C 8,2.05,1.2,0.044
mol_006_E,scan_1,1.5108,BD ( 1) C 4- C 5,BD*( 1) C 9- C 10,1.09,1.17,0.032
mol_006_E,scan_1,1.5108,BD ( 1) C 4- C 5,RY ( 1) C 3,1.25,1.99,0.045
mol_006_E,scan_1,1.5108,BD ( 1) C 4- C 5,RY ( 2) C 3,1.54,1.95,0.049
mol_006_E,scan_1,1.5108,BD ( 1) C 4- C 5,RY ( 2) C 5,0.68,2.51,0.037
mol_006_E,scan_1,1.5108,BD ( 1) C 4- C 5,RY ( 4) C 5,0.65,4.08,0.046
mol_006_E,scan_1,1.5108,BD ( 1) C 4- C 5,RY ( 6) C 5,1.07,4.2,0.06
mol_006_E,scan_1,1.5108,BD ( 1) C 4- C 5,RY ( 9) C 5,0.76,5.2,0.056
mol_006_E,scan_1,1.5108,BD ( 1) C 4- C 5,RY (14) C 5,0.58,3.61,0.041
mol_006_E,scan_1,1.5108,BD ( 1) C 4- C 5,RY (16) C 5,0.96,11.71,0.095
mol_006_E,scan_1,1.5108,BD ( 1) C 4- C 5,RY ( 1) C 6,0.71,2.14,0.035
mol_006_E,scan_1,1.5108,BD ( 1) C 4- C 5,RY ( 2) C 6,0.52,2.11,0.03
mol_006_E,scan_1,1.5108,BD ( 1) C 4- C 5,RY ( 6) C 6,0.54,2.61,0.033
mol_006_E,scan_1,1.5108,BD ( 1) C 4- C 5,RY ( 1) C 10,1.34,1.89,0.045
mol_006_E,scan_1,1.5108,BD ( 1) C 4- C 5,RY ( 7) C 10,1.0,5.02,0.063
mol_006_E,scan_1,1.5108,BD ( 1) C 4- H 17,BD*( 1) C 2- C 3,3.7,1.22,0.06
mol_006_E,scan_1,1.5108,BD ( 1) C 4- H 17,BD*( 1) C 3- C 4,0.82,1.24,0.028
mol_006_E,scan_1,1.5108,BD ( 1) C 4- H 17,BD*( 1) C 3- H 16,0.93,1.1,0.029
mol_006_E,scan_1,1.5108,BD ( 1) C 4- H 17,BD*( 1) C 4- C 5,0.6,1.21,0.024
mol_006_E,scan_1,1.5108,BD ( 1) C 4- H 17,BD*( 1) C 5- C 6,4.31,1.23,0.065
mol_006_E,scan_1,1.5108,BD ( 1) C 4- H 17,BD*( 1) C 5- C 10,0.53,1.13,0.022
mol_006_E,scan_1,1.5108,BD ( 1) C 4- H 17,RY ( 1) C 3,1.09,1.88,0.04
mol_006_E,scan_1,1.5108,BD ( 1) C 4- H 17,RY ( 1) C 5,0.88,1.91,0.037
mol_006_E,scan_1,1.5108,BD ( 1) C 5- C 6,BD*( 1) C 4- C 5,4.48,1.32,0.069
mol_006_E,scan_1,1.5108,BD ( 1) C 5- C 6,BD*( 1) C 4- H 17,2.24,1.21,0.046
mol_006_E,scan_1,1.5108,BD ( 1) C 5- C 6,BD*( 1) C 5- C 10,2.18,1.24,0.046
mol_006_E,scan_1,1.5108,BD ( 1) C 5- C 6,BD*( 1) C 6- C 7,2.82,1.35,0.055
mol_006_E,scan_1,1.5108,BD ( 1) C 5- C 6,BD*( 1) C 6- C 8,1.31,1.19,0.035
mol_006_E,scan_1,1.5108,BD ( 1) C 5- C 6,BD*( 1) C 7- H 18,2.61,1.21,0.05
mol_006_E,scan_1,1.5108,BD ( 1) C 5- C 6,BD*( 1) C 8- H 20,0.51,1.17,0.022
mol_006_E,scan_1,1.5108,BD ( 1) C 5- C 6,BD*( 1) C 10- N 11,2.74,1.34,0.054
mol_006_E,scan_1,1.5108,BD ( 1) C 5- C 6,RY ( 1) C 4,0.91,1.99,0.038
mol_006_E,scan_1,1.5108,BD ( 1) C 5- C 6,RY ( 1) C 7,1.41,1.97,0.047
mol_006_E,scan_1,1.5108,BD ( 1) C 5- C 6,RY ( 2) C 7,0.83,1.76,0.034
mol_006_E,scan_1,1.5108,BD ( 1) C 5- C 6,RY ( 1) C 8,0.86,1.41,0.031
mol_006_E,scan_1,1.5108,BD ( 1) C 5- C 6,RY ( 1) C 10,0.55,1.88,0.029
mol_006_E,scan_1,1.5108,BD ( 2) C 5- C 6,BD*( 2) C 2- C 7,24.7,0.41,0.089
mol_006_E,scan_1,1.5108,BD ( 2) C 5- C 6,BD*( 2) C 3- C 4,33.69,0.4,0.104
mol_006_E,scan_1,1.5108,BD ( 2) C 5- C 6,BD*( 1) C 8- H 19,3.49,0.8,0.047
mol_006_E,scan_1,1.5108,BD ( 2) C 5- C 6,BD*( 1) C 8- H 20,3.44,0.81,0.047
mol_006_E,scan_1,1.5108,BD ( 2) C 5- C 6,BD*( 2) C 10- N 11,42.38,0.37,0.112
mol_006_E,scan_1,1.5108,BD ( 2) C 5- C 6,RY ( 3) C 4,2.23,1.2,0.046
mol_006_E,scan_1,1.5108,BD ( 2) C 5- C 6,RY ( 3) C 7,2.1,0.9,0.039
mol_006_E,scan_1,1.5108,BD ( 2) C 5- C 6,RY ( 2) C 8,0.59,1.14,0.023
mol_006_E,scan_1,1.5108,BD ( 2) C 5- C 6,RY ( 3) C 10,1.15,1.89,0.042
mol_006_E,scan_1,1.5108,BD ( 1) C 5- C 10,BD*( 1) C 3- C 4,1.09,1.35,0.034
mol_006_E,scan_1,1.5108,BD ( 1) C 5- C 10,BD*( 1) C 4- C 5,2.89,1.32,0.055
mol_006_E,scan_1,1.5108,BD ( 1) C 5- C 10,BD*( 1) C 5- C 6,1.84,1.34,0.044
mol_006_E,scan_1,1.5108,BD ( 1) C 5- C 10,BD*( 1) C 6- C 7,3.3,1.35,0.06
mol_006_E,scan_1,1.5108,BD ( 1) C 5- C 10,BD*( 1) C 8- C 9,0.58,1.13,0.023
mol_006_E,scan_1,1.5108,BD ( 1) C 5- C 10,BD*( 1) C 9- C 10,0.87,1.16,0.028
mol_006_E,scan_1,1.5108,BD ( 1) C 5- C 10,BD*( 1) C 9- H 21,0.53,1.17,0.022
mol_006_E,scan_1,1.5108,BD ( 1) C 5- C 10,BD*( 1) C 9- H 22,0.51,1.17,0.022
mol_006_E,scan_1,1.5108,BD ( 1) C 5- C 10,BD*( 1) C 10- N 11,1.58,1.34,0.041
mol_006_E,scan_1,1.5108,BD ( 1) C 5- C 10,BD*( 1) N 11- O 12,9.53,0.82,0.079
mol_006_E,scan_1,1.5108,BD ( 1) C 5- C 10,RY ( 1) C 4,1.42,1.99,0.047
mol_006_E,scan_1,1.5108,BD ( 1) C 5- C 10,RY ( 1) C 6,1.26,2.13,0.046
mol_006_E,scan_1,1.5108,BD ( 1) C 5- C 10,RY ( 1) C 9,0.91,1.47,0.033
mol_006_E,scan_1,1.5108,BD ( 1) C 5- C 10,RY ( 1) N 11,0.87,1.81,0.035
mol_006_E,scan_1,1.5108,BD ( 1) C 6- C 7,BD*( 1) C 1- C 2,3.07,1.2,0.054
mol_006_E,scan_1,1.5108,BD ( 1) C 6- C 7,BD*( 1) C 2- C 7,3.47,1.35,0.061
mol_006_E,scan_1,1.5108,BD ( 1) C 6- C 7,BD*( 1) C 5- C 6,3.02,1.35,0.057
mol_006_E,scan_1,1.5108,BD ( 1) C 6- C 7,BD*( 1) C 5- C 10,2.27,1.25,0.048
mol_006_E,scan_1,1.5108,BD ( 1) C 6- C 7,BD*( 1) C 6- C 8,1.78,1.2,0.041
mol_006_E,scan_1,1.5108,BD ( 1) C 6- C 7,BD*( 1) C 7- H 18,1.37,1.22,0.036
mol_006_E,scan_1,1.5108,BD ( 1) C 6- C 7,BD*( 1) C 8- C 9,0.52,1.14,0.022
mol_006_E,scan_1,1.5108,BD ( 1) C 6- C 7,RY ( 1) C 2,1.3,2.14,0.047
mol_006_E,scan_1,1.5108,BD ( 1) C 6- C 7,RY ( 2) C 2,1.1,2.01,0.042
mol_006_E,scan_1,1.5108,BD ( 1) C 6- C 7,RY ( 1) C 5,0.68,2.03,0.033
mol_006_E,scan_1,1.5108,BD ( 1) C 6- C 7,RY ( 2) C 5,1.1,2.51,0.047
mol_006_E,scan_1,1.5108,BD ( 1) C 6- C 7,RY ( 1) C 8,0.82,1.42,0.03
mol_006_E,scan_1,1.5108,BD ( 1) C 6- C 7,RY ( 1) H 18,0.68,1.69,0.03
mol_006_E,scan_1,1.5108,BD ( 1) C 6- C 8,BD*( 1) C 2- C 7,1.75,1.29,0.042
mol_006_E,scan_1,1.5108,BD ( 1) C 6- C 8,BD*( 1) C 4- C 5,3.82,1.27,0.062
mol_006_E,scan_1,1.5108,BD ( 1) C 6- C 8,BD*( 1) C 5- C 6,1.23,1.29,0.036
mol_006_E,scan_1,1.5108,BD ( 1) C 6- C 8,BD*( 1) C 5- C 10,0.76,1.19,0.027
mol_006_E,scan_1,1.5108,BD ( 1) C 6- C 8,BD*( 1) C 6- C 7,1.86,1.3,0.044
mol_006_E,scan_1,1.5108,BD ( 1) C 6- C 8,BD*( 1) C 8- C 9,0.54,1.08,0.022
mol_006_E,scan_1,1.5108,BD ( 1) C 6- C 8,BD*( 1) C 8- H 19,0.59,1.12,0.023
mol_006_E,scan_1,1.5108,BD ( 1) C 6- C 8,BD*( 1) C 8- H 20,0.59,1.12,0.023
mol_006_E,scan_1,1.5108,BD ( 1) C 6- C 8,BD*( 1) C 9- C 10,0.95,1.11,0.029
mol_006_E,scan_1,1.5108,BD ( 1) C 6- C 8,BD*( 1) C 9- H 21,0.65,1.12,0.024
mol_006_E,scan_1,1.5108,BD ( 1) C 6- C 8,BD*( 1) C 9- H 22,0.6,1.12,0.023
mol_006_E,scan_1,1.5108,BD ( 1) C 6- C 8,RY ( 1) C 5,0.53,1.97,0.029
mol_006_E,scan_1,1.5108,BD ( 1) C 6- C 8,RY ( 2) C 5,0.52,2.45,0.032
mol_006_E,scan_1,1.5108,BD ( 1) C 6- C 8,RY ( 1) C 7,1.43,1.93,0.047
mol_006_E,scan_1,1.5108,BD ( 1) C 6- C 8,RY ( 3) C 9,0.79,1.68,0.032
mol_006_E,scan_1,1.5108,BD ( 1) C 7- H 18,BD*( 1) C 2- C 3,4.46,1.21,0.066
mol_006_E,scan_1,1.5108,BD ( 1) C 7- H 18,BD*( 1) C 2- C 7,0.98,1.22,0.031
mol_006_E,scan_1,1.5108,BD ( 1) C 7- H 18,BD*( 1) C 5- C 6,4.32,1.22,0.065
mol_006_E,scan_1,1.5108,BD ( 1) C 7- H 18,BD*( 1) C 6- C 7,0.92,1.23,0.03
mol_006_E,scan_1,1.5108,BD ( 1) C 7- H 18,RY ( 1) C 2,1.2,2.01,0.044
mol_006_E,scan_1,1.5108,BD ( 1) C 7- H 18,RY ( 1) C 6,1.3,2.01,0.046
mol_006_E,scan_1,1.5108,BD ( 1) C 8- C 9,BD*( 1) C 5- C 6,0.52,1.27,0.023
mol_006_E,scan_1,1.5108,BD ( 1) C 8- C 9,BD*( 1) C 5- C 10,0.6,1.17,0.024
mol_006_E,scan_1,1.5108,BD ( 1) C 8- C 9,BD*( 1) C 6- C 7,4.18,1.28,0.065
mol_006_E,scan_1,1.5108,BD ( 1) C 8- C 9,BD*( 1) C 6- C 8,0.66,1.12,0.024
mol_006_E,scan_1,1.5108,BD ( 1) C 8- C 9,BD*( 1) C 9- C 10,0.55,1.09,0.022
mol_006_E,scan_1,1.5108,BD ( 1) C 8- C 9,BD*( 1) C 10- N 11,4.77,1.27,0.07
mol_006_E,scan_1,1.5108,BD ( 1) C 8- C 9,RY ( 2) C 6,0.6,2.03,0.031
mol_006_E,scan_1,1.5108,BD ( 1) C 8- H 19,BD*( 1) C 5- C 6,1.25,1.21,0.035
mol_006_E,scan_1,1.5108,BD ( 1) C 8- H 19,BD*( 2) C 5- C 6,6.21,0.63,0.056
mol_006_E,scan_1,1.5108,BD ( 1) C 8- H 19,BD*( 1) C 9- C 10,0.6,1.03,0.022
mol_006_E,scan_1,1.5108,BD ( 1) C 8- H 19,BD*( 1) C 9- H 21,1.2,1.04,0.032
mol_006_E,scan_1,1.5108,BD ( 1) C 8- H 19,BD*( 1) C 9- H 22,0.85,1.04,0.026
mol_006_E,scan_1,1.5108,BD ( 1) C 8- H 19,RY ( 3) C 6,0.5,1.45,0.024
mol_006_E,scan_1,1.5108,BD ( 1) C 8- H 19,RY ( 2) C 9,0.54,1.36,0.024
mol_006_E,scan_1,1.5108,BD ( 1) C 8- H 20,BD*( 1) C 5- C 6,1.3,1.21,0.035
mol_006_E,scan_1,1.5108,BD ( 1) C 8- H 20,BD*( 2) C 5- C 6,6.04,0.63,0.055
mol_006_E,scan_1,1.5108,BD ( 1) C 8- H 20,BD*( 1) C 9- C 10,0.66,1.03,0.023
mol_006_E,scan_1,1.5108,BD ( 1) C 8- H 20,BD*( 1) C 9- H 21,0.78,1.04,0.025
mol_006_E,scan_1,1.5108,BD ( 1) C 8- H 20,BD*( 1) C 9- H 22,1.2,1.04,0.032
mol_006_E,scan_1,1.5108,BD ( 1) C 8- H 20,RY ( 3) C 6,0.53,1.45,0.025
mol_006_E,scan_1,1.5108,BD ( 1) C 8- H 20,RY ( 2) C 9,0.58,1.36,0.025
mol_006_E,scan_1,1.5108,BD ( 1) C 9- C 10,BD*( 1) C 4- C 5,3.81,1.31,0.063
mol_006_E,scan_1,1.5108,BD ( 1) C 9- C 10,BD*( 1) C 5- C 10,1.18,1.22,0.034
mol_006_E,scan_1,1.5108,BD ( 1) C 9- C 10,BD*( 1) C 6- C 8,0.62,1.18,0.024
mol_006_E,scan_1,1.5108,BD ( 1) C 9- C 10,BD*( 1) C 8- H 19,0.51,1.16,0.022
mol_006_E,scan_1,1.5108,BD ( 1) C 9- C 10,BD*( 1) C 8- H 20,0.55,1.16,0.023
mol_006_E,scan_1,1.5108,BD ( 1) C 9- C 10,BD*( 1) C 10- N 11,0.74,1.33,0.028
mol_006_E,scan_1,1.5108,BD ( 1) C 9- C 10,BD*( 1) N 11- O 12,3.12,0.81,0.045
mol_006_E,scan_1,1.5108,BD ( 1) C 9- C 10,RY ( 1) C 5,0.74,2.01,0.034
mol_006_E,scan_1,1.5108,BD ( 1) C 9- C 10,RY ( 3) C 8,0.81,1.75,0.034
mol_006_E,scan_1,1.5108,BD ( 1) C 9- C 10,RY ( 1) N 11,1.72,1.79,0.05
mol_006_E,scan_1,1.5108,BD ( 1) C 9- H 21,BD*( 1) C 5- C 10,1.44,1.12,0.036
mol_006_E,scan_1,1.5108,BD ( 1) C 9- H 21,BD*( 1) C 6- C 8,0.52,1.07,0.021
mol_006_E,scan_1,1.5108,BD ( 1) C 9- H 21,BD*( 1) C 8- H 19,1.19,1.05,0.032
mol_006_E,scan_1,1.5108,BD ( 1) C 9- H 21,BD*( 1) C 8- H 20,0.7,1.05,0.024
mol_006_E,scan_1,1.5108,BD ( 1) C 9- H 21,BD*( 2) C 10- N 11,9.09,0.62,0.067
mol_006_E,scan_1,1.5108,BD ( 1) C 9- H 21,RY ( 2) C 8,0.66,1.39,0.027
mol_006_E,scan_1,1.5108,BD ( 1) C 9- H 22,BD*( 1) C 5- C 10,1.38,1.12,0.035
mol_006_E,scan_1,1.5108,BD ( 1) C 9- H 22,BD*( 1) C 8- H 19,0.77,1.05,0.025
mol_006_E,scan_1,1.5108,BD ( 1) C 9- H 22,BD*( 1) C 8- H 20,1.19,1.05,0.032
mol_006_E,scan_1,1.5108,BD ( 1) C 9- H 22,BD*( 2) C 10- N 11,9.28,0.62,0.068
mol_006_E,scan_1,1.5108,BD ( 1) C 9- H 22,RY ( 2) C 8,0.58,1.39,0.025
mol_006_E,scan_1,1.5108,BD ( 1) C 10- N 11,BD*( 1) C 5- C 6,0.76,1.58,0.031
mol_006_E,scan_1,1.5108,BD ( 1) C 10- N 11,BD*( 1) C 5- C 10,1.5,1.48,0.042
mol_006_E,scan_1,1.5108,BD ( 1) C 10- N 11,BD*( 1) C 9- C 10,1.49,1.4,0.041
mol_006_E,scan_1,1.5108,BD ( 1) C 10- N 11,RY ( 1) C 5,1.44,2.26,0.051
mol_006_E,scan_1,1.5108,BD ( 1) C 10- N 11,RY ( 2) C 5,0.89,2.74,0.044
mol_006_E,scan_1,1.5108,BD ( 1) C 10- N 11,RY ( 1) O 12,1.15,2.22,0.045
mol_006_E,scan_1,1.5108,BD ( 2) C 10- N 11,BD*( 2) C 5- C 6,6.67,0.53,0.053
mol_006_E,scan_1,1.5108,BD ( 2) C 10- N 11,BD*( 1) C 9- H 21,1.23,0.94,0.03
mol_006_E,scan_1,1.5108,BD ( 2) C 10- N 11,BD*( 1) C 9- H 22,1.27,0.94,0.031
mol_006_E,scan_1,1.5108,BD ( 2) C 10- N 11,BD*( 1) O 12- H 23,1.06,0.9,0.028
mol_006_E,scan_1,1.5108,BD ( 2) C 10- N 11,BD*( 1) O 12- H 24,1.32,0.9,0.031
mol_006_E,scan_1,1.5108,BD ( 2) C 10- N 11,RY ( 3) C 5,0.63,1.16,0.024
mol_006_E,scan_1,1.5108,BD ( 1) N 11- O 12,BD*( 1) C 5- C 10,4.69,1.38,0.072
mol_006_E,scan_1,1.5108,BD ( 1) N 11- O 12,BD*( 1) C 9- C 10,0.99,1.3,0.032
mol_006_E,scan_1,1.5108,BD ( 1) N 11- O 12,RY ( 2) C 10,2.26,2.08,0.061
mol_006_E,scan_1,1.5108,BD ( 1) O 12- H 23,BD*( 1) C 10- N 11,0.66,1.54,0.028
mol_006_E,scan_1,1.5108,BD ( 1) O 12- H 23,BD*( 2) C 10- N 11,0.91,0.94,0.026
mol_006_E,scan_1,1.5108,BD ( 1) O 12- H 24,BD*( 1) C 10- N 11,0.56,1.54,0.026
mol_006_E,scan_1,1.5108,BD ( 1) O 12- H 24,BD*( 2) C 10- N 11,1.13,0.94,0.029
mol_006_E,scan_2,1.9108,LP ( 1) N 11,BD*( 1) C 9- C 10,4.87,1.04,0.064
mol_006_E,scan_2,1.9108,LP ( 1) N 11,RY ( 1) C 10,9.05,1.54,0.105
mol_006_E,scan_2,1.9108,LP ( 1) O 12,BD*( 1) C 5- C 10,0.65,1.19,0.025
mol_006_E,scan_2,1.9108,LP ( 1) O 12,BD*( 1) C 8- C 9,0.55,1.12,0.022
mol_006_E,scan_2,1.9108,LP ( 1) O 12,RY ( 1) H 23,1.21,2.56,0.05
mol_006_E,scan_2,1.9108,LP ( 1) O 12,RY ( 1) H 24,1.24,2.62,0.051
mol_006_E,scan_2,1.9108,BD ( 1) C 1- C 2,BD*( 1) C 2- C 3,1.24,1.28,0.035
mol_006_E,scan_2,1.9108,BD ( 1) C 1- C 2,BD*( 1) C 2- C 7,1.37,1.29,0.038
mol_006_E,scan_2,1.9108,BD ( 1) C 1- C 2,BD*( 1) C 3- C 4,2.42,1.3,0.05
mol_006_E,scan_2,1.9108,BD ( 1) C 1- C 2,BD*( 1) C 3- H 16,0.51,1.16,0.022
mol_006_E,scan_2,1.9108,BD ( 1) C 1- C 2,BD*( 1) C 6- C 7,2.53,1.3,0.051
mol_006_E,scan_2,1.9108,BD ( 1) C 1- C 2,BD*( 1) C 7- H 18,0.51,1.16,0.022
mol_006_E,scan_2,1.9108,BD ( 1) C 1- C 2,RY ( 1) C 3,1.68,1.94,0.051
mol_006_E,scan_2,1.9108,BD ( 1) C 1- C 2,RY ( 1) C 7,1.28,1.92,0.044
mol_006_E,scan_2,1.9108,BD ( 1) C 1- C 2,RY ( 2) C 7,0.64,1.73,0.03
mol_006_E,scan_2,1.9108,BD ( 1) C 1- H 13,BD*( 1) C 2- C 3,4.7,1.19,0.067
mol_006_E,scan_2,1.9108,BD ( 1) C 1- H 14,BD*( 1) C 2- C 7,1.62,1.2,0.039
mol_006_E,scan_2,1.9108,BD ( 1) C 1- H 14,BD*( 2) C 2- C 7,6.94,0.63,0.059
mol_006_E,scan_2,1.9108,BD ( 1) C 1- H 14,RY ( 3) C 2,0.63,1.53,0.028
mol_006_E,scan_2,1.9108,BD ( 1) C 1- H 15,BD*( 1) C 2- C 7,2.3,1.2,0.047
mol_006_E,scan_2,1.9108,BD ( 1) C 1- H 15,BD*( 2) C 2- C 7,5.5,0.64,0.053
mol_006_E,scan_2,1.9108,BD ( 1) C 2- C 3,BD*( 1) C 1- C 2,1.23,1.19,0.034
mol_006_E,scan_2,1.9108,BD ( 1) C 2- C 3,BD*( 1) C 1- H 13,0.94,1.18,0.03
mol_006_E,scan_2,1.9108,BD ( 1) C 2- C 3,BD*( 1) C 2- C 7,2.11,1.34,0.047
mol_006_E,scan_2,1.9108,BD ( 1) C 2- C 3,BD*( 1) C 3- C 4,2.41,1.35,0.051
mol_006_E,scan_2,1.9108,BD ( 1) C 2- C 3,BD*( 1) C 3- H 16,1.0,1.21,0.031
mol_006_E,scan_2,1.9108,BD ( 1) C 2- C 3,BD*( 1) C 4- H 17,2.27,1.21,0.047
mol_006_E,scan_2,1.9108,BD ( 1) C 2- C 3,BD*( 1) C 7- H 18,2.74,1.21,0.051
mol_006_E,scan_2,1.9108,BD ( 1) C 2- C 3,RY ( 1) C 1,1.46,1.36,0.04
mol_006_E,scan_2,1.9108,BD ( 1) C 2- C 3,RY ( 1) C 4,0.82,1.93,0.035
mol_006_E,scan_2,1.9108,BD ( 1) C 2- C 3,RY ( 2) C 4,1.64,1.9,0.05
mol_006_E,scan_2,1.9108,BD ( 1) C 2- C 3,RY ( 1) C 7,1.02,1.97,0.04
mol_006_E,scan_2,1.9108,BD ( 1) C 2- C 3,RY ( 2) C 7,0.76,1.77,0.033
mol_006_E,scan_2,1.9108,BD ( 1) C 2- C 7,BD*( 1) C 1- C 2,1.37,1.2,0.036
mol_006_E,scan_2,1.9108,BD ( 1) C 2- C 7,BD*( 1) C 2- C 3,2.19,1.33,0.048
mol_006_E,scan_2,1.9108,BD ( 1) C 2- C 7,BD*( 1) C 3- H 16,2.31,1.21,0.047
mol_006_E,scan_2,1.9108,BD ( 1) C 2- C 7,BD*( 1) C 6- C 7,3.61,1.35,0.062
mol_006_E,scan_2,1.9108,BD ( 1) C 2- C 7,BD*( 1) C 6- C 8,3.83,1.2,0.06
mol_006_E,scan_2,1.9108,BD ( 1) C 2- C 7,BD*( 1) C 7- H 18,1.37,1.21,0.036
mol_006_E,scan_2,1.9108,BD ( 1) C 2- C 7,RY ( 1) C 1,0.99,1.37,0.033
mol_006_E,scan_2,1.9108,BD ( 1) C 2- C 7,RY ( 1) C 3,1.08,1.99,0.041
mol_006_E,scan_2,1.9108,BD ( 1) C 2- C 7,RY ( 1) C 6,1.39,2.17,0.049
mol_006_E,scan_2,1.9108,BD ( 1) C 2- C 7,RY ( 2) C 6,0.64,2.15,0.033
mol_006_E,scan_2,1.9108,BD ( 1) C 2- C 7,RY ( 1) H 18,0.53,1.7,0.027
mol_006_E,scan_2,1.9108,BD ( 2) C 2- C 7,BD*( 1) C 1- H 14,3.61,0.8,0.048
mol_006_E,scan_2,1.9108,BD ( 2) C 2- C 7,BD*( 1) C 1- H 15,3.05,0.8,0.044
mol_006_E,scan_2,1.9108,BD ( 2) C 2- C 7,BD*( 2) C 3- C 4,27.73,0.4,0.094
mol_006_E,scan_2,1.9108,BD ( 2) C 2- C 7,BD*( 2) C 5- C 6,47.27,0.38,0.12
mol_006_E,scan_2,1.9108,BD ( 2) C 2- C 7,RY ( 2) C 1,0.96,1.15,0.03
mol_006_E,scan_2,1.9108,BD ( 2) C 2- C 7,RY ( 3) C 3,2.12,1.02,0.041
mol_006_E,scan_2,1.9108,BD ( 2) C 2- C 7,RY ( 4) C 6,0.6,1.86,0.03
mol_006_E,scan_2,1.9108,BD ( 2) C 2- C 7,RY ( 8) C 6,0.78,1.72,0.033
mol_006_E,scan_2,1.9108,BD ( 2) C 2- C 7,RY ( 3) C 7,0.59,0.91,0.021
mol_006_E,scan_2,1.9108,BD ( 1) C 3- C 4,BD*( 1) C 1- C 2,2.97,1.2,0.053
mol_006_E,scan_2,1.9108,BD ( 1) C 3- C 4,BD*( 1) C 2- C 3,2.61,1.34,0.053
mol_006_E,scan_2,1.9108,BD ( 1) C 3- C 4,BD*( 1) C 3- H 16,0.97,1.22,0.031
mol_006_E,scan_2,1.9108,BD ( 1) C 3- C 4,BD*( 1) C 4- C 5,2.99,1.33,0.056
mol_006_E,scan_2,1.9108,BD ( 1) C 3- C 4,BD*( 1) C 4- H 17,1.25,1.22,0.035
mol_006_E,scan_2,1.9108,BD ( 1) C 3- C 4,BD*( 1) C 5- C 10,4.68,1.21,0.067
mol_006_E,scan_2,1.9108,BD ( 1) C 3- C 4,RY ( 1) C 2,1.58,2.13,0.052
mol_006_E,scan_2,1.9108,BD ( 1) C 3- C 4,RY ( 2) C 2,0.89,2.04,0.038
mol_006_E,scan_2,1.9108,BD ( 1) C 3- C 4,RY ( 1) C 5,2.24,2.01,0.06
mol_006_E,scan_2,1.9108,BD ( 1) C 3- C 4,RY ( 1) H 17,0.92,1.69,0.035
mol_006_E,scan_2,1.9108,BD ( 2) C 3- C 4,BD*( 2) C 2- C 7,36.04,0.41,0.109
mol_006_E,scan_2,1.9108,BD ( 2) C 3- C 4,BD*( 2) C 5- C 6,30.23,0.39,0.097
mol_006_E,scan_2,1.9108,BD ( 2) C 3- C 4,RY ( 3) C 3,0.54,1.03,0.021
mol_006_E,scan_2,1.9108,BD ( 2) C 3- C 4,RY ( 5) C 5,0.72,1.99,0.034
mol_006_E,scan_2,1.9108,BD ( 1) C 3- H 16,BD*( 1) C 2- C 3,0.63,1.21,0.025
mol_006_E,scan_2,1.9108,BD ( 1) C 3- H 16,BD*( 1) C 2- C 7,4.41,1.22,0.066
mol_006_E,scan_2,1.9108,BD ( 1) C 3- H 16,BD*( 1) C 3- C 4,0.61,1.23,0.024
mol_006_E,scan_2,1.9108,BD ( 1) C 3- H 16,BD*( 1) C 4- C 5,3.47,1.2,0.058
mol_006_E,scan_2,1.9108,BD ( 1) C 3- H 16,BD*( 1) C 4- H 17,0.96,1.09,0.029
mol_006_E,scan_2,1.9108,BD ( 1) C 3- H 16,RY ( 1) C 2,1.31,2.0,0.046
mol_006_E,scan_2,1.9108,BD ( 1) C 3- H 16,RY ( 1) C 4,1.01,1.81,0.038
mol_006_E,scan_2,1.9108,BD ( 1) C 4- C 5,BD*( 1) C 3- C 4,2.83,1.36,0.055
mol_006_E,scan_2,1.9108,BD ( 1) C 4- C 5,BD*( 1) C 3- H 16,2.34,1.23,0.048
mol_006_E,scan_2,1.9108,BD ( 1) C 4- C 5,BD*( 1) C 4- H 17,1.14,1.23,0.033
mol_006_E,scan_2,1.9108,BD ( 1) C 4- C 5,BD*( 1) C 5- C 6,4.91,1.35,0.073
mol_006_E,scan_2,1.9108,BD ( 1) C 4- C 5,BD*( 1) C 5- C 10,2.99,1.22,0.054
mol_006_E,scan_2,1.9108,BD ( 1) C 4- C 5,BD*( 1) C 6- C 8,1.97,1.21,0.044
mol_006_E,scan_2,1.9108,BD ( 1) C 4- C 5,BD*( 1) C 9- C 10,0.98,1.16,0.03
mol_006_E,scan_2,1.9108,BD ( 1) C 4- C 5,RY ( 1) C 3,1.36,2.0,0.047
mol_006_E,scan_2,1.9108,BD ( 1) C 4- C 5,RY ( 2) C 3,1.65,1.98,0.051
mol_006_E,scan_2,1.9108,BD ( 1) C 4- C 5,RY ( 2) C 5,1.18,2.59,0.049
mol_006_E,scan_2,1.9108,BD ( 1) C 4- C 5,RY ( 4) C 5,1.74,6.65,0.096
mol_006_E,scan_2,1.9108,BD ( 1) C 4- C 5,RY ( 9) C 5,1.32,6.4,0.082
mol_006_E,scan_2,1.9108,BD ( 1) C 4- C 5,RY (11) C 5,1.0,3.79,0.055
mol_006_E,scan_2,1.9108,BD ( 1) C 4- C 5,RY (14) C 5,0.55,4.28,0.043
mol_006_E,scan_2,1.9108,BD ( 1) C 4- C 5,RY (16) C 5,1.46,6.37,0.086
mol_006_E,scan_2,1.9108,BD ( 1) C 4- C 5,RY ( 1) C 6,0.75,2.18,0.036
mol_006_E,scan_2,1.9108,BD ( 1) C 4- C 5,RY ( 2) C 6,0.71,2.17,0.035
mol_006_E,scan_2,1.9108,BD ( 1) C 4- C 5,RY ( 5) C 6,0.52,2.57,0.033
mol_006_E,scan_2,1.9108,BD ( 1) C 4- C 5,RY ( 6) C 6,1.06,2.92,0.05
mol_006_E,scan_2,1.9108,BD ( 1) C 4- C 5,RY ( 1) C 10,1.12,1.65,0.038
mol_006_E,scan_2,1.9108,BD ( 1) C 4- C 5,RY ( 6) C 10,0.8,12.79,0.09
mol_006_E,scan_2,1.9108,BD ( 1) C 4- H 17,BD*( 1) C 2- C 3,3.67,1.22,0.06
mol_006_E,scan_2,1.9108,BD ( 1) C 4- H 17,BD*( 1) C 3- C 4,0.88,1.24,0.03
mol_006_E,scan_2,1.9108,BD ( 1) C 4- H 17,BD*( 1) C 3- H 16,0.94,1.1,0.029
mol_006_E,scan_2,1.9108,BD ( 1) C 4- H 17,BD*( 1) C 4- C 5,0.61,1.21,0.024
mol_006_E,scan_2,1.9108,BD ( 1) C 4- H 17,BD*( 1) C 5- C 6,4.38,1.23,0.065
mol_006_E,scan_2,1.9108,BD ( 1) C 4- H 17,BD*( 1) C 5- C 10,0.59,1.1,0.023
mol_006_E,scan_2,1.9108,BD ( 1) C 4- H 17,RY ( 1) C 3,1.11,1.88,0.041
mol_006_E,scan_2,1.9108,BD ( 1) C 4- H 17,RY ( 1) C 5,0.86,1.89,0.036
mol_006_E,scan_2,1.9108,BD ( 1) C 5- C 6,BD*( 1) C 4- C 5,4.5,1.32,0.069
mol_006_E,scan_2,1.9108,BD ( 1) C 5- C 6,BD*( 1) C 4- H 17,2.14,1.22,0.046
mol_006_E,scan_2,1.9108,BD ( 1) C 5- C 6,BD*( 1) C 5- C 10,1.91,1.21,0.043
mol_006_E,scan_2,1.9108,BD ( 1) C 5- C 6,BD*( 1) C 6- C 7,2.73,1.35,0.054
mol_006_E,scan_2,1.9108,BD ( 1) C 5- C 6,BD*( 1) C 6- C 8,1.4,1.2,0.037
mol_006_E,scan_2,1.9108,BD ( 1) C 5- C 6,BD*( 1) C 7- H 18,2.53,1.21,0.049
mol_006_E,scan_2,1.9108,BD ( 1) C 5- C 6,BD*( 1) C 8- H 19,0.51,1.18,0.022
mol_006_E,scan_2,1.9108,BD ( 1) C 5- C 6,BD*( 1) C 10- N 11,2.58,1.37,0.053
mol_006_E,scan_2,1.9108,BD ( 1) C 5- C 6,BD*( 1) N 11- O 12,0.76,0.63,0.02
mol_006_E,scan_2,1.9108,BD ( 1) C 5- C 6,RY ( 1) C 4,0.93,1.93,0.038
mol_006_E,scan_2,1.9108,BD ( 1) C 5- C 6,RY ( 1) C 7,1.39,1.98,0.047
mol_006_E,scan_2,1.9108,BD ( 1) C 5- C 6,RY ( 2) C 7,0.86,1.78,0.035
mol_006_E,scan_2,1.9108,BD ( 1) C 5- C 6,RY ( 1) C 8,0.83,1.45,0.031
mol_006_E,scan_2,1.9108,BD ( 1) C 5- C 6,RY ( 1) C 10,0.54,1.64,0.027
mol_006_E,scan_2,1.9108,BD ( 1) C 5- C 6,RY ( 3) C 10,0.8,2.11,0.037
mol_006_E,scan_2,1.9108,BD ( 2) C 5- C 6,BD*( 2) C 2- C 7,23.51,0.41,0.088
mol_006_E,scan_2,1.9108,BD ( 2) C 5- C 6,BD*( 2) C 3- C 4,33.14,0.41,0.104
mol_006_E,scan_2,1.9108,BD ( 2) C 5- C 6,BD*( 1) C 8- H 19,3.27,0.81,0.046
mol_006_E,scan_2,1.9108,BD ( 2) C 5- C 6,BD*( 1) C 8- H 20,3.43,0.81,0.047
mol_006_E,scan_2,1.9108,BD ( 2) C 5- C 6,BD*( 2) C 10- N 11,40.63,0.38,0.111
mol_006_E,scan_2,1.9108,BD ( 2) C 5- C 6,RY ( 3) C 4,2.28,1.23,0.047
mol_006_E,scan_2,1.9108,BD ( 2) C 5- C 6,RY ( 3) C 7,2.06,0.92,0.039
mol_006_E,scan_2,1.9108,BD ( 2) C 5- C 6,RY ( 2) C 8,0.55,1.14,0.022
mol_006_E,scan_2,1.9108,BD ( 2) C 5- C 6,RY ( 2) C 10,1.0,1.98,0.04
mol_006_E,scan_2,1.9108,BD ( 2) C 5- C 6,RY (10) C 10,0.53,1.24,0.023
mol_006_E,scan_2,1.9108,BD ( 1) C 5- C 10,BD*( 1) C 3- C 4,1.05,1.35,0.034
mol_006_E,scan_2,1.9108,BD ( 1) C 5- C 10,BD*( 1) C 4- C 5,2.2,1.32,0.048
mol_006_E,scan_2,1.9108,BD ( 1) C 5- C 10,BD*( 1) C 5- C 6,1.29,1.33,0.037
mol_006_E,scan_2,1.9108,BD ( 1) C 5- C 10,BD*( 1) C 6- C 7,3.27,1.34,0.059
mol_006_E,scan_2,1.9108,BD ( 1) C 5- C 10,BD*( 1) C 8- C 9,0.6,1.13,0.023
mol_006_E,scan_2,1.9108,BD ( 1) C 5- C 10,BD*( 1) C 9- C 10,1.07,1.14,0.031
mol_006_E,scan_2,1.9108,BD ( 1) C 5- C 10,BD*( 1) C 9- H 22,0.52,1.17,0.022
mol_006_E,scan_2,1.9108,BD ( 1) C 5- C 10,BD*( 1) C 10- N 11,1.62,1.36,0.042
mol_006_E,scan_2,1.9108,BD ( 1) C 5- C 10,BD*( 1) N 11- O 12,21.84,0.62,0.104
mol_006_E,scan_2,1.9108,BD ( 1) C 5- C 10,RY ( 1) C 4,1.33,1.93,0.045
mol_006_E,scan_2,1.9108,BD ( 1) C 5- C 10,RY ( 1) C 6,1.35,2.16,0.048
mol_006_E,scan_2,1.9108,BD ( 1) C 5- C 10,RY ( 1) C 9,0.76,1.46,0.03
mol_006_E,scan_2,1.9108,BD ( 1) C 5- C 10,RY ( 1) N 11,1.6,1.67,0.046
mol_006_E,scan_2,1.9108,BD ( 1) C 6- C 7,BD*( 1) C 1- C 2,3.01,1.21,0.054
mol_006_E,scan_2,1.9108,BD ( 1) C 6- C 7,BD*( 1) C 2- C 7,3.46,1.35,0.061
mol_006_E,scan_2,1.9108,BD ( 1) C 6- C 7,BD*( 1) C 5- C 6,3.12,1.34,0.058
mol_006_E,scan_2,1.9108,BD ( 1) C 6- C 7,BD*( 1) C 5- C 10,2.44,1.21,0.049
mol_006_E,scan_2,1.9108,BD ( 1) C 6- C 7,BD*( 1) C 6- C 8,1.79,1.21,0.041
mol_006_E,scan_2,1.9108,BD ( 1) C 6- C 7,BD*( 1) C 7- H 18,1.34,1.22,0.036
mol_006_E,scan_2,1.9108,BD ( 1) C 6- C 7,BD*( 1) C 8- C 9,0.54,1.14,0.022
mol_006_E,scan_2,1.9108,BD ( 1) C 6- C 7,RY ( 1) C 2,1.27,2.13,0.046
mol_006_E,scan_2,1.9108,BD ( 1) C 6- C 7,RY ( 2) C 2,1.09,2.04,0.042
mol_006_E,scan_2,1.9108,BD ( 1) C 6- C 7,RY ( 1) C 5,0.77,2.01,0.035
mol_006_E,scan_2,1.9108,BD ( 1) C 6- C 7,RY ( 2) C 5,1.07,2.58,0.047
mol_006_E,scan_2,1.9108,BD ( 1) C 6- C 7,RY ( 1) C 8,0.71,1.45,0.029
mol_006_E,scan_2,1.9108,BD ( 1) C 6- C 7,RY ( 1) H 18,0.68,1.7,0.03
mol_006_E,scan_2,1.9108,BD ( 1) C 6- C 8,BD*( 1) C 2- C 7,1.72,1.3,0.042
mol_006_E,scan_2,1.9108,BD ( 1) C 6- C 8,BD*( 1) C 4- C 5,3.71,1.27,0.061
mol_006_E,scan_2,1.9108,BD ( 1) C 6- C 8,BD*( 1) C 5- C 6,1.22,1.29,0.035
mol_006_E,scan_2,1.9108,BD ( 1) C 6- C 8,BD*( 1) C 5- C 10,0.79,1.16,0.027
mol_006_E,scan_2,1.9108,BD ( 1) C 6- C 8,BD*( 1) C 6- C 7,1.98,1.3,0.045
mol_006_E,scan_2,1.9108,BD ( 1) C 6- C 8,BD*( 1) C 8- C 9,0.51,1.09,0.021
mol_006_E,scan_2,1.9108,BD ( 1) C 6- C 8,BD*( 1) C 8- H 19,0.63,1.13,0.024
mol_006_E,scan_2,1.9108,BD ( 1) C 6- C 8,BD*( 1) C 8- H 20,0.62,1.13,0.024
mol_006_E,scan_2,1.9108,BD ( 1) C 6- C 8,BD*( 1) C 9- C 10,1.0,1.1,0.03
mol_006_E,scan_2,1.9108,BD ( 1) C 6- C 8,BD*( 1) C 9- H 21,0.56,1.13,0.022
mol_006_E,scan_2,1.9108,BD ( 1) C 6- C 8,BD*( 1) C 9- H 22,0.7,1.13,0.025
mol_006_E,scan_2,1.9108,BD ( 1) C 6- C 8,RY ( 1) C 5,0.61,1.96,0.031
mol_006_E,scan_2,1.9108,BD ( 1) C 6- C 8,RY ( 1) C 7,1.43,1.93,0.047
mol_006_E,scan_2,1.9108,BD ( 1) C 6- C 8,RY ( 3) C 9,0.82,1.79,0.034
mol_006_E,scan_2,1.9108,BD ( 1) C 7- H 18,BD*( 1) C 2- C 3,4.46,1.21,0.066
mol_006_E,scan_2,1.9108,BD ( 1) C 7- H 18,BD*( 1) C 2- C 7,1.0,1.22,0.031
mol_006_E,scan_2,1.9108,BD ( 1) C 7- H 18,BD*( 1) C 5- C 6,4.39,1.21,0.065
mol_006_E,scan_2,1.9108,BD ( 1) C 7- H 18,BD*( 1) C 6- C 7,0.91,1.23,0.03
mol_006_E,scan_2,1.9108,BD ( 1) C 7- H 18,BD*( 1) C 6- C 8,0.5,1.08,0.021
mol_006_E,scan_2,1.9108,BD ( 1) C 7- H 18,RY ( 1) C 2,1.17,2.0,0.043
mol_006_E,scan_2,1.9108,BD ( 1) C 7- H 18,RY ( 1) C 6,1.33,2.04,0.046
mol_006_E,scan_2,1.9108,BD ( 1) C 8- C 9,BD*( 1) C 5- C 6,0.51,1.27,0.023
mol_006_E,scan_2,1.9108,BD ( 1) C 8- C 9,BD*( 1) C 5- C 10,0.64,1.14,0.024
mol_006_E,scan_2,1.9108,BD ( 1) C 8- C 9,BD*( 1) C 6- C 7,4.2,1.28,0.066
mol_006_E,scan_2,1.9108,BD ( 1) C 8- C 9,BD*( 1) C 6- C 8,0.66,1.13,0.024
mol_006_E,scan_2,1.9108,BD ( 1) C 8- C 9,BD*( 1) C 10- N 11,4.63,1.3,0.069
mol_006_E,scan_2,1.9108,BD ( 1) C 8- C 9,RY ( 2) C 6,0.64,2.09,0.033
mol_006_E,scan_2,1.9108,BD ( 1) C 8- C 9,RY ( 4) C 10,0.67,2.09,0.033
mol_006_E,scan_2,1.9108,BD ( 1) C 8- H 19,BD*( 1) C 5- C 6,1.43,1.2,0.037
mol_006_E,scan_2,1.9108,BD ( 1) C 8- H 19,BD*( 2) C 5- C 6,6.16,0.62,0.055
mol_006_E,scan_2,1.9108,BD ( 1) C 8- H 19,BD*( 1) C 9- C 10,0.81,1.01,0.026
mol_006_E,scan_2,1.9108,BD ( 1) C 8- H 19,BD*( 1) C 9- H 21,1.22,1.04,0.032
mol_006_E,scan_2,1.9108,BD ( 1) C 8- H 19,BD*( 1) C 9- H 22,0.77,1.04,0.025
mol_006_E,scan_2,1.9108,BD ( 1) C 8- H 19,RY ( 2) C 9,0.59,1.37,0.025
mol_006_E,scan_2,1.9108,BD ( 1) C 8- H 20,BD*( 1) C 5- C 6,1.26,1.2,0.035
mol_006_E,scan_2,1.9108,BD ( 1) C 8- H 20,BD*( 2) C 5- C 6,6.66,0.62,0.057
mol_006_E,scan_2,1.9108,BD ( 1) C 8- H 20,BD*( 1) C 9- C 10,0.65,1.01,0.023
mol_006_E,scan_2,1.9108,BD ( 1) C 8- H 20,BD*( 1) C 9- H 21,0.97,1.04,0.028
mol_006_E,scan_2,1.9108,BD ( 1) C 8- H 20,BD*( 1) C 9- H 22,1.21,1.04,0.032
mol_006_E,scan_2,1.9108,BD ( 1) C 9- C 10,BD*( 1) C 4- C 5,3.65,1.31,0.062
mol_006_E,scan_2,1.9108,BD ( 1) C 9- C 10,BD*( 1) C 5- C 10,1.3,1.19,0.035
mol_006_E,scan_2,1.9108,BD ( 1) C 9- C 10,BD*( 1) C 6- C 8,0.56,1.18,0.023
mol_006_E,scan_2,1.9108,BD ( 1) C 9- C 10,BD*( 1) C 8- H 19,0.57,1.16,0.023
mol_006_E,scan_2,1.9108,BD ( 1) C 9- C 10,BD*( 1) C 10- N 11,0.85,1.35,0.03
mol_006_E,scan_2,1.9108,BD ( 1) C 9- C 10,BD*( 1) N 11- O 12,9.22,0.61,0.067
mol_006_E,scan_2,1.9108,BD ( 1) C 9- C 10,RY ( 1) C 5,0.73,1.99,0.034
mol_006_E,scan_2,1.9108,BD ( 1) C 9- C 10,RY ( 3) C 8,0.77,1.77,0.033
mol_006_E,scan_2,1.9108,BD ( 1) C 9- C 10,RY ( 1) N 11,1.73,1.66,0.048
mol_006_E,scan_2,1.9108,BD ( 1) C 9- H 21,BD*( 1) C 5- C 10,1.31,1.09,0.034
mol_006_E,scan_2,1.9108,BD ( 1) C 9- H 21,BD*( 1) C 8- H 19,1.2,1.06,0.032
mol_006_E,scan_2,1.9108,BD ( 1) C 9- H 21,BD*( 1) C 8- H 20,0.8,1.06,0.026
mol_006_E,scan_2,1.9108,BD ( 1) C 9- H 21,BD*( 2) C 10- N 11,9.56,0.62,0.069
mol_006_E,scan_2,1.9108,BD ( 1) C 9- H 21,BD*( 1) N 11- O 12,0.57,0.51,0.015
mol_006_E,scan_2,1.9108,BD ( 1) C 9- H 22,BD*( 1) C 5- C 10,1.48,1.09,0.036
mol_006_E,scan_2,1.9108,BD ( 1) C 9- H 22,BD*( 1) C 6- C 8,0.54,1.08,0.021
mol_006_E,scan_2,1.9108,BD ( 1) C 9- H 22,BD*( 1) C 8- H 19,0.62,1.06,0.023
mol_006_E,scan_2,1.9108,BD ( 1) C 9- H 22,BD*( 1) C 8- H 20,1.19,1.06,0.032
mol_006_E,scan_2,1.9108,BD ( 1) C 9- H 22,BD*( 2) C 10- N 11,8.74,0.63,0.066
mol_006_E,scan_2,1.9108,BD ( 1) C 9- H 22,BD*( 1) N 11- O 12,0.56,0.51,0.015
mol_006_E,scan_2,1.9108,BD ( 1) C 9- H 22,RY ( 2) C 8,0.81,1.39,0.03
mol_006_E,scan_2,1.9108,BD ( 1) C 10- N 11,BD*( 1) C 5- C 6,0.63,1.6,0.028
mol_006_E,scan_2,1.9108,BD ( 1) C 10- N 11,BD*( 1) C 5- C 10,1.5,1.47,0.042
mol_006_E,scan_2,1.9108,BD ( 1) C 10- N 11,BD*( 1) C 9- C 10,2.15,1.41,0.049
mol_006_E,scan_2,1.9108,BD ( 1) C 10- N 11,RY ( 1) C 5,1.64,2.27,0.054
mol_006_E,scan_2,1.9108,BD ( 1) C 10- N 11,RY ( 2) C 5,1.02,2.84,0.048
mol_006_E,scan_2,1.9108,BD ( 1) C 10- N 11,RY ( 6) C 10,0.59,13.04,0.078
mol_006_E,scan_2,1.9108,BD ( 2) C 10- N 11,BD*( 2) C 5- C 6,6.01,0.54,0.051
mol_006_E,scan_2,1.9108,BD ( 2) C 10- N 11,BD*( 1) C 9- H 21,1.1,0.96,0.029
mol_006_E,scan_2,1.9108,BD ( 2) C 10- N 11,BD*( 1) C 9- H 22,1.01,0.96,0.028
mol_006_E,scan_2,1.9108,BD ( 1) N 11- O 12,BD*( 1) C 5- C 10,5.75,1.09,0.071
mol_006_E,scan_2,1.9108,BD ( 1) N 11- O 12,BD*( 1) C 9- C 10,2.29,1.03,0.043
mol_006_E,scan_2,1.9108,BD ( 1) N 11- O 12,RY ( 4) C 10,0.76,2.04,0.035
mol_006_E,scan_2,1.9108,BD ( 1) N 11- O 12,RY ( 2) H 24,0.58,2.35,0.033
mol_006_E,sp2,1.6108,LP ( 1) N 11,BD*( 1) C 9- C 10,7.12,1.02,0.076
mol_006_E,sp2,1.6108,LP ( 1) N 11,RY ( 1) C 10,6.93,1.66,0.096
mol_006_E,sp2,1.6108,LP ( 1) N 11,RY (11) N 11,0.64,7.17,0.061
mol_006_E,sp2,1.6108,LP ( 1) N 11,RY (14) N 11,0.59,11.74,0.074
mol_006_E,sp2,1.6108,LP ( 1) O 12,BD*( 1) C 5- C 10,1.18,1.21,0.034
mol_006_E,sp2,1.6108,LP ( 1) O 12,BD*( 1) C 8- C 9,0.73,1.11,0.025
mol_006_E,sp2,1.6108,LP ( 1) O 12,RY ( 1) H 23,1.26,2.61,0.051
mol_006_E,sp2,1.6108,LP ( 1) O 12,RY ( 1) H 24,1.26,2.64,0.052
mol_006_E,sp2,1.6108,BD ( 1) C 1- C 2,BD*( 1) C 2- C 3,1.23,1.28,0.035
mol_006_E,sp2,1.6108,BD ( 1) C 1- C 2,BD*( 1) C 2- C 7,1.36,1.29,0.038
mol_006_E,sp2,1.6108,BD ( 1) C 1- C 2,BD*( 1) C 3- C 4,2.42,1.3,0.05
mol_006_E,sp2,1.6108,BD ( 1) C 1- C 2,BD*( 1) C 3- H 16,0.5,1.16,0.022
mol_006_E,sp2,1.6108,BD ( 1) C 1- C 2,BD*( 1) C 6- C 7,2.5,1.3,0.051
mol_006_E,sp2,1.6108,BD ( 1) C 1- C 2,BD*( 1) C 7- H 18,0.5,1.16,0.022
mol_006_E,sp2,1.6108,BD ( 1) C 1- C 2,RY ( 1) C 3,1.68,1.94,0.051
mol_006_E,sp2,1.6108,BD ( 1) C 1- C 2,RY ( 1) C 7,1.24,1.92,0.044
mol_006_E,sp2,1.6108,BD ( 1) C 1- C 2,RY ( 2) C 7,0.66,1.72,0.03
mol_006_E,sp2,1.6108,BD ( 1) C 1- H 13,BD*( 1) C 2- C 3,4.71,1.19,0.067
mol_006_E,sp2,1.6108,BD ( 1) C 1- H 14,BD*( 1) C 2- C 7,1.92,1.2,0.043
mol_006_E,sp2,1.6108,BD ( 1) C 1- H 14,BD*( 2) C 2- C 7,6.26,0.64,0.056
mol_006_E,sp2,1.6108,BD ( 1) C 1- H 14,RY ( 3) C 2,0.56,1.52,0.026
mol_006_E,sp2,1.6108,BD ( 1) C 1- H 15,BD*( 1) C 2- C 7,1.98,1.2,0.044
mol_006_E,sp2,1.6108,BD ( 1) C 1- H 15,BD*( 2) C 2- C 7,6.11,0.64,0.056
mol_006_E,sp2,1.6108,BD ( 1) C 1- H 15,RY ( 3) C 2,0.55,1.52,0.026
mol_006_E,sp2,1.6108,BD ( 1) C 2- C 3,BD*( 1) C 1- C 2,1.22,1.19,0.034
mol_006_E,sp2,1.6108,BD ( 1) C 2- C 3,BD*( 1) C 1- H 13,0.95,1.18,0.03
mol_006_E,sp2,1.6108,BD ( 1) C 2- C 3,BD*( 1) C 2- C 7,2.14,1.34,0.048
mol_006_E,sp2,1.6108,BD ( 1) C 2- C 3,BD*( 1) C 3- C 4,2.45,1.35,0.051
mol_006_E,sp2,1.6108,BD ( 1) C 2- C 3,BD*( 1) C 3- H 16,0.99,1.21,0.031
mol_006_E,sp2,1.6108,BD ( 1) C 2- C 3,BD*( 1) C 4- H 17,2.31,1.21,0.047
mol_006_E,sp2,1.6108,BD ( 1) C 2- C 3,BD*( 1) C 7- H 18,2.74,1.21,0.051
mol_006_E,sp2,1.6108,BD ( 1) C 2- C 3,RY ( 1) C 1,1.47,1.36,0.04
mol_006_E,sp2,1.6108,BD ( 1) C 2- C 3,RY ( 1) C 4,0.78,1.97,0.035
mol_006_E,sp2,1.6108,BD ( 1) C 2- C 3,RY ( 2) C 4,1.69,1.85,0.05
mol_006_E,sp2,1.6108,BD ( 1) C 2- C 3,RY ( 1) C 7,0.97,1.97,0.039
mol_006_E,sp2,1.6108,BD ( 1) C 2- C 3,RY ( 2) C 7,0.78,1.76,0.033
mol_006_E,sp2,1.6108,BD ( 1) C 2- C 7,BD*( 1) C 1- C 2,1.36,1.2,0.036
mol_006_E,sp2,1.6108,BD ( 1) C 2- C 7,BD*( 1) C 2- C 3,2.22,1.33,0.049
mol_006_E,sp2,1.6108,BD ( 1) C 2- C 7,BD*( 1) C 3- H 16,2.31,1.21,0.047
mol_006_E,sp2,1.6108,BD ( 1) C 2- C 7,BD*( 1) C 6- C 7,3.66,1.35,0.063
mol_006_E,sp2,1.6108,BD ( 1) C 2- C 7,BD*( 1) C 6- C 8,3.87,1.2,0.061
mol_006_E,sp2,1.6108,BD ( 1) C 2- C 7,BD*( 1) C 7- H 18,1.35,1.21,0.036
mol_006_E,sp2,1.6108,BD ( 1) C 2- C 7,RY ( 1) C 1,0.98,1.37,0.033
mol_006_E,sp2,1.6108,BD ( 1) C 2- C 7,RY ( 1) C 3,1.08,1.99,0.041
mol_006_E,sp2,1.6108,BD ( 1) C 2- C 7,RY ( 1) C 6,1.46,2.13,0.05
mol_006_E,sp2,1.6108,BD ( 1) C 2- C 7,RY ( 2) C 6,0.61,2.11,0.032
mol_006_E,sp2,1.6108,BD ( 1) C 2- C 7,RY ( 1) H 18,0.54,1.69,0.027
mol_006_E,sp2,1.6108,BD ( 2) C 2- C 7,BD*( 1) C 1- H 14,3.41,0.8,0.047
mol_006_E,sp2,1.6108,BD ( 2) C 2- C 7,BD*( 1) C 1- H 15,3.36,0.8,0.046
mol_006_E,sp2,1.6108,BD ( 2) C 2- C 7,BD*( 2) C 3- C 4,27.65,0.4,0.093
mol_006_E,sp2,1.6108,BD ( 2) C 2- C 7,BD*( 2) C 5- C 6,45.72,0.39,0.119
mol_006_E,sp2,1.6108,BD ( 2) C 2- C 7,RY ( 2) C 1,0.95,1.15,0.03
mol_006_E,sp2,1.6108,BD ( 2) C 2- C 7,RY ( 3) C 3,2.13,1.02,0.042
mol_006_E,sp2,1.6108,BD ( 2) C 2- C 7,RY ( 4) C 6,0.58,1.94,0.03
mol_006_E,sp2,1.6108,BD ( 2) C 2- C 7,RY ( 8) C 6,0.73,1.71,0.032
mol_006_E,sp2,1.6108,BD ( 2) C 2- C 7,RY ( 3) C 7,0.55,0.89,0.02
mol_006_E,sp2,1.6108,BD ( 1) C 3- C 4,BD*( 1) C 1- C 2,3.0,1.2,0.054
mol_006_E,sp2,1.6108,BD ( 1) C 3- C 4,BD*( 1) C 2- C 3,2.63,1.34,0.053
mol_006_E,sp2,1.6108,BD ( 1) C 3- C 4,BD*( 1) C 3- H 16,0.98,1.22,0.031
mol_006_E,sp2,1.6108,BD ( 1) C 3- C 4,BD*( 1) C 4- C 5,2.91,1.33,0.055
mol_006_E,sp2,1.6108,BD ( 1) C 3- C 4,BD*( 1) C 4- H 17,1.22,1.22,0.034
mol_006_E,sp2,1.6108,BD ( 1) C 3- C 4,BD*( 1) C 5- C 10,4.29,1.24,0.065
mol_006_E,sp2,1.6108,BD ( 1) C 3- C 4,RY ( 1) C 2,1.59,2.13,0.052
mol_006_E,sp2,1.6108,BD ( 1) C 3- C 4,RY ( 2) C 2,0.87,2.02,0.037
mol_006_E,sp2,1.6108,BD ( 1) C 3- C 4,RY ( 1) C 5,2.21,2.03,0.06
mol_006_E,sp2,1.6108,BD ( 1) C 3- C 4,RY ( 1) H 17,0.88,1.63,0.034
mol_006_E,sp2,1.6108,BD ( 2) C 3- C 4,BD*( 2) C 2- C 7,36.05,0.41,0.109
mol_006_E,sp2,1.6108,BD ( 2) C 3- C 4,BD*( 2) C 5- C 6,29.7,0.4,0.097
mol_006_E,sp2,1.6108,BD ( 2) C 3- C 4,RY ( 3) C 2,0.51,1.3,0.023
mol_006_E,sp2,1.6108,BD ( 2) C 3- C 4,RY ( 3) C 3,0.54,1.03,0.021
mol_006_E,sp2,1.6108,BD ( 2) C 3- C 4,RY ( 3) C 5,0.69,1.02,0.024
mol_006_E,sp2,1.6108,BD ( 2) C 3- C 4,RY ( 5) C 5,0.53,2.03,0.029
mol_006_E,sp2,1.6108,BD ( 1) C 3- H 16,BD*( 1) C 2- C 3,0.62,1.21,0.024
mol_006_E,sp2,1.6108,BD ( 1) C 3- H 16,BD*( 1) C 2- C 7,4.41,1.22,0.066
mol_006_E,sp2,1.6108,BD ( 1) C 3- H 16,BD*( 1) C 3- C 4,0.61,1.23,0.025
mol_006_E,sp2,1.6108,BD ( 1) C 3- H 16,BD*( 1) C 4- C 5,3.44,1.2,0.057
mol_006_E,sp2,1.6108,BD ( 1) C 3- H 16,BD*( 1) C 4- H 17,0.94,1.09,0.029
mol_006_E,sp2,1.6108,BD ( 1) C 3- H 16,RY ( 1) C 2,1.34,2.01,0.046
mol_006_E,sp2,1.6108,BD ( 1) C 3- H 16,RY ( 1) C 4,1.03,1.85,0.039
mol_006_E,sp2,1.6108,BD ( 1) C 4- C 5,BD*( 1) C 3- C 4,2.78,1.36,0.055
mol_006_E,sp2,1.6108,BD ( 1) C 4- C 5,BD*( 1) C 3- H 16,2.41,1.22,0.048
mol_006_E,sp2,1.6108,BD ( 1) C 4- C 5,BD*( 1) C 4- H 17,1.09,1.22,0.033
mol_006_E,sp2,1.6108,BD ( 1) C 4- C 5,BD*( 1) C 5- C 6,4.72,1.35,0.071
mol_006_E,sp2,1.6108,BD ( 1) C 4- C 5,BD*( 1) C 5- C 10,3.12,1.24,0.056
mol_006_E,sp2,1.6108,BD ( 1) C 4- C 5,BD*( 1) C 6- C 8,2.03,1.2,0.044
mol_006_E,sp2,1.6108,BD ( 1) C 4- C 5,BD*( 1) C 9- C 10,1.07,1.17,0.032
mol_006_E,sp2,1.6108,BD ( 1) C 4- C 5,RY ( 1) C 3,1.29,2.0,0.045
mol_006_E,sp2,1.6108,BD ( 1) C 4- C 5,RY ( 2) C 3,1.58,1.96,0.05
mol_006_E,sp2,1.6108,BD ( 1) C 4- C 5,RY ( 2) C 5,0.8,2.52,0.04
mol_006_E,sp2,1.6108,BD ( 1) C 4- C 5,RY ( 4) C 5,1.14,5.39,0.07
mol_006_E,sp2,1.6108,BD ( 1) C 4- C 5,RY ( 6) C 5,0.89,3.28,0.048
mol_006_E,sp2,1.6108,BD ( 1) C 4- C 5,RY ( 9) C 5,0.97,5.73,0.067
mol_006_E,sp2,1.6108,BD ( 1) C 4- C 5,RY (14) C 5,0.72,3.94,0.048
mol_006_E,sp2,1.6108,BD ( 1) C 4- C 5,RY (16) C 5,1.15,9.6,0.094
mol_006_E,sp2,1.6108,BD ( 1) C 4- C 5,RY ( 1) C 6,0.73,2.14,0.035
mol_006_E,sp2,1.6108,BD ( 1) C 4- C 5,RY ( 2) C 6,0.55,2.12,0.03
mol_006_E,sp2,1.6108,BD ( 1) C 4- C 5,RY ( 6) C 6,0.73,2.86,0.041
mol_006_E,sp2,1.6108,BD ( 1) C 4- C 5,RY ( 1) C 10,1.29,1.8,0.043
mol_006_E,sp2,1.6108,BD ( 1) C 4- C 5,RY ( 7) C 10,0.87,3.79,0.051
mol_006_E,sp2,1.6108,BD ( 1) C 4- H 17,BD*( 1) C 2- C 3,3.7,1.22,0.06
mol_006_E,sp2,1.6108,BD ( 1) C 4- H 17,BD*( 1) C 3- C 4,0.83,1.24,0.029
mol_006_E,sp2,1.6108,BD ( 1) C 4- H 17,BD*( 1) C 3- H 16,0.93,1.1,0.029
mol_006_E,sp2,1.6108,BD ( 1) C 4- H 17,BD*( 1) C 4- C 5,0.6,1.21,0.024
mol_006_E,sp2,1.6108,BD ( 1) C 4- H 17,BD*( 1) C 5- C 6,4.31,1.23,0.065
mol_006_E,sp2,1.6108,BD ( 1) C 4- H 17,BD*( 1) C 5- C 10,0.54,1.12,0.022
mol_006_E,sp2,1.6108,BD ( 1) C 4- H 17,RY ( 1) C 3,1.09,1.88,0.04
mol_006_E,sp2,1.6108,BD ( 1) C 4- H 17,RY ( 1) C 5,0.87,1.91,0.036
mol_006_E,sp2,1.6108,BD ( 1) C 5- C 6,BD*( 1) C 4- C 5,4.5,1.32,0.069
mol_006_E,sp2,1.6108,BD ( 1) C 5- C 6,BD*( 1) C 4- H 17,2.22,1.21,0.046
mol_006_E,sp2,1.6108,BD ( 1) C 5- C 6,BD*( 1) C 5- C 10,2.14,1.23,0.046
mol_006_E,sp2,1.6108,BD ( 1) C 5- C 6,BD*( 1) C 6- C 7,2.81,1.35,0.055
mol_006_E,sp2,1.6108,BD ( 1) C 5- C 6,BD*( 1) C 6- C 8,1.33,1.2,0.036
mol_006_E,sp2,1.6108,BD ( 1) C 5- C 6,BD*( 1) C 7- H 18,2.59,1.21,0.05
mol_006_E,sp2,1.6108,BD ( 1) C 5- C 6,BD*( 1) C 8- H 19,0.51,1.17,0.022
mol_006_E,sp2,1.6108,BD ( 1) C 5- C 6,BD*( 1) C 10- N 11,2.68,1.35,0.054
mol_006_E,sp2,1.6108,BD ( 1) C 5- C 6,RY ( 1) C 4,0.9,1.97,0.038
mol_006_E,sp2,1.6108,BD ( 1) C 5- C 6,RY ( 1) C 7,1.42,1.97,0.047
mol_006_E,sp2,1.6108,BD ( 1) C 5- C 6,RY ( 2) C 7,0.83,1.77,0.034
mol_006_E,sp2,1.6108,BD ( 1) C 5- C 6,RY ( 1) C 8,0.86,1.42,0.031
mol_006_E,sp2,1.6108,BD ( 1) C 5- C 6,RY ( 1) C 10,0.57,1.79,0.028
mol_006_E,sp2,1.6108,BD ( 1) C 5- C 6,RY ( 2) C 10,0.5,1.99,0.028
mol_006_E,sp2,1.6108,BD ( 2) C 5- C 6,BD*( 2) C 2- C 7,24.38,0.41,0.089
mol_006_E,sp2,1.6108,BD ( 2) C 5- C 6,BD*( 2) C 3- C 4,33.5,0.4,0.104
mol_006_E,sp2,1.6108,BD ( 2) C 5- C 6,BD*( 1) C 8- H 19,3.43,0.81,0.047
mol_006_E,sp2,1.6108,BD ( 2) C 5- C 6,BD*( 1) C 8- H 20,3.45,0.81,0.047
mol_006_E,sp2,1.6108,BD ( 2) C 5- C 6,BD*( 2) C 10- N 11,42.19,0.37,0.112
mol_006_E,sp2,1.6108,BD ( 2) C 5- C 6,RY ( 3) C 4,2.24,1.21,0.046
mol_006_E,sp2,1.6108,BD ( 2) C 5- C 6,RY ( 3) C 7,2.1,0.9,0.039
mol_006_E,sp2,1.6108,BD ( 2) C 5- C 6,RY ( 2) C 8,0.59,1.15,0.023
mol_006_E,sp2,1.6108,BD ( 2) C 5- C 6,RY ( 3) C 10,1.11,1.91,0.041
mol_006_E,sp2,1.6108,BD ( 1) C 5- C 10,BD*( 1) C 3- C 4,1.07,1.35,0.034
mol_006_E,sp2,1.6108,BD ( 1) C 5- C 10,BD*( 1) C 4- C 5,2.76,1.32,0.054
mol_006_E,sp2,1.6108,BD ( 1) C 5- C 10,BD*( 1) C 5- C 6,1.72,1.34,0.043
mol_006_E,sp2,1.6108,BD ( 1) C 5- C 10,BD*( 1) C 6- C 7,3.29,1.35,0.059
mol_006_E,sp2,1.6108,BD ( 1) C 5- C 10,BD*( 1) C 8- C 9,0.59,1.13,0.023
mol_006_E,sp2,1.6108,BD ( 1) C 5- C 10,BD*( 1) C 9- C 10,0.92,1.16,0.029
mol_006_E,sp2,1.6108,BD ( 1) C 5- C 10,BD*( 1) C 9- H 21,0.52,1.17,0.022
mol_006_E,sp2,1.6108,BD ( 1) C 5- C 10,BD*( 1) C 9- H 22,0.52,1.17,0.022
mol_006_E,sp2,1.6108,BD ( 1) C 5- C 10,BD*( 1) C 10- N 11,1.64,1.34,0.042
mol_006_E,sp2,1.6108,BD ( 1) C 5- C 10,BD*( 1) N 11- O 12,12.26,0.75,0.086
mol_006_E,sp2,1.6108,BD ( 1) C 5- C 10,RY ( 1) C 4,1.39,1.97,0.047
mol_006_E,sp2,1.6108,BD ( 1) C 5- C 10,RY ( 1) C 6,1.27,2.13,0.046
mol_006_E,sp2,1.6108,BD ( 1) C 5- C 10,RY ( 1) C 9,0.87,1.47,0.032
mol_006_E,sp2,1.6108,BD ( 1) C 5- C 10,RY ( 1) N 11,1.04,1.8,0.038
mol_006_E,sp2,1.6108,BD ( 1) C 6- C 7,BD*( 1) C 1- C 2,3.07,1.2,0.054
mol_006_E,sp2,1.6108,BD ( 1) C 6- C 7,BD*( 1) C 2- C 7,3.47,1.35,0.061
mol_006_E,sp2,1.6108,BD ( 1) C 6- C 7,BD*( 1) C 5- C 6,3.05,1.35,0.057
mol_006_E,sp2,1.6108,BD ( 1) C 6- C 7,BD*( 1) C 5- C 10,2.29,1.24,0.048
mol_006_E,sp2,1.6108,BD ( 1) C 6- C 7,BD*( 1) C 6- C 8,1.78,1.2,0.041
mol_006_E,sp2,1.6108,BD ( 1) C 6- C 7,BD*( 1) C 7- H 18,1.36,1.22,0.036
mol_006_E,sp2,1.6108,BD ( 1) C 6- C 7,BD*( 1) C 8- C 9,0.52,1.14,0.022
mol_006_E,sp2,1.6108,BD ( 1) C 6- C 7,RY ( 1) C 2,1.29,2.13,0.047
mol_006_E,sp2,1.6108,BD ( 1) C 6- C 7,RY ( 2) C 2,1.11,2.02,0.042
mol_006_E,sp2,1.6108,BD ( 1) C 6- C 7,RY ( 1) C 5,0.69,2.03,0.033
mol_006_E,sp2,1.6108,BD ( 1) C 6- C 7,RY ( 2) C 5,1.1,2.52,0.047
mol_006_E,sp2,1.6108,BD ( 1) C 6- C 7,RY ( 1) C 8,0.82,1.42,0.03
mol_006_E,sp2,1.6108,BD ( 1) C 6- C 7,RY ( 1) H 18,0.67,1.69,0.03
mol_006_E,sp2,1.6108,BD ( 1) C 6- C 8,BD*( 1) C 2- C 7,1.74,1.29,0.042
mol_006_E,sp2,1.6108,BD ( 1) C 6- C 8,BD*( 1) C 4- C 5,3.8,1.27,0.062
mol_006_E,sp2,1.6108,BD ( 1) C 6- C 8,BD*( 1) C 5- C 6,1.23,1.29,0.036
mol_006_E,sp2,1.6108,BD ( 1) C 6- C 8,BD*( 1) C 5- C 10,0.77,1.18,0.027
mol_006_E,sp2,1.6108,BD ( 1) C 6- C 8,BD*( 1) C 6- C 7,1.89,1.3,0.044
mol_006_E,sp2,1.6108,BD ( 1) C 6- C 8,BD*( 1) C 8- C 9,0.53,1.09,0.021
mol_006_E,sp2,1.6108,BD ( 1) C 6- C 8,BD*( 1) C 8- H 19,0.6,1.13,0.023
mol_006_E,sp2,1.6108,BD ( 1) C 6- C 8,BD*( 1) C 8- H 20,0.6,1.13,0.023
mol_006_E,sp2,1.6108,BD ( 1) C 6- C 8,BD*( 1) C 9- C 10,0.96,1.11,0.029
mol_006_E,sp2,1.6108,BD ( 1) C 6- C 8,BD*( 1) C 9- H 21,0.62,1.12,0.024
mol_006_E,sp2,1.6108,BD ( 1) C 6- C 8,BD*( 1) C 9- H 22,0.63,1.12,0.024
mol_006_E,sp2,1.6108,BD ( 1) C 6- C 8,RY ( 1) C 5,0.54,1.97,0.029
mol_006_E,sp2,1.6108,BD ( 1) C 6- C 8,RY ( 1) C 7,1.43,1.92,0.047
mol_006_E,sp2,1.6108,BD ( 1) C 6- C 8,RY ( 3) C 9,0.78,1.73,0.033
mol_006_E,sp2,1.6108,BD ( 1) C 7- H 18,BD*( 1) C 2- C 3,4.46,1.21,0.066
mol_006_E,sp2,1.6108,BD ( 1) C 7- H 18,BD*( 1) C 2- C 7,0.99,1.22,0.031
mol_006_E,sp2,1.6108,BD ( 1) C 7- H 18,BD*( 1) C 5- C 6,4.33,1.22,0.065
mol_006_E,sp2,1.6108,BD ( 1) C 7- H 18,BD*( 1) C 6- C 7,0.92,1.23,0.03
mol_006_E,sp2,1.6108,BD ( 1) C 7- H 18,RY ( 1) C 2,1.2,2.01,0.044
mol_006_E,sp2,1.6108,BD ( 1) C 7- H 18,RY ( 1) C 6,1.3,2.01,0.046
mol_006_E,sp2,1.6108,BD ( 1) C 8- C 9,BD*( 1) C 5- C 6,0.52,1.27,0.023
mol_006_E,sp2,1.6108,BD ( 1) C 8- C 9,BD*( 1) C 5- C 10,0.61,1.16,0.024
mol_006_E,sp2,1.6108,BD ( 1) C 8- C 9,BD*( 1) C 6- C 7,4.19,1.28,0.065
mol_006_E,sp2,1.6108,BD ( 1) C 8- C 9,BD*( 1) C 6- C 8,0.66,1.13,0.024
mol_006_E,sp2,1.6108,BD ( 1) C 8- C 9,BD*( 1) C 9- C 10,0.53,1.09,0.021
mol_006_E,sp2,1.6108,BD ( 1) C 8- C 9,BD*( 1) C 10- N 11,4.76,1.28,0.07
mol_006_E,sp2,1.6108,BD ( 1) C 8- C 9,RY ( 2) C 6,0.6,2.04,0.031
mol_006_E,sp2,1.6108,BD ( 1) C 8- H 19,BD*( 1) C 5- C 6,1.3,1.21,0.035
mol_006_E,sp2,1.6108,BD ( 1) C 8- H 19,BD*( 2) C 5- C 6,6.15,0.63,0.055
mol_006_E,sp2,1.6108,BD ( 1) C 8- H 19,BD*( 1) C 9- C 10,0.65,1.02,0.023
mol_006_E,sp2,1.6108,BD ( 1) C 8- H 19,BD*( 1) C 9- H 21,1.21,1.04,0.032
mol_006_E,sp2,1.6108,BD ( 1) C 8- H 19,BD*( 1) C 9- H 22,0.81,1.04,0.026
mol_006_E,sp2,1.6108,BD ( 1) C 8- H 19,RY ( 2) C 9,0.57,1.36,0.025
mol_006_E,sp2,1.6108,BD ( 1) C 8- H 20,BD*( 1) C 5- C 6,1.28,1.21,0.035
mol_006_E,sp2,1.6108,BD ( 1) C 8- H 20,BD*( 2) C 5- C 6,6.23,0.63,0.056
mol_006_E,sp2,1.6108,BD ( 1) C 8- H 20,BD*( 1) C 9- C 10,0.64,1.02,0.023
mol_006_E,sp2,1.6108,BD ( 1) C 8- H 20,BD*( 1) C 9- H 21,0.83,1.04,0.026
mol_006_E,sp2,1.6108,BD ( 1) C 8- H 20,BD*( 1) C 9- H 22,1.21,1.04,0.032
mol_006_E,sp2,1.6108,BD ( 1) C 8- H 20,RY ( 2) C 9,0.55,1.36,0.025
mol_006_E,sp2,1.6108,BD ( 1) C 9- C 10,BD*( 1) C 4- C 5,3.78,1.31,0.063
mol_006_E,sp2,1.6108,BD ( 1) C 9- C 10,BD*( 1) C 5- C 10,1.24,1.22,0.035
mol_006_E,sp2,1.6108,BD ( 1) C 9- C 10,BD*( 1) C 6- C 8,0.6,1.18,0.024
mol_006_E,sp2,1.6108,BD ( 1) C 9- C 10,BD*( 1) C 8- H 19,0.53,1.16,0.022
mol_006_E,sp2,1.6108,BD ( 1) C 9- C 10,BD*( 1) C 8- H 20,0.52,1.16,0.022
mol_006_E,sp2,1.6108,BD ( 1) C 9- C 10,BD*( 1) C 10- N 11,0.8,1.33,0.029
mol_006_E,sp2,1.6108,BD ( 1) C 9- C 10,BD*( 1) N 11- O 12,4.16,0.74,0.049
mol_006_E,sp2,1.6108,BD ( 1) C 9- C 10,RY ( 1) C 5,0.74,2.0,0.034
mol_006_E,sp2,1.6108,BD ( 1) C 9- C 10,RY ( 3) C 8,0.8,1.76,0.034
mol_006_E,sp2,1.6108,BD ( 1) C 9- C 10,RY ( 1) N 11,1.68,1.78,0.049
mol_006_E,sp2,1.6108,BD ( 1) C 9- H 21,BD*( 1) C 5- C 10,1.42,1.11,0.035
mol_006_E,sp2,1.6108,BD ( 1) C 9- H 21,BD*( 1) C 8- H 19,1.19,1.05,0.032
mol_006_E,sp2,1.6108,BD ( 1) C 9- H 21,BD*( 1) C 8- H 20,0.74,1.05,0.025
mol_006_E,sp2,1.6108,BD ( 1) C 9- H 21,BD*( 2) C 10- N 11,9.29,0.62,0.068
mol_006_E,sp2,1.6108,BD ( 1) C 9- H 21,RY ( 2) C 8,0.62,1.39,0.026
mol_006_E,sp2,1.6108,BD ( 1) C 9- H 22,BD*( 1) C 5- C 10,1.42,1.11,0.035
mol_006_E,sp2,1.6108,BD ( 1) C 9- H 22,BD*( 1) C 6- C 8,0.5,1.07,0.021
mol_006_E,sp2,1.6108,BD ( 1) C 9- H 22,BD*( 1) C 8- H 19,0.72,1.05,0.025
mol_006_E,sp2,1.6108,BD ( 1) C 9- H 22,BD*( 1) C 8- H 20,1.19,1.05,0.032
mol_006_E,sp2,1.6108,BD ( 1) C 9- H 22,BD*( 2) C 10- N 11,9.23,0.62,0.068
mol_006_E,sp2,1.6108,BD ( 1) C 9- H 22,RY ( 2) C 8,0.65,1.39,0.027
mol_006_E,sp2,1.6108,BD ( 1) C 10- N 11,BD*( 1) C 5- C 6,0.73,1.58,0.03
mol_006_E,sp2,1.6108,BD ( 1) C 10- N 11,BD*( 1) C 5- C 10,1.48,1.48,0.042
mol_006_E,sp2,1.6108,BD ( 1) C 10- N 11,BD*( 1) C 9- C 10,1.71,1.4,0.044
mol_006_E,sp2,1.6108,BD ( 1) C 10- N 11,RY ( 1) C 5,1.53,2.26,0.053
mol_006_E,sp2,1.6108,BD ( 1) C 10- N 11,RY ( 2) C 5,0.94,2.76,0.045
mol_006_E,sp2,1.6108,BD ( 1) C 10- N 11,RY ( 1) O 12,0.87,2.23,0.039
mol_006_E,sp2,1.6108,BD ( 2) C 10- N 11,BD*( 2) C 5- C 6,6.52,0.54,0.053
mol_006_E,sp2,1.6108,BD ( 2) C 10- N 11,BD*( 1) C 9- H 21,1.2,0.95,0.03
mol_006_E,sp2,1.6108,BD ( 2) C 10- N 11,BD*( 1) C 9- H 22,1.2,0.95,0.03
mol_006_E,sp2,1.6108,BD ( 2) C 10- N 11,BD*( 1) O 12- H 23,0.56,0.92,0.02
mol_006_E,sp2,1.6108,BD ( 2) C 10- N 11,BD*( 1) O 12- H 24,0.7,0.92,0.023
mol_006_E,sp2,1.6108,BD ( 2) C 10- N 11,RY ( 3) C 5,0.6,1.16,0.024
mol_006_E,sp2,1.6108,BD ( 1) N 11- O 12,BD*( 1) C 5- C 10,5.27,1.29,0.074
mol_006_E,sp2,1.6108,BD ( 1) N 11- O 12,BD*( 1) C 9- C 10,1.45,1.21,0.037
mol_006_E,sp2,1.6108,BD ( 1) N 11- O 12,RY ( 2) C 10,1.6,2.04,0.051
mol_006_E,sp2,1.6108,BD ( 1) O 12- H 23,BD*( 2) C 10- N 11,0.57,0.93,0.021
mol_006_E,sp2,1.6108,BD ( 1) O 12- H 24,BD*( 2) C 10- N 11,0.69,0.93,0.023
mol_006_E,sp3,1.7108,LP ( 1) N 11,BD*( 1) C 9- C 10,6.22,1.03,0.072
mol_006_E,sp3,1.7108,LP ( 1) N 11,RY ( 1) C 10,7.57,1.6,0.098
mol_006_E,sp3,1.7108,LP ( 1) O 12,BD*( 1) C 5- C 10,1.02,1.21,0.031
mol_006_E,sp3,1.7108,LP ( 1) O 12,BD*( 1) C 8- C 9,0.69,1.12,0.025
mol_006_E,sp3,1.7108,LP ( 1) O 12,RY ( 1) H 23,1.26,2.61,0.051
mol_006_E,sp3,1.7108,LP ( 1) O 12,RY ( 1) H 24,1.27,2.64,0.052
mol_006_E,sp3,1.7108,BD ( 1) C 1- C 2,BD*( 1) C 2- C 3,1.23,1.28,0.035
mol_006_E,sp3,1.7108,BD ( 1) C 1- C 2,BD*( 1) C 2- C 7,1.37,1.29,0.038
mol_006_E,sp3,1.7108,BD ( 1) C 1- C 2,BD*( 1) C 3- C 4,2.42,1.3,0.05
mol_006_E,sp3,1.7108,BD ( 1) C 1- C 2,BD*( 1) C 3- H 16,0.5,1.16,0.022
mol_006_E,sp3,1.7108,BD ( 1) C 1- C 2,BD*( 1) C 6- C 7,2.51,1.3,0.051
mol_006_E,sp3,1.7108,BD ( 1) C 1- C 2,BD*( 1) C 7- H 18,0.51,1.16,0.022
mol_006_E,sp3,1.7108,BD ( 1) C 1- C 2,RY ( 1) C 3,1.68,1.94,0.051
mol_006_E,sp3,1.7108,BD ( 1) C 1- C 2,RY ( 1) C 7,1.25,1.92,0.044
mol_006_E,sp3,1.7108,BD ( 1) C 1- C 2,RY ( 2) C 7,0.66,1.72,0.03
mol_006_E,sp3,1.7108,BD ( 1) C 1- H 13,BD*( 1) C 2- C 3,4.71,1.19,0.067
mol_006_E,sp3,1.7108,BD ( 1) C 1- H 14,BD*( 1) C 2- C 7,1.89,1.2,0.043
mol_006_E,sp3,1.7108,BD ( 1) C 1- H 14,BD*( 2) C 2- C 7,6.34,0.64,0.057
mol_006_E,sp3,1.7108,BD ( 1) C 1- H 14,RY ( 3) C 2,0.57,1.53,0.026
mol_006_E,sp3,1.7108,BD ( 1) C 1- H 15,BD*( 1) C 2- C 7,2.01,1.2,0.044
mol_006_E,sp3,1.7108,BD ( 1) C 1- H 15,BD*( 2) C 2- C 7,6.07,0.64,0.055
mol_006_E,sp3,1.7108,BD ( 1) C 1- H 15,RY ( 3) C 2,0.54,1.53,0.026
mol_006_E,sp3,1.7108,BD ( 1) C 2- C 3,BD*( 1) C 1- C 2,1.22,1.19,0.034
mol_006_E,sp3,1.7108,BD ( 1) C 2- C 3,BD*( 1) C 1- H 13,0.94,1.18,0.03
mol_006_E,sp3,1.7108,BD ( 1) C 2- C 3,BD*( 1) C 2- C 7,2.13,1.34,0.048
mol_006_E,sp3,1.7108,BD ( 1) C 2- C 3,BD*( 1) C 3- C 4,2.44,1.35,0.051
mol_006_E,sp3,1.7108,BD ( 1) C 2- C 3,BD*( 1) C 3- H 16,0.99,1.21,0.031
mol_006_E,sp3,1.7108,BD ( 1) C 2- C 3,BD*( 1) C 4- H 17,2.3,1.21,0.047
mol_006_E,sp3,1.7108,BD ( 1) C 2- C 3,BD*( 1) C 7- H 18,2.74,1.21,0.051
mol_006_E,sp3,1.7108,BD ( 1) C 2- C 3,RY ( 1) C 1,1.47,1.36,0.04
mol_006_E,sp3,1.7108,BD ( 1) C 2- C 3,RY ( 1) C 4,0.8,1.95,0.035
mol_006_E,sp3,1.7108,BD ( 1) C 2- C 3,RY ( 2) C 4,1.66,1.87,0.05
mol_006_E,sp3,1.7108,BD ( 1) C 2- C 3,RY ( 1) C 7,0.99,1.97,0.039
mol_006_E,sp3,1.7108,BD ( 1) C 2- C 3,RY ( 2) C 7,0.78,1.77,0.033
mol_006_E,sp3,1.7108,BD ( 1) C 2- C 7,BD*( 1) C 1- C 2,1.37,1.2,0.036
mol_006_E,sp3,1.7108,BD ( 1) C 2- C 7,BD*( 1) C 2- C 3,2.21,1.33,0.048
mol_006_E,sp3,1.7108,BD ( 1) C 2- C 7,BD*( 1) C 3- H 16,2.31,1.21,0.047
mol_006_E,sp3,1.7108,BD ( 1) C 2- C 7,BD*( 1) C 6- C 7,3.65,1.35,0.063
mol_006_E,sp3,1.7108,BD ( 1) C 2- C 7,BD*( 1) C 6- C 8,3.85,1.2,0.061
mol_006_E,sp3,1.7108,BD ( 1) C 2- C 7,BD*( 1) C 7- H 18,1.35,1.21,0.036
mol_006_E,sp3,1.7108,BD ( 1) C 2- C 7,RY ( 1) C 1,0.98,1.37,0.033
mol_006_E,sp3,1.7108,BD ( 1) C 2- C 7,RY ( 1) C 3,1.08,1.99,0.041
mol_006_E,sp3,1.7108,BD ( 1) C 2- C 7,RY ( 1) C 6,1.44,2.14,0.05
mol_006_E,sp3,1.7108,BD ( 1) C 2- C 7,RY ( 2) C 6,0.62,2.12,0.032
mol_006_E,sp3,1.7108,BD ( 1) C 2- C 7,RY ( 1) H 18,0.54,1.69,0.027
mol_006_E,sp3,1.7108,BD ( 2) C 2- C 7,BD*( 1) C 1- H 14,3.43,0.8,0.047
mol_006_E,sp3,1.7108,BD ( 2) C 2- C 7,BD*( 1) C 1- H 15,3.32,0.8,0.046
mol_006_E,sp3,1.7108,BD ( 2) C 2- C 7,BD*( 2) C 3- C 4,27.65,0.4,0.093
mol_006_E,sp3,1.7108,BD ( 2) C 2- C 7,BD*( 2) C 5- C 6,46.2,0.38,0.119
mol_006_E,sp3,1.7108,BD ( 2) C 2- C 7,RY ( 2) C 1,0.95,1.15,0.03
mol_006_E,sp3,1.7108,BD ( 2) C 2- C 7,RY ( 3) C 3,2.13,1.02,0.042
mol_006_E,sp3,1.7108,BD ( 2) C 2- C 7,RY ( 4) C 6,0.6,1.92,0.03
mol_006_E,sp3,1.7108,BD ( 2) C 2- C 7,RY ( 8) C 6,0.75,1.72,0.032
mol_006_E,sp3,1.7108,BD ( 2) C 2- C 7,RY ( 3) C 7,0.56,0.9,0.02
mol_006_E,sp3,1.7108,BD ( 1) C 3- C 4,BD*( 1) C 1- C 2,2.99,1.2,0.054
mol_006_E,sp3,1.7108,BD ( 1) C 3- C 4,BD*( 1) C 2- C 3,2.63,1.34,0.053
mol_006_E,sp3,1.7108,BD ( 1) C 3- C 4,BD*( 1) C 3- H 16,0.98,1.22,0.031
mol_006_E,sp3,1.7108,BD ( 1) C 3- C 4,BD*( 1) C 4- C 5,2.94,1.33,0.056
mol_006_E,sp3,1.7108,BD ( 1) C 3- C 4,BD*( 1) C 4- H 17,1.23,1.22,0.035
mol_006_E,sp3,1.7108,BD ( 1) C 3- C 4,BD*( 1) C 5- C 10,4.4,1.23,0.066
mol_006_E,sp3,1.7108,BD ( 1) C 3- C 4,RY ( 1) C 2,1.59,2.13,0.052
mol_006_E,sp3,1.7108,BD ( 1) C 3- C 4,RY ( 2) C 2,0.88,2.03,0.038
mol_006_E,sp3,1.7108,BD ( 1) C 3- C 4,RY ( 1) C 5,2.22,2.02,0.06
mol_006_E,sp3,1.7108,BD ( 1) C 3- C 4,RY ( 1) H 17,0.9,1.65,0.034
mol_006_E,sp3,1.7108,BD ( 2) C 3- C 4,BD*( 2) C 2- C 7,36.02,0.41,0.109
mol_006_E,sp3,1.7108,BD ( 2) C 3- C 4,BD*( 2) C 5- C 6,29.83,0.39,0.097
mol_006_E,sp3,1.7108,BD ( 2) C 3- C 4,RY ( 3) C 2,0.5,1.3,0.023
mol_006_E,sp3,1.7108,BD ( 2) C 3- C 4,RY ( 3) C 3,0.54,1.03,0.021
mol_006_E,sp3,1.7108,BD ( 2) C 3- C 4,RY ( 3) C 5,0.6,1.02,0.022
mol_006_E,sp3,1.7108,BD ( 2) C 3- C 4,RY ( 5) C 5,0.58,2.02,0.031
mol_006_E,sp3,1.7108,BD ( 1) C 3- H 16,BD*( 1) C 2- C 3,0.62,1.21,0.024
mol_006_E,sp3,1.7108,BD ( 1) C 3- H 16,BD*( 1) C 2- C 7,4.41,1.22,0.066
mol_006_E,sp3,1.7108,BD ( 1) C 3- H 16,BD*( 1) C 3- C 4,0.62,1.23,0.025
mol_006_E,sp3,1.7108,BD ( 1) C 3- H 16,BD*( 1) C 4- C 5,3.45,1.2,0.057
mol_006_E,sp3,1.7108,BD ( 1) C 3- H 16,BD*( 1) C 4- H 17,0.95,1.09,0.029
mol_006_E,sp3,1.7108,BD ( 1) C 3- H 16,RY ( 1) C 2,1.33,2.0,0.046
mol_006_E,sp3,1.7108,BD ( 1) C 3- H 16,RY ( 1) C 4,1.02,1.83,0.039
mol_006_E,sp3,1.7108,BD ( 1) C 4- C 5,BD*( 1) C 3- C 4,2.8,1.36,0.055
mol_006_E,sp3,1.7108,BD ( 1) C 4- C 5,BD*( 1) C 3- H 16,2.39,1.22,0.048
mol_006_E,sp3,1.7108,BD ( 1) C 4- C 5,BD*( 1) C 4- H 17,1.1,1.22,0.033
mol_006_E,sp3,1.7108,BD ( 1) C 4- C 5,BD*( 1) C 5- C 6,4.8,1.35,0.072
mol_006_E,sp3,1.7108,BD ( 1) C 4- C 5,BD*( 1) C 5- C 10,3.09,1.23,0.055
mol_006_E,sp3,1.7108,BD ( 1) C 4- C 5,BD*( 1) C 6- C 8,2.01,1.21,0.044
mol_006_E,sp3,1.7108,BD ( 1) C 4- C 5,BD*( 1) C 9- C 10,1.04,1.16,0.031
mol_006_E,sp3,1.7108,BD ( 1) C 4- C 5,RY ( 1) C 3,1.32,2.0,0.046
mol_006_E,sp3,1.7108,BD ( 1) C 4- C 5,RY ( 2) C 3,1.61,1.96,0.05
mol_006_E,sp3,1.7108,BD ( 1) C 4- C 5,RY ( 2) C 5,0.92,2.54,0.043
mol_006_E,sp3,1.7108,BD ( 1) C 4- C 5,RY ( 4) C 5,1.44,6.15,0.084
mol_006_E,sp3,1.7108,BD ( 1) C 4- C 5,RY ( 6) C 5,0.54,2.73,0.034
mol_006_E,sp3,1.7108,BD ( 1) C 4- C 5,RY ( 9) C 5,1.12,6.04,0.073
mol_006_E,sp3,1.7108,BD ( 1) C 4- C 5,RY (11) C 5,0.51,3.36,0.037
mol_006_E,sp3,1.7108,BD ( 1) C 4- C 5,RY (14) C 5,0.76,4.18,0.05
mol_006_E,sp3,1.7108,BD ( 1) C 4- C 5,RY (16) C 5,1.28,8.16,0.091
mol_006_E,sp3,1.7108,BD ( 1) C 4- C 5,RY ( 1) C 6,0.74,2.15,0.036
mol_006_E,sp3,1.7108,BD ( 1) C 4- C 5,RY ( 2) C 6,0.59,2.12,0.032
mol_006_E,sp3,1.7108,BD ( 1) C 4- C 5,RY ( 5) C 6,0.51,2.44,0.032
mol_006_E,sp3,1.7108,BD ( 1) C 4- C 5,RY ( 6) C 6,0.87,2.98,0.046
mol_006_E,sp3,1.7108,BD ( 1) C 4- C 5,RY ( 1) C 10,1.23,1.73,0.041
mol_006_E,sp3,1.7108,BD ( 1) C 4- C 5,RY ( 6) C 10,0.56,13.0,0.076
mol_006_E,sp3,1.7108,BD ( 1) C 4- C 5,RY ( 7) C 10,0.57,3.32,0.039
mol_006_E,sp3,1.7108,BD ( 1) C 4- C 5,RY ( 8) C 10,0.51,2.51,0.032
mol_006_E,sp3,1.7108,BD ( 1) C 4- H 17,BD*( 1) C 2- C 3,3.69,1.22,0.06
mol_006_E,sp3,1.7108,BD ( 1) C 4- H 17,BD*( 1) C 3- C 4,0.85,1.24,0.029
mol_006_E,sp3,1.7108,BD ( 1) C 4- H 17,BD*( 1) C 3- H 16,0.94,1.1,0.029
mol_006_E,sp3,1.7108,BD ( 1) C 4- H 17,BD*( 1) C 4- C 5,0.6,1.21,0.024
mol_006_E,sp3,1.7108,BD ( 1) C 4- H 17,BD*( 1) C 5- C 6,4.33,1.23,0.065
mol_006_E,sp3,1.7108,BD ( 1) C 4- H 17,BD*( 1) C 5- C 10,0.56,1.11,0.022
mol_006_E,sp3,1.7108,BD ( 1) C 4- H 17,RY ( 1) C 3,1.1,1.88,0.041
mol_006_E,sp3,1.7108,BD ( 1) C 4- H 17,RY ( 1) C 5,0.86,1.9,0.036
mol_006_E,sp3,1.7108,BD ( 1) C 5- C 6,BD*( 1) C 4- C 5,4.51,1.32,0.069
mol_006_E,sp3,1.7108,BD ( 1) C 5- C 6,BD*( 1) C 4- H 17,2.19,1.21,0.046
mol_006_E,sp3,1.7108,BD ( 1) C 5- C 6,BD*( 1) C 5- C 10,2.07,1.23,0.045
mol_006_E,sp3,1.7108,BD ( 1) C 5- C 6,BD*( 1) C 6- C 7,2.78,1.35,0.055
mol_006_E,sp3,1.7108,BD ( 1) C 5- C 6,BD*( 1) C 6- C 8,1.35,1.2,0.036
mol_006_E,sp3,1.7108,BD ( 1) C 5- C 6,BD*( 1) C 7- H 18,2.57,1.21,0.05
mol_006_E,sp3,1.7108,BD ( 1) C 5- C 6,BD*( 1) C 8- H 19,0.51,1.18,0.022
mol_006_E,sp3,1.7108,BD ( 1) C 5- C 6,BD*( 1) C 10- N 11,2.64,1.35,0.053
mol_006_E,sp3,1.7108,BD ( 1) C 5- C 6,BD*( 1) N 11- O 12,0.51,0.7,0.017
mol_006_E,sp3,1.7108,BD ( 1) C 5- C 6,RY ( 1) C 4,0.91,1.96,0.038
mol_006_E,sp3,1.7108,BD ( 1) C 5- C 6,RY ( 1) C 7,1.42,1.97,0.047
mol_006_E,sp3,1.7108,BD ( 1) C 5- C 6,RY ( 2) C 7,0.84,1.77,0.034
mol_006_E,sp3,1.7108,BD ( 1) C 5- C 6,RY ( 1) C 8,0.86,1.42,0.031
mol_006_E,sp3,1.7108,BD ( 1) C 5- C 6,RY ( 1) C 10,0.57,1.72,0.028
mol_006_E,sp3,1.7108,BD ( 1) C 5- C 6,RY ( 2) C 10,0.67,2.03,0.033
mol_006_E,sp3,1.7108,BD ( 2) C 5- C 6,BD*( 2) C 2- C 7,24.08,0.41,0.089
mol_006_E,sp3,1.7108,BD ( 2) C 5- C 6,BD*( 2) C 3- C 4,33.36,0.41,0.104
mol_006_E,sp3,1.7108,BD ( 2) C 5- C 6,BD*( 1) C 8- H 19,3.39,0.81,0.047
mol_006_E,sp3,1.7108,BD ( 2) C 5- C 6,BD*( 1) C 8- H 20,3.44,0.81,0.047
mol_006_E,sp3,1.7108,BD ( 2) C 5- C 6,BD*( 2) C 10- N 11,41.85,0.38,0.112
mol_006_E,sp3,1.7108,BD ( 2) C 5- C 6,RY ( 3) C 4,2.25,1.21,0.047
mol_006_E,sp3,1.7108,BD ( 2) C 5- C 6,RY ( 3) C 7,2.08,0.91,0.039
mol_006_E,sp3,1.7108,BD ( 2) C 5- C 6,RY ( 2) C 8,0.59,1.15,0.023
mol_006_E,sp3,1.7108,BD ( 2) C 5- C 6,RY ( 3) C 10,1.07,1.93,0.041
mol_006_E,sp3,1.7108,BD ( 1) C 5- C 10,BD*( 1) C 3- C 4,1.06,1.35,0.034
mol_006_E,sp3,1.7108,BD ( 1) C 5- C 10,BD*( 1) C 4- C 5,2.6,1.32,0.052
mol_006_E,sp3,1.7108,BD ( 1) C 5- C 10,BD*( 1) C 5- C 6,1.58,1.34,0.041
mol_006_E,sp3,1.7108,BD ( 1) C 5- C 10,BD*( 1) C 6- C 7,3.28,1.35,0.059
mol_006_E,sp3,1.7108,BD ( 1) C 5- C 10,BD*( 1) C 8- C 9,0.6,1.13,0.023
mol_006_E,sp3,1.7108,BD ( 1) C 5- C 10,BD*( 1) C 9- C 10,0.97,1.15,0.03
mol_006_E,sp3,1.7108,BD ( 1) C 5- C 10,BD*( 1) C 9- H 21,0.5,1.17,0.022
mol_006_E,sp3,1.7108,BD ( 1) C 5- C 10,BD*( 1) C 9- H 22,0.51,1.17,0.022
mol_006_E,sp3,1.7108,BD ( 1) C 5- C 10,BD*( 1) C 10- N 11,1.65,1.35,0.042
mol_006_E,sp3,1.7108,BD ( 1) C 5- C 10,BD*( 1) N 11- O 12,15.34,0.7,0.092
mol_006_E,sp3,1.7108,BD ( 1) C 5- C 10,RY ( 1) C 4,1.37,1.95,0.046
mol_006_E,sp3,1.7108,BD ( 1) C 5- C 10,RY ( 1) C 6,1.29,2.14,0.047
mol_006_E,sp3,1.7108,BD ( 1) C 5- C 10,RY ( 6) C 6,0.51,2.97,0.035
mol_006_E,sp3,1.7108,BD ( 1) C 5- C 10,RY ( 1) C 9,0.82,1.46,0.031
mol_006_E,sp3,1.7108,BD ( 1) C 5- C 10,RY ( 1) N 11,1.22,1.77,0.041
mol_006_E,sp3,1.7108,BD ( 1) C 6- C 7,BD*( 1) C 1- C 2,3.05,1.2,0.054
mol_006_E,sp3,1.7108,BD ( 1) C 6- C 7,BD*( 1) C 2- C 7,3.47,1.35,0.061
mol_006_E,sp3,1.7108,BD ( 1) C 6- C 7,BD*( 1) C 5- C 6,3.07,1.35,0.057
mol_006_E,sp3,1.7108,BD ( 1) C 6- C 7,BD*( 1) C 5- C 10,2.33,1.23,0.048
mol_006_E,sp3,1.7108,BD ( 1) C 6- C 7,BD*( 1) C 6- C 8,1.78,1.2,0.041
mol_006_E,sp3,1.7108,BD ( 1) C 6- C 7,BD*( 1) C 7- H 18,1.36,1.22,0.036
mol_006_E,sp3,1.7108,BD ( 1) C 6- C 7,BD*( 1) C 8- C 9,0.53,1.14,0.022
mol_006_E,sp3,1.7108,BD ( 1) C 6- C 7,RY ( 1) C 2,1.28,2.13,0.047
mol_006_E,sp3,1.7108,BD ( 1) C 6- C 7,RY ( 2) C 2,1.11,2.03,0.042
mol_006_E,sp3,1.7108,BD ( 1) C 6- C 7,RY ( 1) C 5,0.71,2.02,0.034
mol_006_E,sp3,1.7108,BD ( 1) C 6- C 7,RY ( 2) C 5,1.1,2.53,0.047
mol_006_E,sp3,1.7108,BD ( 1) C 6- C 7,RY ( 1) C 8,0.8,1.43,0.03
mol_006_E,sp3,1.7108,BD ( 1) C 6- C 7,RY ( 1) H 18,0.67,1.7,0.03
mol_006_E,sp3,1.7108,BD ( 1) C 6- C 8,BD*( 1) C 2- C 7,1.74,1.3,0.042
mol_006_E,sp3,1.7108,BD ( 1) C 6- C 8,BD*( 1) C 4- C 5,3.77,1.27,0.062
mol_006_E,sp3,1.7108,BD ( 1) C 6- C 8,BD*( 1) C 5- C 6,1.22,1.29,0.035
mol_006_E,sp3,1.7108,BD ( 1) C 6- C 8,BD*( 1) C 5- C 10,0.77,1.18,0.027
mol_006_E,sp3,1.7108,BD ( 1) C 6- C 8,BD*( 1) C 6- C 7,1.91,1.3,0.045
mol_006_E,sp3,1.7108,BD ( 1) C 6- C 8,BD*( 1) C 8- C 9,0.53,1.09,0.021
mol_006_E,sp3,1.7108,BD ( 1) C 6- C 8,BD*( 1) C 8- H 19,0.61,1.13,0.023
mol_006_E,sp3,1.7108,BD ( 1) C 6- C 8,BD*( 1) C 8- H 20,0.6,1.13,0.023
mol_006_E,sp3,1.7108,BD ( 1) C 6- C 8,BD*( 1) C 9- C 10,0.97,1.11,0.029
mol_006_E,sp3,1.7108,BD ( 1) C 6- C 8,BD*( 1) C 9- H 21,0.61,1.12,0.023
mol_006_E,sp3,1.7108,BD ( 1) C 6- C 8,BD*( 1) C 9- H 22,0.64,1.12,0.024
mol_006_E,sp3,1.7108,BD ( 1) C 6- C 8,RY ( 1) C 5,0.55,1.97,0.029
mol_006_E,sp3,1.7108,BD ( 1) C 6- C 8,RY ( 1) C 7,1.43,1.92,0.047
mol_006_E,sp3,1.7108,BD ( 1) C 6- C 8,RY ( 3) C 9,0.79,1.76,0.033
mol_006_E,sp3,1.7108,BD ( 1) C 7- H 18,BD*( 1) C 2- C 3,4.46,1.21,0.066
mol_006_E,sp3,1.7108,BD ( 1) C 7- H 18,BD*( 1) C 2- C 7,0.99,1.22,0.031
mol_006_E,sp3,1.7108,BD ( 1) C 7- H 18,BD*( 1) C 5- C 6,4.35,1.22,0.065
mol_006_E,sp3,1.7108,BD ( 1) C 7- H 18,BD*( 1) C 6- C 7,0.92,1.23,0.03
mol_006_E,sp3,1.7108,BD ( 1) C 7- H 18,RY ( 1) C 2,1.19,2.0,0.044
mol_006_E,sp3,1.7108,BD ( 1) C 7- H 18,RY ( 1) C 6,1.31,2.02,0.046
mol_006_E,sp3,1.7108,BD ( 1) C 8- C 9,BD*( 1) C 5- C 6,0.52,1.27,0.023
mol_006_E,sp3,1.7108,BD ( 1) C 8- C 9,BD*( 1) C 5- C 10,0.62,1.16,0.024
mol_006_E,sp3,1.7108,BD ( 1) C 8- C 9,BD*( 1) C 6- C 7,4.19,1.28,0.065
mol_006_E,sp3,1.7108,BD ( 1) C 8- C 9,BD*( 1) C 6- C 8,0.66,1.13,0.024
mol_006_E,sp3,1.7108,BD ( 1) C 8- C 9,BD*( 1) C 9- C 10,0.51,1.09,0.021
mol_006_E,sp3,1.7108,BD ( 1) C 8- C 9,BD*( 1) C 10- N 11,4.74,1.28,0.07
mol_006_E,sp3,1.7108,BD ( 1) C 8- C 9,RY ( 2) C 6,0.6,2.05,0.031
mol_006_E,sp3,1.7108,BD ( 1) C 8- C 9,RY ( 4) C 10,0.63,2.11,0.033
mol_006_E,sp3,1.7108,BD ( 1) C 8- H 19,BD*( 1) C 5- C 6,1.33,1.2,0.036
mol_006_E,sp3,1.7108,BD ( 1) C 8- H 19,BD*( 2) C 5- C 6,6.19,0.63,0.056
mol_006_E,sp3,1.7108,BD ( 1) C 8- H 19,BD*( 1) C 9- C 10,0.69,1.02,0.024
mol_006_E,sp3,1.7108,BD ( 1) C 8- H 19,BD*( 1) C 9- H 21,1.21,1.04,0.032
mol_006_E,sp3,1.7108,BD ( 1) C 8- H 19,BD*( 1) C 9- H 22,0.81,1.04,0.026
mol_006_E,sp3,1.7108,BD ( 1) C 8- H 19,RY ( 2) C 9,0.58,1.37,0.025
mol_006_E,sp3,1.7108,BD ( 1) C 8- H 20,BD*( 1) C 5- C 6,1.28,1.2,0.035
mol_006_E,sp3,1.7108,BD ( 1) C 8- H 20,BD*( 2) C 5- C 6,6.34,0.63,0.056
mol_006_E,sp3,1.7108,BD ( 1) C 8- H 20,BD*( 1) C 9- C 10,0.65,1.02,0.023
mol_006_E,sp3,1.7108,BD ( 1) C 8- H 20,BD*( 1) C 9- H 21,0.85,1.04,0.027
mol_006_E,sp3,1.7108,BD ( 1) C 8- H 20,BD*( 1) C 9- H 22,1.21,1.04,0.032
mol_006_E,sp3,1.7108,BD ( 1) C 8- H 20,RY ( 2) C 9,0.54,1.37,0.024
mol_006_E,sp3,1.7108,BD ( 1) C 9- C 10,BD*( 1) C 4- C 5,3.74,1.31,0.062
mol_006_E,sp3,1.7108,BD ( 1) C 9- C 10,BD*( 1) C 5- C 10,1.28,1.21,0.035
mol_006_E,sp3,1.7108,BD ( 1) C 9- C 10,BD*( 1) C 6- C 8,0.59,1.18,0.023
mol_006_E,sp3,1.7108,BD ( 1) C 9- C 10,BD*( 1) C 8- H 19,0.54,1.16,0.022
mol_006_E,sp3,1.7108,BD ( 1) C 9- C 10,BD*( 1) C 8- H 20,0.51,1.16,0.022
mol_006_E,sp3,1.7108,BD ( 1) C 9- C 10,BD*( 1) C 10- N 11,0.84,1.34,0.03
mol_006_E,sp3,1.7108,BD ( 1) C 9- C 10,BD*( 1) N 11- O 12,5.49,0.68,0.055
mol_006_E,sp3,1.7108,BD ( 1) C 9- C 10,RY ( 1) C 5,0.74,2.0,0.034
mol_006_E,sp3,1.7108,BD ( 1) C 9- C 10,RY ( 3) C 8,0.79,1.76,0.033
mol_006_E,sp3,1.7108,BD ( 1) C 9- C 10,RY ( 1) N 11,1.68,1.76,0.048
mol_006_E,sp3,1.7108,BD ( 1) C 9- H 21,BD*( 1) C 5- C 10,1.41,1.1,0.035
mol_006_E,sp3,1.7108,BD ( 1) C 9- H 21,BD*( 1) C 8- H 19,1.19,1.05,0.032
mol_006_E,sp3,1.7108,BD ( 1) C 9- H 21,BD*( 1) C 8- H 20,0.75,1.05,0.025
mol_006_E,sp3,1.7108,BD ( 1) C 9- H 21,BD*( 2) C 10- N 11,9.37,0.62,0.068
mol_006_E,sp3,1.7108,BD ( 1) C 9- H 21,RY ( 2) C 8,0.61,1.39,0.026
mol_006_E,sp3,1.7108,BD ( 1) C 9- H 22,BD*( 1) C 5- C 10,1.43,1.1,0.035
mol_006_E,sp3,1.7108,BD ( 1) C 9- H 22,BD*( 1) C 6- C 8,0.5,1.07,0.021
mol_006_E,sp3,1.7108,BD ( 1) C 9- H 22,BD*( 1) C 8- H 19,0.7,1.05,0.024
mol_006_E,sp3,1.7108,BD ( 1) C 9- H 22,BD*( 1) C 8- H 20,1.19,1.05,0.032
mol_006_E,sp3,1.7108,BD ( 1) C 9- H 22,BD*( 2) C 10- N 11,9.22,0.62,0.068
mol_006_E,sp3,1.7108,BD ( 1) C 9- H 22,RY ( 2) C 8,0.68,1.39,0.027
mol_006_E,sp3,1.7108,BD ( 1) C 10- N 11,BD*( 1) C 5- C 6,0.7,1.59,0.03
mol_006_E,sp3,1.7108,BD ( 1) C 10- N 11,BD*( 1) C 5- C 10,1.46,1.47,0.041
mol_006_E,sp3,1.7108,BD ( 1) C 10- N 11,BD*( 1) C 9- C 10,1.9,1.4,0.046
mol_006_E,sp3,1.7108,BD ( 1) C 10- N 11,RY ( 1) C 5,1.6,2.26,0.054
mol_006_E,sp3,1.7108,BD ( 1) C 10- N 11,RY ( 2) C 5,0.97,2.78,0.046
mol_006_E,sp3,1.7108,BD ( 1) C 10- N 11,RY ( 1) O 12,0.63,2.22,0.033
mol_006_E,sp3,1.7108,BD ( 2) C 10- N 11,BD*( 2) C 5- C 6,6.36,0.54,0.052
mol_006_E,sp3,1.7108,BD ( 2) C 10- N 11,BD*( 1) C 9- H 21,1.15,0.95,0.03
mol_006_E,sp3,1.7108,BD ( 2) C 10- N 11,BD*( 1) C 9- H 22,1.14,0.95,0.029
mol_006_E,sp3,1.7108,BD ( 2) C 10- N 11,RY ( 3) C 5,0.56,1.17,0.023
mol_006_E,sp3,1.7108,BD ( 1) N 11- O 12,BD*( 1) C 5- C 10,5.63,1.21,0.074
mol_006_E,sp3,1.7108,BD ( 1) N 11- O 12,BD*( 1) C 9- C 10,1.85,1.14,0.041
mol_006_E,sp3,1.7108,BD ( 1) N 11- O 12,RY ( 2) C 10,0.97,2.02,0.04
mol_006_E,sp4,1.8108,LP ( 1) N 11,BD*( 1) C 9- C 10,5.44,1.04,0.067
mol_006_E,sp4,1.8108,LP ( 1) N 11,RY ( 1) C 10,8.28,1.57,0.102
mol_006_E,sp4,1.8108,LP ( 1) O 12,BD*( 1) C 5- C 10,0.79,1.2,0.028
mol_006_E,sp4,1.8108,LP ( 1) O 12,BD*( 1) C 8- C 9,0.61,1.12,0.023
mol_006_E,sp4,1.8108,LP ( 1) O 12,RY ( 1) H 23,1.26,2.58,0.051
mol_006_E,sp4,1.8108,LP ( 1) O 12,RY ( 1) H 24,1.28,2.65,0.052
mol_006_E,sp4,1.8108,BD ( 1) C 1- C 2,BD*( 1) C 2- C 3,1.23,1.28,0.035
mol_006_E,sp4,1.8108,BD ( 1) C 1- C 2,BD*( 1) C 2- C 7,1.37,1.29,0.038
mol_006_E,sp4,1.8108,BD ( 1) C 1- C 2,BD*( 1) C 3- C 4,2.42,1.3,0.05
mol_006_E,sp4,1.8108,BD ( 1) C 1- C 2,BD*( 1) C 3- H 16,0.5,1.16,0.022
mol_006_E,sp4,1.8108,BD ( 1) C 1- C 2,BD*( 1) C 6- C 7,2.52,1.3,0.051
mol_006_E,sp4,1.8108,BD ( 1) C 1- C 2,BD*( 1) C 7- H 18,0.51,1.16,0.022
mol_006_E,sp4,1.8108,BD ( 1) C 1- C 2,RY ( 1) C 3,1.68,1.94,0.051
mol_006_E,sp4,1.8108,BD ( 1) C 1- C 2,RY ( 1) C 7,1.27,1.92,0.044
mol_006_E,sp4,1.8108,BD ( 1) C 1- C 2,RY ( 2) C 7,0.65,1.72,0.03
mol_006_E,sp4,1.8108,BD ( 1) C 1- H 13,BD*( 1) C 2- C 3,4.69,1.19,0.067
mol_006_E,sp4,1.8108,BD ( 1) C 1- H 14,BD*( 1) C 2- C 7,1.58,1.2,0.039
mol_006_E,sp4,1.8108,BD ( 1) C 1- H 14,BD*( 2) C 2- C 7,7.0,0.64,0.059
mol_006_E,sp4,1.8108,BD ( 1) C 1- H 14,RY ( 3) C 2,0.63,1.53,0.028
mol_006_E,sp4,1.8108,BD ( 1) C 1- H 15,BD*( 1) C 2- C 7,2.33,1.2,0.047
mol_006_E,sp4,1.8108,BD ( 1) C 1- H 15,BD*( 2) C 2- C 7,5.39,0.64,0.052
mol_006_E,sp4,1.8108,BD ( 1) C 2- C 3,BD*( 1) C 1- C 2,1.23,1.19,0.034
mol_006_E,sp4,1.8108,BD ( 1) C 2- C 3,BD*( 1) C 1- H 13,0.94,1.18,0.03
mol_006_E,sp4,1.8108,BD ( 1) C 2- C 3,BD*( 1) C 2- C 7,2.12,1.34,0.048
mol_006_E,sp4,1.8108,BD ( 1) C 2- C 3,BD*( 1) C 3- C 4,2.43,1.35,0.051
mol_006_E,sp4,1.8108,BD ( 1) C 2- C 3,BD*( 1) C 3- H 16,1.0,1.21,0.031
mol_006_E,sp4,1.8108,BD ( 1) C 2- C 3,BD*( 1) C 4- H 17,2.28,1.21,0.047
mol_006_E,sp4,1.8108,BD ( 1) C 2- C 3,BD*( 1) C 7- H 18,2.74,1.21,0.051
mol_006_E,sp4,1.8108,BD ( 1) C 2- C 3,RY ( 1) C 1,1.45,1.36,0.04
mol_006_E,sp4,1.8108,BD ( 1) C 2- C 3,RY ( 1) C 4,0.82,1.94,0.035
mol_006_E,sp4,1.8108,BD ( 1) C 2- C 3,RY ( 2) C 4,1.64,1.89,0.05
mol_006_E,sp4,1.8108,BD ( 1) C 2- C 3,RY ( 1) C 7,1.0,1.97,0.04
mol_006_E,sp4,1.8108,BD ( 1) C 2- C 3,RY ( 2) C 7,0.76,1.77,0.033
mol_006_E,sp4,1.8108,BD ( 1) C 2- C 7,BD*( 1) C 1- C 2,1.37,1.2,0.036
mol_006_E,sp4,1.8108,BD ( 1) C 2- C 7,BD*( 1) C 2- C 3,2.2,1.33,0.048
mol_006_E,sp4,1.8108,BD ( 1) C 2- C 7,BD*( 1) C 3- H 16,2.31,1.21,0.047
mol_006_E,sp4,1.8108,BD ( 1) C 2- C 7,BD*( 1) C 6- C 7,3.63,1.35,0.063
mol_006_E,sp4,1.8108,BD ( 1) C 2- C 7,BD*( 1) C 6- C 8,3.84,1.2,0.061
mol_006_E,sp4,1.8108,BD ( 1) C 2- C 7,BD*( 1) C 7- H 18,1.36,1.21,0.036
mol_006_E,sp4,1.8108,BD ( 1) C 2- C 7,RY ( 1) C 1,0.99,1.37,0.033
mol_006_E,sp4,1.8108,BD ( 1) C 2- C 7,RY ( 1) C 3,1.08,1.99,0.041
mol_006_E,sp4,1.8108,BD ( 1) C 2- C 7,RY ( 1) C 6,1.42,2.15,0.049
mol_006_E,sp4,1.8108,BD ( 1) C 2- C 7,RY ( 2) C 6,0.63,2.13,0.033
mol_006_E,sp4,1.8108,BD ( 1) C 2- C 7,RY ( 1) H 18,0.54,1.69,0.027
mol_006_E,sp4,1.8108,BD ( 2) C 2- C 7,BD*( 1) C 1- H 14,3.64,0.8,0.048
mol_006_E,sp4,1.8108,BD ( 2) C 2- C 7,BD*( 1) C 1- H 15,3.02,0.8,0.044
mol_006_E,sp4,1.8108,BD ( 2) C 2- C 7,BD*( 2) C 3- C 4,27.69,0.4,0.093
mol_006_E,sp4,1.8108,BD ( 2) C 2- C 7,BD*( 2) C 5- C 6,46.79,0.38,0.119
mol_006_E,sp4,1.8108,BD ( 2) C 2- C 7,RY ( 2) C 1,0.96,1.15,0.03
mol_006_E,sp4,1.8108,BD ( 2) C 2- C 7,RY ( 3) C 3,2.12,1.02,0.041
mol_006_E,sp4,1.8108,BD ( 2) C 2- C 7,RY ( 4) C 6,0.6,1.89,0.03
mol_006_E,sp4,1.8108,BD ( 2) C 2- C 7,RY ( 8) C 6,0.75,1.72,0.032
mol_006_E,sp4,1.8108,BD ( 2) C 2- C 7,RY ( 3) C 7,0.57,0.9,0.02
mol_006_E,sp4,1.8108,BD ( 1) C 3- C 4,BD*( 1) C 1- C 2,2.98,1.2,0.053
mol_006_E,sp4,1.8108,BD ( 1) C 3- C 4,BD*( 1) C 2- C 3,2.62,1.34,0.053
mol_006_E,sp4,1.8108,BD ( 1) C 3- C 4,BD*( 1) C 3- H 16,0.98,1.22,0.031
mol_006_E,sp4,1.8108,BD ( 1) C 3- C 4,BD*( 1) C 4- C 5,2.96,1.33,0.056
mol_006_E,sp4,1.8108,BD ( 1) C 3- C 4,BD*( 1) C 4- H 17,1.23,1.22,0.035
mol_006_E,sp4,1.8108,BD ( 1) C 3- C 4,BD*( 1) C 5- C 10,4.54,1.22,0.066
mol_006_E,sp4,1.8108,BD ( 1) C 3- C 4,RY ( 1) C 2,1.59,2.13,0.052
mol_006_E,sp4,1.8108,BD ( 1) C 3- C 4,RY ( 2) C 2,0.89,2.03,0.038
mol_006_E,sp4,1.8108,BD ( 1) C 3- C 4,RY ( 1) C 5,2.23,2.01,0.06
mol_006_E,sp4,1.8108,BD ( 1) C 3- C 4,RY ( 1) H 17,0.91,1.67,0.035
mol_006_E,sp4,1.8108,BD ( 2) C 3- C 4,BD*( 2) C 2- C 7,36.04,0.41,0.109
mol_006_E,sp4,1.8108,BD ( 2) C 3- C 4,BD*( 2) C 5- C 6,30.0,0.39,0.097
mol_006_E,sp4,1.8108,BD ( 2) C 3- C 4,RY ( 3) C 3,0.54,1.03,0.021
mol_006_E,sp4,1.8108,BD ( 2) C 3- C 4,RY ( 5) C 5,0.66,2.01,0.032
mol_006_E,sp4,1.8108,BD ( 1) C 3- H 16,BD*( 1) C 2- C 3,0.62,1.21,0.024
mol_006_E,sp4,1.8108,BD ( 1) C 3- H 16,BD*( 1) C 2- C 7,4.41,1.22,0.066
mol_006_E,sp4,1.8108,BD ( 1) C 3- H 16,BD*( 1) C 3- C 4,0.61,1.23,0.025
mol_006_E,sp4,1.8108,BD ( 1) C 3- H 16,BD*( 1) C 4- C 5,3.46,1.2,0.058
mol_006_E,sp4,1.8108,BD ( 1) C 3- H 16,BD*( 1) C 4- H 17,0.96,1.09,0.029
mol_006_E,sp4,1.8108,BD ( 1) C 3- H 16,RY ( 1) C 2,1.31,2.0,0.046
mol_006_E,sp4,1.8108,BD ( 1) C 3- H 16,RY ( 1) C 4,1.02,1.82,0.038
mol_006_E,sp4,1.8108,BD ( 1) C 4- C 5,BD*( 1) C 3- C 4,2.82,1.36,0.055
mol_006_E,sp4,1.8108,BD ( 1) C 4- C 5,BD*( 1) C 3- H 16,2.36,1.22,0.048
mol_006_E,sp4,1.8108,BD ( 1) C 4- C 5,BD*( 1) C 4- H 17,1.12,1.22,0.033
mol_006_E,sp4,1.8108,BD ( 1) C 4- C 5,BD*( 1) C 5- C 6,4.85,1.35,0.072
mol_006_E,sp4,1.8108,BD ( 1) C 4- C 5,BD*( 1) C 5- C 10,3.05,1.23,0.055
mol_006_E,sp4,1.8108,BD ( 1) C 4- C 5,BD*( 1) C 6- C 8,1.99,1.21,0.044
mol_006_E,sp4,1.8108,BD ( 1) C 4- C 5,BD*( 1) C 9- C 10,1.01,1.16,0.031
mol_006_E,sp4,1.8108,BD ( 1) C 4- C 5,RY ( 1) C 3,1.34,2.0,0.046
mol_006_E,sp4,1.8108,BD ( 1) C 4- C 5,RY ( 2) C 3,1.63,1.97,0.051
mol_006_E,sp4,1.8108,BD ( 1) C 4- C 5,RY ( 2) C 5,1.06,2.56,0.047
mol_006_E,sp4,1.8108,BD ( 1) C 4- C 5,RY ( 4) C 5,1.63,6.5,0.092
mol_006_E,sp4,1.8108,BD ( 1) C 4- C 5,RY ( 9) C 5,1.25,6.32,0.079
mol_006_E,sp4,1.8108,BD ( 1) C 4- C 5,RY (11) C 5,0.75,3.5,0.046
mol_006_E,sp4,1.8108,BD ( 1) C 4- C 5,RY (14) C 5,0.68,4.25,0.048
mol_006_E,sp4,1.8108,BD ( 1) C 4- C 5,RY (16) C 5,1.39,7.13,0.089
mol_006_E,sp4,1.8108,BD ( 1) C 4- C 5,RY ( 1) C 6,0.75,2.16,0.036
mol_006_E,sp4,1.8108,BD ( 1) C 4- C 5,RY ( 2) C 6,0.65,2.14,0.033
mol_006_E,sp4,1.8108,BD ( 1) C 4- C 5,RY ( 5) C 6,0.53,2.5,0.032
mol_006_E,sp4,1.8108,BD ( 1) C 4- C 5,RY ( 6) C 6,0.97,2.95,0.048
mol_006_E,sp4,1.8108,BD ( 1) C 4- C 5,RY ( 1) C 10,1.17,1.69,0.04
mol_006_E,sp4,1.8108,BD ( 1) C 4- C 5,RY ( 6) C 10,0.67,13.44,0.085
mol_006_E,sp4,1.8108,BD ( 1) C 4- H 17,BD*( 1) C 2- C 3,3.68,1.22,0.06
mol_006_E,sp4,1.8108,BD ( 1) C 4- H 17,BD*( 1) C 3- C 4,0.87,1.24,0.029
mol_006_E,sp4,1.8108,BD ( 1) C 4- H 17,BD*( 1) C 3- H 16,0.94,1.1,0.029
mol_006_E,sp4,1.8108,BD ( 1) C 4- H 17,BD*( 1) C 4- C 5,0.6,1.21,0.024
mol_006_E,sp4,1.8108,BD ( 1) C 4- H 17,BD*( 1) C 5- C 6,4.35,1.23,0.065
mol_006_E,sp4,1.8108,BD ( 1) C 4- H 17,BD*( 1) C 5- C 10,0.57,1.11,0.022
mol_006_E,sp4,1.8108,BD ( 1) C 4- H 17,RY ( 1) C 3,1.11,1.88,0.041
mol_006_E,sp4,1.8108,BD ( 1) C 4- H 17,RY ( 1) C 5,0.86,1.9,0.036
mol_006_E,sp4,1.8108,BD ( 1) C 5- C 6,BD*( 1) C 4- C 5,4.51,1.32,0.069
mol_006_E,sp4,1.8108,BD ( 1) C 5- C 6,BD*( 1) C 4- H 17,2.17,1.22,0.046
mol_006_E,sp4,1.8108,BD ( 1) C 5- C 6,BD*( 1) C 5- C 10,2.0,1.22,0.044
mol_006_E,sp4,1.8108,BD ( 1) C 5- C 6,BD*( 1) C 6- C 7,2.76,1.35,0.054
mol_006_E,sp4,1.8108,BD ( 1) C 5- C 6,BD*( 1) C 6- C 8,1.37,1.2,0.036
mol_006_E,sp4,1.8108,BD ( 1) C 5- C 6,BD*( 1) C 7- H 18,2.55,1.21,0.05
mol_006_E,sp4,1.8108,BD ( 1) C 5- C 6,BD*( 1) C 8- H 19,0.53,1.18,0.022
mol_006_E,sp4,1.8108,BD ( 1) C 5- C 6,BD*( 1) C 10- N 11,2.63,1.36,0.053
mol_006_E,sp4,1.8108,BD ( 1) C 5- C 6,BD*( 1) N 11- O 12,0.63,0.66,0.018
mol_006_E,sp4,1.8108,BD ( 1) C 5- C 6,RY ( 1) C 4,0.91,1.94,0.038
mol_006_E,sp4,1.8108,BD ( 1) C 5- C 6,RY ( 1) C 7,1.41,1.98,0.047
mol_006_E,sp4,1.8108,BD ( 1) C 5- C 6,RY ( 2) C 7,0.85,1.78,0.035
mol_006_E,sp4,1.8108,BD ( 1) C 5- C 6,RY ( 1) C 8,0.83,1.44,0.031
mol_006_E,sp4,1.8108,BD ( 1) C 5- C 6,RY ( 1) C 10,0.56,1.68,0.027
mol_006_E,sp4,1.8108,BD ( 1) C 5- C 6,RY ( 3) C 10,0.88,2.13,0.039
mol_006_E,sp4,1.8108,BD ( 2) C 5- C 6,BD*( 2) C 2- C 7,23.8,0.41,0.088
mol_006_E,sp4,1.8108,BD ( 2) C 5- C 6,BD*( 2) C 3- C 4,33.26,0.41,0.104
mol_006_E,sp4,1.8108,BD ( 2) C 5- C 6,BD*( 1) C 8- H 19,3.29,0.81,0.046
mol_006_E,sp4,1.8108,BD ( 2) C 5- C 6,BD*( 1) C 8- H 20,3.47,0.81,0.047
mol_006_E,sp4,1.8108,BD ( 2) C 5- C 6,BD*( 2) C 10- N 11,41.4,0.38,0.112
mol_006_E,sp4,1.8108,BD ( 2) C 5- C 6,RY ( 3) C 4,2.26,1.22,0.047
mol_006_E,sp4,1.8108,BD ( 2) C 5- C 6,RY ( 3) C 7,2.07,0.92,0.039
mol_006_E,sp4,1.8108,BD ( 2) C 5- C 6,RY ( 2) C 8,0.56,1.14,0.023
mol_006_E,sp4,1.8108,BD ( 2) C 5- C 6,RY ( 2) C 10,1.04,1.95,0.04
mol_006_E,sp4,1.8108,BD ( 1) C 5- C 10,BD*( 1) C 3- C 4,1.05,1.35,0.034
mol_006_E,sp4,1.8108,BD ( 1) C 5- C 10,BD*( 1) C 4- C 5,2.41,1.32,0.05
mol_006_E,sp4,1.8108,BD ( 1) C 5- C 10,BD*( 1) C 5- C 6,1.44,1.33,0.039
mol_006_E,sp4,1.8108,BD ( 1) C 5- C 10,BD*( 1) C 6- C 7,3.27,1.35,0.059
mol_006_E,sp4,1.8108,BD ( 1) C 5- C 10,BD*( 1) C 8- C 9,0.6,1.13,0.023
mol_006_E,sp4,1.8108,BD ( 1) C 5- C 10,BD*( 1) C 9- C 10,1.02,1.15,0.031
mol_006_E,sp4,1.8108,BD ( 1) C 5- C 10,BD*( 1) C 9- H 22,0.52,1.17,0.022
mol_006_E,sp4,1.8108,BD ( 1) C 5- C 10,BD*( 1) C 10- N 11,1.65,1.35,0.042
mol_006_E,sp4,1.8108,BD ( 1) C 5- C 10,BD*( 1) N 11- O 12,18.45,0.66,0.098
mol_006_E,sp4,1.8108,BD ( 1) C 5- C 10,RY ( 1) C 4,1.35,1.94,0.046
mol_006_E,sp4,1.8108,BD ( 1) C 5- C 10,RY ( 1) C 6,1.32,2.15,0.047
mol_006_E,sp4,1.8108,BD ( 1) C 5- C 10,RY ( 1) C 9,0.81,1.46,0.031
mol_006_E,sp4,1.8108,BD ( 1) C 5- C 10,RY ( 1) N 11,1.4,1.72,0.044
mol_006_E,sp4,1.8108,BD ( 1) C 6- C 7,BD*( 1) C 1- C 2,3.03,1.2,0.054
mol_006_E,sp4,1.8108,BD ( 1) C 6- C 7,BD*( 1) C 2- C 7,3.47,1.35,0.061
mol_006_E,sp4,1.8108,BD ( 1) C 6- C 7,BD*( 1) C 5- C 6,3.09,1.34,0.058
mol_006_E,sp4,1.8108,BD ( 1) C 6- C 7,BD*( 1) C 5- C 10,2.37,1.22,0.048
mol_006_E,sp4,1.8108,BD ( 1) C 6- C 7,BD*( 1) C 6- C 8,1.78,1.2,0.041
mol_006_E,sp4,1.8108,BD ( 1) C 6- C 7,BD*( 1) C 7- H 18,1.35,1.22,0.036
mol_006_E,sp4,1.8108,BD ( 1) C 6- C 7,BD*( 1) C 8- C 9,0.53,1.14,0.022
mol_006_E,sp4,1.8108,BD ( 1) C 6- C 7,RY ( 1) C 2,1.28,2.13,0.047
mol_006_E,sp4,1.8108,BD ( 1) C 6- C 7,RY ( 2) C 2,1.1,2.04,0.042
mol_006_E,sp4,1.8108,BD ( 1) C 6- C 7,RY ( 1) C 5,0.74,2.02,0.034
mol_006_E,sp4,1.8108,BD ( 1) C 6- C 7,RY ( 2) C 5,1.08,2.56,0.047
mol_006_E,sp4,1.8108,BD ( 1) C 6- C 7,RY ( 1) C 8,0.75,1.44,0.029
mol_006_E,sp4,1.8108,BD ( 1) C 6- C 7,RY ( 1) H 18,0.68,1.7,0.03
mol_006_E,sp4,1.8108,BD ( 1) C 6- C 8,BD*( 1) C 2- C 7,1.73,1.3,0.042
mol_006_E,sp4,1.8108,BD ( 1) C 6- C 8,BD*( 1) C 4- C 5,3.74,1.27,0.062
mol_006_E,sp4,1.8108,BD ( 1) C 6- C 8,BD*( 1) C 5- C 6,1.22,1.29,0.035
mol_006_E,sp4,1.8108,BD ( 1) C 6- C 8,BD*( 1) C 5- C 10,0.78,1.17,0.027
mol_006_E,sp4,1.8108,BD ( 1) C 6- C 8,BD*( 1) C 6- C 7,1.94,1.3,0.045
mol_006_E,sp4,1.8108,BD ( 1) C 6- C 8,BD*( 1) C 8- C 9,0.52,1.09,0.021
mol_006_E,sp4,1.8108,BD ( 1) C 6- C 8,BD*( 1) C 8- H 19,0.62,1.13,0.024
mol_006_E,sp4,1.8108,BD ( 1) C 6- C 8,BD*( 1) C 8- H 20,0.61,1.13,0.023
mol_006_E,sp4,1.8108,BD ( 1) C 6- C 8,BD*( 1) C 9- C 10,0.98,1.1,0.029
mol_006_E,sp4,1.8108,BD ( 1) C 6- C 8,BD*( 1) C 9- H 21,0.57,1.12,0.023
mol_006_E,sp4,1.8108,BD ( 1) C 6- C 8,BD*( 1) C 9- H 22,0.7,1.12,0.025
mol_006_E,sp4,1.8108,BD ( 1) C 6- C 8,RY ( 1) C 5,0.58,1.96,0.03
mol_006_E,sp4,1.8108,BD ( 1) C 6- C 8,RY ( 1) C 7,1.43,1.93,0.047
mol_006_E,sp4,1.8108,BD ( 1) C 6- C 8,RY ( 3) C 9,0.81,1.78,0.034
mol_006_E,sp4,1.8108,BD ( 1) C 7- H 18,BD*( 1) C 2- C 3,4.46,1.21,0.066
mol_006_E,sp4,1.8108,BD ( 1) C 7- H 18,BD*( 1) C 2- C 7,1.0,1.22,0.031
mol_006_E,sp4,1.8108,BD ( 1) C 7- H 18,BD*( 1) C 5- C 6,4.38,1.22,0.065
mol_006_E,sp4,1.8108,BD ( 1) C 7- H 18,BD*( 1) C 6- C 7,0.92,1.23,0.03
mol_006_E,sp4,1.8108,BD ( 1) C 7- H 18,RY ( 1) C 2,1.18,2.0,0.043
mol_006_E,sp4,1.8108,BD ( 1) C 7- H 18,RY ( 1) C 6,1.32,2.03,0.046
mol_006_E,sp4,1.8108,BD ( 1) C 8- C 9,BD*( 1) C 5- C 6,0.51,1.27,0.023
mol_006_E,sp4,1.8108,BD ( 1) C 8- C 9,BD*( 1) C 5- C 10,0.63,1.15,0.024
mol_006_E,sp4,1.8108,BD ( 1) C 8- C 9,BD*( 1) C 6- C 7,4.19,1.28,0.065
mol_006_E,sp4,1.8108,BD ( 1) C 8- C 9,BD*( 1) C 6- C 8,0.66,1.13,0.024
mol_006_E,sp4,1.8108,BD ( 1) C 8- C 9,BD*( 1) C 10- N 11,4.68,1.29,0.069
mol_006_E,sp4,1.8108,BD ( 1) C 8- C 9,RY ( 2) C 6,0.62,2.06,0.032
mol_006_E,sp4,1.8108,BD ( 1) C 8- C 9,RY ( 4) C 10,0.78,2.03,0.036
mol_006_E,sp4,1.8108,BD ( 1) C 8- H 19,BD*( 1) C 5- C 6,1.42,1.2,0.037
mol_006_E,sp4,1.8108,BD ( 1) C 8- H 19,BD*( 2) C 5- C 6,6.04,0.62,0.055
mol_006_E,sp4,1.8108,BD ( 1) C 8- H 19,BD*( 1) C 9- C 10,0.77,1.02,0.025
mol_006_E,sp4,1.8108,BD ( 1) C 8- H 19,BD*( 1) C 9- H 21,1.21,1.04,0.032
mol_006_E,sp4,1.8108,BD ( 1) C 8- H 19,BD*( 1) C 9- H 22,0.76,1.04,0.025
mol_006_E,sp4,1.8108,BD ( 1) C 8- H 19,RY ( 2) C 9,0.59,1.37,0.025
mol_006_E,sp4,1.8108,BD ( 1) C 8- H 20,BD*( 1) C 5- C 6,1.23,1.2,0.034
mol_006_E,sp4,1.8108,BD ( 1) C 8- H 20,BD*( 2) C 5- C 6,6.62,0.62,0.057
mol_006_E,sp4,1.8108,BD ( 1) C 8- H 20,BD*( 1) C 9- C 10,0.62,1.01,0.022
mol_006_E,sp4,1.8108,BD ( 1) C 8- H 20,BD*( 1) C 9- H 21,0.94,1.04,0.028
mol_006_E,sp4,1.8108,BD ( 1) C 8- H 20,BD*( 1) C 9- H 22,1.21,1.04,0.032
mol_006_E,sp4,1.8108,BD ( 1) C 8- H 20,RY ( 2) C 9,0.51,1.37,0.024
mol_006_E,sp4,1.8108,BD ( 1) C 9- C 10,BD*( 1) C 4- C 5,3.7,1.31,0.062
mol_006_E,sp4,1.8108,BD ( 1) C 9- C 10,BD*( 1) C 5- C 10,1.31,1.2,0.035
mol_006_E,sp4,1.8108,BD ( 1) C 9- C 10,BD*( 1) C 6- C 8,0.57,1.18,0.023
mol_006_E,sp4,1.8108,BD ( 1) C 9- C 10,BD*( 1) C 8- H 19,0.57,1.16,0.023
mol_006_E,sp4,1.8108,BD ( 1) C 9- C 10,BD*( 1) C 10- N 11,0.85,1.34,0.03
mol_006_E,sp4,1.8108,BD ( 1) C 9- C 10,BD*( 1) N 11- O 12,7.19,0.64,0.061
mol_006_E,sp4,1.8108,BD ( 1) C 9- C 10,RY ( 1) C 5,0.74,1.99,0.034
mol_006_E,sp4,1.8108,BD ( 1) C 9- C 10,RY ( 3) C 8,0.78,1.76,0.033
mol_006_E,sp4,1.8108,BD ( 1) C 9- C 10,RY ( 1) N 11,1.7,1.71,0.048
mol_006_E,sp4,1.8108,BD ( 1) C 9- H 21,BD*( 1) C 5- C 10,1.35,1.09,0.034
mol_006_E,sp4,1.8108,BD ( 1) C 9- H 21,BD*( 1) C 8- H 19,1.2,1.06,0.032
mol_006_E,sp4,1.8108,BD ( 1) C 9- H 21,BD*( 1) C 8- H 20,0.81,1.05,0.026
mol_006_E,sp4,1.8108,BD ( 1) C 9- H 21,BD*( 2) C 10- N 11,9.54,0.62,0.069
mol_006_E,sp4,1.8108,BD ( 1) C 9- H 22,BD*( 1) C 5- C 10,1.47,1.1,0.036
mol_006_E,sp4,1.8108,BD ( 1) C 9- H 22,BD*( 1) C 6- C 8,0.54,1.08,0.022
mol_006_E,sp4,1.8108,BD ( 1) C 9- H 22,BD*( 1) C 8- H 19,0.63,1.06,0.023
mol_006_E,sp4,1.8108,BD ( 1) C 9- H 22,BD*( 1) C 8- H 20,1.19,1.06,0.032
mol_006_E,sp4,1.8108,BD ( 1) C 9- H 22,BD*( 2) C 10- N 11,8.96,0.62,0.067
mol_006_E,sp4,1.8108,BD ( 1) C 9- H 22,RY ( 2) C 8,0.79,1.39,0.029
mol_006_E,sp4,1.8108,BD ( 1) C 10- N 11,BD*( 1) C 5- C 6,0.67,1.59,0.029
mol_006_E,sp4,1.8108,BD ( 1) C 10- N 11,BD*( 1) C 5- C 10,1.47,1.47,0.042
mol_006_E,sp4,1.8108,BD ( 1) C 10- N 11,BD*( 1) C 9- C 10,2.03,1.41,0.048
mol_006_E,sp4,1.8108,BD ( 1) C 10- N 11,RY ( 1) C 5,1.63,2.26,0.054
mol_006_E,sp4,1.8108,BD ( 1) C 10- N 11,RY ( 2) C 5,1.0,2.81,0.047
mol_006_E,sp4,1.8108,BD ( 1) C 10- N 11,RY ( 6) C 10,0.54,13.69,0.077
mol_006_E,sp4,1.8108,BD ( 2) C 10- N 11,BD*( 2) C 5- C 6,6.19,0.54,0.052
mol_006_E,sp4,1.8108,BD ( 2) C 10- N 11,BD*( 1) C 9- H 21,1.14,0.95,0.029
mol_006_E,sp4,1.8108,BD ( 2) C 10- N 11,BD*( 1) C 9- H 22,1.07,0.95,0.029
mol_006_E,sp4,1.8108,BD ( 1) N 11- O 12,BD*( 1) C 5- C 10,5.8,1.15,0.073
mol_006_E,sp4,1.8108,BD ( 1) N 11- O 12,BD*( 1) C 9- C 10,2.13,1.08,0.043
mol_006_E,sp4,1.8108,BD ( 1) N 11- O 12,RY ( 4) C 10,0.87,2.03,0.037
mol_014_Z,nbo,1.5034,LP ( 1) O 1,BD*( 1) C 3- C 4,1.09,1.11,0.031
mol_014_Z,nbo,1.5034,LP ( 1) O 1,RY ( 1) H 13,1.3,2.67,0.053
mol_014_Z,nbo,1.5034,LP ( 1) O 1,RY ( 1) H 14,1.33,2.6,0.052
mol_014_Z,nbo,1.5034,LP ( 1) N 2,BD*( 1) C 3- C 4,0.79,1.0,0.025
mol_014_Z,nbo,1.5034,LP ( 1) N 2,BD*( 1) C 3- C 12,9.53,1.06,0.09
mol_014_Z,nbo,1.5034,LP ( 1) N 2,RY ( 8) N 2,0.68,2.42,0.036
mol_014_Z,nbo,1.5034,LP ( 1) N 2,RY ( 9) N 2,0.53,3.65,0.039
mol_014_Z,nbo,1.5034,LP ( 1) N 2,RY (12) N 2,0.63,12.39,0.079
mol_014_Z,nbo,1.5034,LP ( 1) N 2,RY ( 1) C 3,6.44,1.61,0.091
mol_014_Z,nbo,1.5034,LP ( 1) F 11,BD*( 1) C 9- C 10,0.9,1.62,0.034
mol_014_Z,nbo,1.5034,LP ( 1) F 11,BD*( 1) C 10- C 12,0.86,1.59,0.033
mol_014_Z,nbo,1.5034,LP ( 1) F 11,RY ( 1) C 10,6.45,2.13,0.105
mol_014_Z,nbo,1.5034,LP ( 2) F 11,BD*( 1) C 8- C 9,0.55,1.18,0.023
mol_014_Z,nbo,1.5034,LP ( 2) F 11,BD*( 1) C 9- C 10,6.7,1.17,0.079
mol_014_Z,nbo,1.5034,LP ( 2) F 11,BD*( 1) C 10- C 12,7.77,1.14,0.084
mol_014_Z,nbo,1.5034,LP ( 2) F 11,RY ( 2) C 10,0.63,2.12,0.033
mol_014_Z,nbo,1.5034,LP ( 2) F 11,RY ( 4) C 10,1.15,2.8,0.051
mol_014_Z,nbo,1.5034,LP ( 3) F 11,BD*( 2) C 9- C 10,27.75,0.58,0.114
mol_014_Z,nbo,1.5034,LP ( 3) F 11,RY ( 3) C 10,2.09,2.01,0.058
mol_014_Z,nbo,1.5034,BD ( 1) O 1- N 2,BD*( 1) C 3- C 4,4.54,1.3,0.068
mol_014_Z,nbo,1.5034,BD ( 1) O 1- N 2,BD*( 1) C 3- C 12,0.88,1.36,0.031
mol_014_Z,nbo,1.5034,BD ( 1) O 1- N 2,RY ( 2) C 3,1.7,1.87,0.05
mol_014_Z,nbo,1.5034,BD ( 1) O 1- H 13,BD*( 2) N 2- C 3,1.51,0.94,0.034
mol_014_Z,nbo,1.5034,BD ( 1) O 1- H 14,BD*( 1) N 2- C 3,1.03,1.54,0.035
mol_014_Z,nbo,1.5034,BD ( 1) O 1- H 14,BD*( 2) N 2- C 3,0.7,0.94,0.023
mol_014_Z,nbo,1.5034,BD ( 1) N 2- C 3,BD*( 1) C 3- C 4,0.92,1.39,0.032
mol_014_Z,nbo,1.5034,BD ( 1) N 2- C 3,BD*( 1) C 3- C 12,2.09,1.46,0.049
mol_014_Z,nbo,1.5034,BD ( 1) N 2- C 3,RY ( 1) O 1,1.06,2.19,0.043
mol_014_Z,nbo,1.5034,BD ( 1) N 2- C 3,RY ( 1) C 4,0.6,1.74,0.029
mol_014_Z,nbo,1.5034,BD ( 1) N 2- C 3,RY ( 1) C 12,0.78,2.22,0.037
mol_014_Z,nbo,1.5034,BD ( 2) N 2- C 3,BD*( 1) O 1- H 13,1.58,0.91,0.034
mol_014_Z,nbo,1.5034,BD ( 2) N 2- C 3,BD*( 1) O 1- H 14,0.67,0.91,0.022
mol_014_Z,nbo,1.5034,BD ( 2) N 2- C 3,BD*( 1) C 4- C 5,0.5,0.91,0.019
mol_014_Z,nbo,1.5034,BD ( 2) N 2- C 3,BD*( 1) C 4- H 15,2.39,0.94,0.042
mol_014_Z,nbo,1.5034,BD ( 2) N 2- C 3,BD*( 2) C 6- C 12,4.91,0.53,0.045
mol_014_Z,nbo,1.5034,BD ( 1) C 3- C 4,BD*( 1) O 1- N 2,13.11,0.8,0.091
mol_014_Z,nbo,1.5034,BD ( 1) C 3- C 4,BD*( 1) N 2- C 3,1.11,1.31,0.034
mol_014_Z,nbo,1.5034,BD ( 1) C 3- C 4,BD*( 1) C 3- C 12,0.82,1.18,0.028
mol_014_Z,nbo,1.5034,BD ( 1) C 3- C 4,BD*( 1) C 5- C 6,0.54,1.16,0.022
mol_014_Z,nbo,1.5034,BD ( 1) C 3- C 4,BD*( 1) C 5- H 17,1.52,1.15,0.037
mol_014_Z,nbo,1.5034,BD ( 1) C 3- C 4,BD*( 1) C 10- C 12,3.77,1.26,0.062
mol_014_Z,nbo,1.5034,BD ( 1) C 3- C 4,RY ( 1) N 2,1.49,1.58,0.043
mol_014_Z,nbo,1.5034,BD ( 1) C 3- C 4,RY ( 3) C 5,0.65,1.78,0.03
mol_014_Z,nbo,1.5034,BD ( 1) C 3- C 4,RY ( 1) C 12,0.63,1.94,0.031
mol_014_Z,nbo,1.5034,BD ( 1) C 3- C 4,RY ( 2) C 12,0.53,2.14,0.03
mol_014_Z,nbo,1.5034,BD ( 1) C 3- C 12,BD*( 1) O 1- N 2,2.07,0.84,0.037
mol_014_Z,nbo,1.5034,BD ( 1) C 3- C 12,BD*( 1) N 2- C 3,1.36,1.35,0.038
mol_014_Z,nbo,1.5034,BD ( 1) C 3- C 12,BD*( 1) C 3- C 4,0.97,1.17,0.03
mol_014_Z,nbo,1.5034,BD ( 1) C 3- C 12,BD*( 1) C 4- H 16,0.97,1.2,0.03
mol_014_Z,nbo,1.5034,BD ( 1) C 3- C 12,BD*( 1) C 6- C 7,3.26,1.38,0.06
mol_014_Z,nbo,1.5034,BD ( 1) C 3- C 12,BD*( 1) C 6- C 12,2.49,1.33,0.051
mol_014_Z,nbo,1.5034,BD ( 1) C 3- C 12,BD*( 1) C 9- C 10,1.26,1.34,0.037
mol_014_Z,nbo,1.5034,BD ( 1) C 3- C 12,BD*( 1) C 10- F 11,0.62,1.05,0.023
mol_014_Z,nbo,1.5034,BD ( 1) C 3- C 12,BD*( 1) C 10- C 12,2.8,1.31,0.054
mol_014_Z,nbo,1.5034,BD ( 1) C 3- C 12,RY ( 1) N 2,1.49,1.63,0.044
mol_014_Z,nbo,1.5034,BD ( 1) C 3- C 12,RY ( 1) C 4,1.1,1.52,0.037
mol_014_Z,nbo,1.5034,BD ( 1) C 3- C 12,RY ( 1) C 6,1.28,2.34,0.049
mol_014_Z,nbo,1.5034,BD ( 1) C 3- C 12,RY ( 1) C 10,0.94,1.86,0.037
mol_014_Z,nbo,1.5034,BD ( 1) C 3- C 12,RY ( 7) C 10,0.79,3.45,0.047
mol_014_Z,nbo,1.5034,BD ( 1) C 4- C 5,BD*( 1) O 1- N 2,0.56,0.75,0.018
mol_014_Z,nbo,1.5034,BD ( 1) C 4- C 5,BD*( 1) N 2- C 3,2.79,1.27,0.053
mol_014_Z,nbo,1.5034,BD ( 1) C 4- C 5,BD*( 2) N 2- C 3,1.81,0.67,0.031
mol_014_Z,nbo,1.5034,BD ( 1) C 4- C 5,BD*( 1) C 5- C 6,0.64,1.12,0.024
mol_014_Z,nbo,1.5034,BD ( 1) C 4- C 5,BD*( 1) C 6- C 7,4.11,1.29,0.065
mol_014_Z,nbo,1.5034,BD ( 1) C 4- C 5,BD*( 1) C 6- C 12,0.52,1.25,0.023
mol_014_Z,nbo,1.5034,BD ( 1) C 4- C 5,RY ( 3) C 3,0.66,2.36,0.035
mol_014_Z,nbo,1.5034,BD ( 1) C 4- C 5,RY ( 2) C 6,0.79,2.0,0.035
mol_014_Z,nbo,1.5034,BD ( 1) C 4- H 15,BD*( 2) N 2- C 3,11.22,0.62,0.074
mol_014_Z,nbo,1.5034,BD ( 1) C 4- H 15,BD*( 1) C 5- H 17,1.03,1.05,0.029
mol_014_Z,nbo,1.5034,BD ( 1) C 4- H 15,BD*( 1) C 5- H 18,2.17,1.04,0.042
mol_014_Z,nbo,1.5034,BD ( 1) C 4- H 15,RY ( 1) C 5,0.75,1.41,0.029
mol_014_Z,nbo,1.5034,BD ( 1) C 4- H 16,BD*( 1) N 2- C 3,0.64,1.22,0.025
mol_014_Z,nbo,1.5034,BD ( 1) C 4- H 16,BD*( 2) N 2- C 3,2.49,0.63,0.035
mol_014_Z,nbo,1.5034,BD ( 1) C 4- H 16,BD*( 1) C 3- C 12,2.58,1.1,0.047
mol_014_Z,nbo,1.5034,BD ( 1) C 4- H 16,BD*( 1) C 5- C 6,1.24,1.07,0.033
mol_014_Z,nbo,1.5034,BD ( 1) C 4- H 16,BD*( 1) C 5- H 18,0.89,1.05,0.027
mol_014_Z,nbo,1.5034,BD ( 1) C 5- C 6,BD*( 1) C 3- C 4,0.75,1.1,0.026
mol_014_Z,nbo,1.5034,BD ( 1) C 5- C 6,BD*( 1) C 3- C 12,0.74,1.17,0.026
mol_014_Z,nbo,1.5034,BD ( 1) C 5- C 6,BD*( 1) C 4- C 5,0.54,1.09,0.022
mol_014_Z,nbo,1.5034,BD ( 1) C 5- C 6,BD*( 1) C 4- H 16,1.51,1.13,0.037
mol_014_Z,nbo,1.5034,BD ( 1) C 5- C 6,BD*( 1) C 5- H 17,0.65,1.14,0.024
mol_014_Z,nbo,1.5034,BD ( 1) C 5- C 6,BD*( 1) C 6- C 7,1.81,1.31,0.043
mol_014_Z,nbo,1.5034,BD ( 1) C 5- C 6,BD*( 1) C 6- C 12,1.08,1.27,0.033
mol_014_Z,nbo,1.5034,BD ( 1) C 5- C 6,BD*( 1) C 7- C 8,1.87,1.3,0.044
mol_014_Z,nbo,1.5034,BD ( 1) C 5- C 6,BD*( 1) C 10- C 12,3.26,1.25,0.057
mol_014_Z,nbo,1.5034,BD ( 1) C 5- C 6,RY ( 1) C 7,1.82,1.97,0.053
mol_014_Z,nbo,1.5034,BD ( 1) C 5- C 6,RY ( 4) C 7,0.51,2.5,0.032
mol_014_Z,nbo,1.5034,BD ( 1) C 5- C 6,RY ( 1) C 12,0.55,1.93,0.029
mol_014_Z,nbo,1.5034,BD ( 1) C 5- C 6,RY ( 2) C 12,0.52,2.13,0.03
mol_014_Z,nbo,1.5034,BD ( 1) C 5- H 17,BD*( 1) C 3- C 4,1.46,1.02,0.035
mol_014_Z,nbo,1.5034,BD ( 1) C 5- H 17,BD*( 1) C 4- H 15,1.01,1.03,0.029
mol_014_Z,nbo,1.5034,BD ( 1) C 5- H 17,BD*( 1) C 6- C 12,2.02,1.19,0.044
mol_014_Z,nbo,1.5034,BD ( 1) C 5- H 17,BD*( 2) C 6- C 12,4.31,0.62,0.046
mol_014_Z,nbo,1.5034,BD ( 1) C 5- H 17,RY ( 3) C 6,0.55,1.81,0.028
mol_014_Z,nbo,1.5034,BD ( 1) C 5- H 18,BD*( 1) C 4- H 15,2.12,1.03,0.042
mol_014_Z,nbo,1.5034,BD ( 1) C 5- H 18,BD*( 1) C 4- H 16,0.92,1.04,0.028
mol_014_Z,nbo,1.5034,BD ( 1) C 5- H 18,BD*( 1) C 6- C 12,0.63,1.18,0.024
mol_014_Z,nbo,1.5034,BD ( 1) C 5- H 18,BD*( 2) C 6- C 12,7.9,0.61,0.062
mol_014_Z,nbo,1.5034,BD ( 1) C 5- H 18,RY ( 1) C 4,0.68,1.37,0.027
mol_014_Z,nbo,1.5034,BD ( 1) C 6- C 7,BD*( 1) C 3- C 12,2.09,1.23,0.045
mol_014_Z,nbo,1.5034,BD ( 1) C 6- C 7,BD*( 1) C 5- C 6,1.81,1.21,0.042
mol_014_Z,nbo,1.5034,BD ( 1) C 6- C 7,BD*( 1) C 6- C 12,2.59,1.34,0.052
mol_014_Z,nbo,1.5034,BD ( 1) C 6- C 7,BD*( 1) C 7- C 8,2.69,1.36,0.054
mol_014_Z,nbo,1.5034,BD ( 1) C 6- C 7,BD*( 1) C 7- H 19,1.4,1.23,0.037
mol_014_Z,nbo,1.5034,BD ( 1) C 6- C 7,BD*( 1) C 8- H 20,2.14,1.23,0.046
mol_014_Z,nbo,1.5034,BD ( 1) C 6- C 7,RY ( 1) C 5,0.71,1.55,0.03
mol_014_Z,nbo,1.5034,BD ( 1) C 6- C 7,RY ( 1) C 8,1.36,2.0,0.046
mol_014_Z,nbo,1.5034,BD ( 1) C 6- C 7,RY ( 2) C 8,1.12,2.23,0.045
mol_014_Z,nbo,1.5034,BD ( 1) C 6- C 7,RY ( 1) C 12,0.54,1.99,0.029
mol_014_Z,nbo,1.5034,BD ( 1) C 6- C 7,RY ( 2) C 12,0.9,2.19,0.04
mol_014_Z,nbo,1.5034,BD ( 1) C 6- C 7,RY ( 6) C 12,0.62,3.02,0.038
mol_014_Z,nbo,1.5034,BD ( 1) C 6- C 12,BD*( 1) N 2- C 3,4.39,1.34,0.069
mol_014_Z,nbo,1.5034,BD ( 1) C 6- C 12,BD*( 1) C 3- C 12,2.75,1.22,0.052
mol_014_Z,nbo,1.5034,BD ( 1) C 6- C 12,BD*( 1) C 5- C 6,0.97,1.19,0.03
mol_014_Z,nbo,1.5034,BD ( 1) C 6- C 12,BD*( 1) C 5- H 17,0.74,1.18,0.026
mol_014_Z,nbo,1.5034,BD ( 1) C 6- C 12,BD*( 1) C 6- C 7,2.6,1.36,0.053
mol_014_Z,nbo,1.5034,BD ( 1) C 6- C 12,BD*( 1) C 7- H 19,2.44,1.21,0.049
mol_014_Z,nbo,1.5034,BD ( 1) C 6- C 12,BD*( 1) C 10- F 11,4.97,1.04,0.064
mol_014_Z,nbo,1.5034,BD ( 1) C 6- C 12,BD*( 1) C 10- C 12,3.81,1.3,0.063
mol_014_Z,nbo,1.5034,BD ( 1) C 6- C 12,RY ( 2) C 3,1.33,1.73,0.043
mol_014_Z,nbo,1.5034,BD ( 1) C 6- C 12,RY ( 1) C 5,0.88,1.54,0.033
mol_014_Z,nbo,1.5034,BD ( 1) C 6- C 12,RY ( 1) C 7,1.69,2.02,0.052
mol_014_Z,nbo,1.5034,BD ( 1) C 6- C 12,RY ( 2) C 7,0.86,2.03,0.037
mol_014_Z,nbo,1.5034,BD ( 1) C 6- C 12,RY ( 2) C 10,0.5,2.28,0.03
mol_014_Z,nbo,1.5034,BD ( 1) C 6- C 12,RY ( 4) C 10,0.95,2.96,0.047
mol_014_Z,nbo,1.5034,BD ( 1) C 6- C 12,RY ( 3) C 12,0.57,2.71,0.035
mol_014_Z,nbo,1.5034,BD ( 1) C 6- C 12,RY ( 4) C 12,1.08,4.57,0.063
mol_014_Z,nbo,1.5034,BD ( 1) C 6- C 12,RY (11) C 12,0.56,3.8,0.041
mol_014_Z,nbo,1.5034,BD ( 2) C 6- C 12,BD*( 2) N 2- C 3,38.86,0.38,0.109
mol_014_Z,nbo,1.5034,BD ( 2) C 6- C 12,BD*( 1) C 5- H 17,2.23,0.82,0.038
mol_014_Z,nbo,1.5034,BD ( 2) C 6- C 12,BD*( 1) C 5- H 18,3.83,0.81,0.05
mol_014_Z,nbo,1.5034,BD ( 2) C 6- C 12,BD*( 2) C 7- C 8,24.78,0.4,0.089
mol_014_Z,nbo,1.5034,BD ( 2) C 6- C 12,BD*( 2) C 9- C 10,38.99,0.38,0.109
mol_014_Z,nbo,1.5034,BD ( 2) C 6- C 12,RY ( 3) C 3,0.52,2.07,0.029
mol_014_Z,nbo,1.5034,BD ( 2) C 6- C 12,RY ( 3) C 7,2.03,0.99,0.04
mol_014_Z,nbo,1.5034,BD ( 2) C 6- C 12,RY ( 5) C 10,1.05,1.8,0.039
mol_014_Z,nbo,1.5034,BD ( 1) C 7- C 8,BD*( 1) C 5- C 6,4.25,1.2,0.064
mol_014_Z,nbo,1.5034,BD ( 1) C 7- C 8,BD*( 1) C 6- C 7,2.92,1.37,0.056
mol_014_Z,nbo,1.5034,BD ( 1) C 7- C 8,BD*( 1) C 7- H 19,1.06,1.22,0.032
mol_014_Z,nbo,1.5034,BD ( 1) C 7- C 8,BD*( 1) C 8- C 9,1.8,1.34,0.044
mol_014_Z,nbo,1.5034,BD ( 1) C 7- C 8,BD*( 1) C 8- H 20,0.85,1.22,0.029
mol_014_Z,nbo,1.5034,BD ( 1) C 7- C 8,BD*( 1) C 9- H 21,2.29,1.21,0.047
mol_014_Z,nbo,1.5034,BD ( 1) C 7- C 8,RY ( 1) C 6,1.39,2.33,0.051
mol_014_Z,nbo,1.5034,BD ( 1) C 7- C 8,RY ( 2) C 6,0.65,2.08,0.033
mol_014_Z,nbo,1.5034,BD ( 1) C 7- C 8,RY ( 1) C 9,0.65,1.97,0.032
mol_014_Z,nbo,1.5034,BD ( 1) C 7- C 8,RY ( 2) C 9,1.52,1.9,0.048
mol_014_Z,nbo,1.5034,BD ( 1) C 7- C 8,RY ( 1) H 20,0.55,1.82,0.028
mol_014_Z,nbo,1.5034,BD ( 2) C 7- C 8,BD*( 2) C 6- C 12,49.01,0.38,0.121
mol_014_Z,nbo,1.5034,BD ( 2) C 7- C 8,BD*( 2) C 9- C 10,29.94,0.38,0.095
mol_014_Z,nbo,1.5034,BD ( 2) C 7- C 8,RY ( 4) C 6,0.5,1.95,0.028
mol_014_Z,nbo,1.5034,BD ( 2) C 7- C 8,RY ( 8) C 6,0.67,1.78,0.031
mol_014_Z,nbo,1.5034,BD ( 2) C 7- C 8,RY ( 3) C 7,0.77,0.98,0.025
mol_014_Z,nbo,1.5034,BD ( 2) C 7- C 8,RY ( 3) C 9,1.6,0.91,0.034
mol_014_Z,nbo,1.5034,BD ( 1) C 7- H 19,BD*( 1) C 6- C 7,0.91,1.24,0.03
mol_014_Z,nbo,1.5034,BD ( 1) C 7- H 19,BD*( 1) C 6- C 12,4.87,1.2,0.068
mol_014_Z,nbo,1.5034,BD ( 1) C 7- H 19,BD*( 1) C 7- C 8,0.67,1.23,0.026
mol_014_Z,nbo,1.5034,BD ( 1) C 7- H 19,BD*( 1) C 8- C 9,3.54,1.22,0.059
mol_014_Z,nbo,1.5034,BD ( 1) C 7- H 19,BD*( 1) C 8- H 20,0.88,1.1,0.028
mol_014_Z,nbo,1.5034,BD ( 1) C 7- H 19,RY ( 1) C 6,1.59,2.21,0.053
mol_014_Z,nbo,1.5034,BD ( 1) C 7- H 19,RY ( 1) C 8,1.21,1.87,0.042
mol_014_Z,nbo,1.5034,BD ( 1) C 8- C 9,BD*( 1) C 7- C 8,1.86,1.36,0.045
mol_014_Z,nbo,1.5034,BD ( 1) C 8- C 9,BD*( 1) C 7- H 19,2.41,1.22,0.048
mol_014_Z,nbo,1.5034,BD ( 1) C 8- C 9,BD*( 1) C 8- H 20,0.68,1.23,0.026
mol_014_Z,nbo,1.5034,BD ( 1) C 8- C 9,BD*( 1) C 9- C 10,1.91,1.34,0.045
mol_014_Z,nbo,1.5034,BD ( 1) C 8- C 9,BD*( 1) C 9- H 21,1.38,1.22,0.037
mol_014_Z,nbo,1.5034,BD ( 1) C 8- C 9,BD*( 1) C 10- F 11,4.53,1.05,0.061
mol_014_Z,nbo,1.5034,BD ( 1) C 8- C 9,RY ( 1) C 7,0.94,2.03,0.039
mol_014_Z,nbo,1.5034,BD ( 1) C 8- C 9,RY ( 2) C 7,1.63,2.04,0.052
mol_014_Z,nbo,1.5034,BD ( 1) C 8- C 9,RY ( 2) C 10,1.01,2.29,0.043
mol_014_Z,nbo,1.5034,BD ( 1) C 8- C 9,RY ( 4) C 10,0.95,2.97,0.047
mol_014_Z,nbo,1.5034,BD ( 1) C 8- C 9,RY ( 1) H 21,0.58,1.5,0.026
mol_014_Z,nbo,1.5034,BD ( 1) C 8- H 20,BD*( 1) C 6- C 7,3.47,1.25,0.059
mol_014_Z,nbo,1.5034,BD ( 1) C 8- H 20,BD*( 1) C 7- H 19,0.95,1.1,0.029
mol_014_Z,nbo,1.5034,BD ( 1) C 8- H 20,BD*( 1) C 9- C 10,3.39,1.21,0.057
mol_014_Z,nbo,1.5034,BD ( 1) C 8- H 20,BD*( 1) C 9- H 21,0.92,1.09,0.028
mol_014_Z,nbo,1.5034,BD ( 1) C 8- H 20,RY ( 1) C 7,0.98,1.91,0.038
mol_014_Z,nbo,1.5034,BD ( 1) C 8- H 20,RY ( 1) C 9,0.96,1.85,0.038
mol_014_Z,nbo,1.5034,BD ( 1) C 9- C 10,BD*( 1) C 3- C 12,3.9,1.26,0.063
mol_014_Z,nbo,1.5034,BD ( 1) C 9- C 10,BD*( 1) C 8- C 9,2.01,1.38,0.047
mol_014_Z,nbo,1.5034,BD ( 1) C 9- C 10,BD*( 1) C 8- H 20,2.05,1.26,0.045
mol_014_Z,nbo,1.5034,BD ( 1) C 9- C 10,BD*( 1) C 9- H 21,0.96,1.25,0.031
mol_014_Z,nbo,1.5034,BD ( 1) C 9- C 10,BD*( 1) C 10- C 12,3.98,1.34,0.065
mol_014_Z,nbo,1.5034,BD ( 1) C 9- C 10,RY ( 1) C 8,1.24,2.03,0.045
mol_014_Z,nbo,1.5034,BD ( 1) C 9- C 10,RY ( 2) C 8,1.25,2.25,0.047
mol_014_Z,nbo,1.5034,BD ( 1) C 9- C 10,RY ( 1) F 11,0.74,1.46,0.029
mol_014_Z,nbo,1.5034,BD ( 1) C 9- C 10,RY ( 1) C 12,2.05,2.02,0.057
mol_014_Z,nbo,1.5034,BD ( 2) C 9- C 10,BD*( 2) C 6- C 12,28.97,0.4,0.096
mol_014_Z,nbo,1.5034,BD ( 2) C 9- C 10,BD*( 2) C 7- C 8,37.98,0.42,0.112
mol_014_Z,nbo,1.5034,BD ( 2) C 9- C 10,BD*( 2) C 9- C 10,0.95,0.4,0.017
mol_014_Z,nbo,1.5034,BD ( 2) C 9- C 10,RY ( 4) C 8,1.7,1.01,0.037
mol_014_Z,nbo,1.5034,BD ( 2) C 9- C 10,RY ( 2) F 11,1.47,1.08,0.036
mol_014_Z,nbo,1.5034,BD ( 1) C 9- H 21,BD*( 1) C 7- C 8,3.45,1.24,0.058
mol_014_Z,nbo,1.5034,BD ( 1) C 9- H 21,BD*( 1) C 8- C 9,0.81,1.23,0.028
mol_014_Z,nbo,1.5034,BD ( 1) C 9- H 21,BD*( 1) C 8- H 20,0.87,1.11,0.028
mol_014_Z,nbo,1.5034,BD ( 1) C 9- H 21,BD*( 1) C 9- C 10,0.54,1.22,0.023
mol_014_Z,nbo,1.5034,BD ( 1) C 9- H 21,BD*( 1) C 10- F 11,2.74,0.93,0.045
mol_014_Z,nbo,1.5034,BD ( 1) C 9- H 21,BD*( 1) C 10- C 12,3.91,1.19,0.061
mol_014_Z,nbo,1.5034,BD ( 1) C 9- H 21,RY ( 1) C 8,1.08,1.88,0.04
mol_014_Z,nbo,1.5034,BD ( 1) C 9- H 21,RY ( 1) C 10,0.67,1.73,0.03
mol_014_Z,nbo,1.5034,BD ( 1) C 10- F 11,BD*( 1) C 6- C 12,1.1,1.67,0.038
mol_014_Z,nbo,1.5034,BD ( 1) C 10- F 11,BD*( 1) C 8- C 9,0.99,1.68,0.036
mol_014_Z,nbo,1.5034,BD ( 1) C 10- C 12,BD*( 1) C 3- C 4,0.69,1.2,0.026
mol_014_Z,nbo,1.5034,BD ( 1) C 10- C 12,BD*( 1) C 3- C 12,3.45,1.26,0.059
mol_014_Z,nbo,1.5034,BD ( 1) C 10- C 12,BD*( 1) C 5- C 6,1.91,1.24,0.043
mol_014_Z,nbo,1.5034,BD ( 1) C 10- C 12,BD*( 1) C 6- C 12,4.01,1.37,0.066
mol_014_Z,nbo,1.5034,BD ( 1) C 10- C 12,BD*( 1) C 9- C 10,3.54,1.37,0.062
mol_014_Z,nbo,1.5034,BD ( 1) C 10- C 12,BD*( 1) C 9- H 21,1.65,1.25,0.041
mol_014_Z,nbo,1.5034,BD ( 1) C 10- C 12,RY ( 1) C 3,0.73,1.81,0.032
mol_014_Z,nbo,1.5034,BD ( 1) C 10- C 12,RY ( 5) C 3,0.84,3.47,0.048
mol_014_Z,nbo,1.5034,BD ( 1) C 10- C 12,RY ( 1) C 6,0.82,2.37,0.039
mol_014_Z,nbo,1.5034,BD ( 1) C 10- C 12,RY ( 2) C 6,0.69,2.12,0.034
mol_014_Z,nbo,1.5034,BD ( 1) C 10- C 12,RY ( 3) C 6,0.51,1.98,0.029
mol_014_Z,nbo,1.5034,BD ( 1) C 10- C 12,RY ( 7) C 6,0.84,4.78,0.057
mol_014_Z,nbo,1.5034,BD ( 1) C 10- C 12,RY ( 1) C 9,1.64,2.01,0.051
mol_014_Z,nbo,1.5034,BD ( 1) C 10- C 12,RY ( 2) C 9,0.64,1.94,0.031
mol_014_Z,nbo,1.5034,BD ( 1) C 10- C 12,RY ( 1) F 11,0.66,1.47,0.028
mol_014_Z,nbo,1.5034,BD ( 1) C 10- C 12,RY ( 2) C 12,0.5,2.22,0.03
mol_014_Z,nbo,1.5034,BD ( 1) C 10- C 12,RY ( 3) C 12,0.89,2.75,0.044
mol_014_Z,nbo,1.5034,BD ( 1) C 10- C 12,RY ( 4) C 12,0.81,4.61,0.055
mol_014_Z,nbo,1.5034,BD ( 1) C 10- C 12,RY (12) C 12,0.64,4.91,0.05
mol_014_Z,nbo,1.5034,BD ( 1) C 10- C 12,RY (16) C 12,0.99,6.51,0.072
mol_014_Z,nbo,1.5034,BD ( 1) C 10- C 12,RY (17) C 12,0.65,4.92,0.051
mol_014_Z,scan_1,1.5034,LP ( 1) O 1,BD*( 1) C 3- C 4,1.09,1.11,0.031
mol_014_Z,scan_1,1.5034,LP ( 1) O 1,RY ( 1) H 13,1.3,2.67,0.053
mol_014_Z,scan_1,1.5034,LP ( 1) O 1,RY ( 1) H 14,1.33,2.6,0.052
mol_014_Z,scan_1,1.5034,LP ( 1) N 2,BD*( 1) C 3- C 4,0.79,1.0,0.025
mol_014_Z,scan_1,1.5034,LP ( 1) N 2,BD*( 1) C 3- C 12,9.53,1.06,0.09
mol_014_Z,scan_1,1.5034,LP ( 1) N 2,RY ( 8) N 2,0.68,2.42,0.036
mol_014_Z,scan_1,1.5034,LP ( 1) N 2,RY ( 9) N 2,0.53,3.65,0.039
mol_014_Z,scan_1,1.5034,LP ( 1) N 2,RY (12) N 2,0.63,12.39,0.079
mol_014_Z,scan_1,1.5034,LP ( 1) N 2,RY ( 1) C 3,6.44,1.61,0.091
mol_014_Z,scan_1,1.5034,LP ( 1) F 11,BD*( 1) C 9- C 10,0.9,1.62,0.034
mol_014_Z,scan_1,1.5034,LP ( 1) F 11,BD*( 1) C 10- C 12,0.86,1.59,0.033
mol_014_Z,scan_1,1.5034,LP ( 1) F 11,RY ( 1) C 10,6.45,2.13,0.105
mol_014_Z,scan_1,1.5034,LP ( 2) F 11,BD*( 1) C 8- C 9,0.55,1.18,0.023
mol_014_Z,scan_1,1.5034,LP ( 2) F 11,BD*( 1) C 9- C 10,6.7,1.17,0.079
mol_014_Z,scan_1,1.5034,LP ( 2) F 11,BD*( 1) C 10- C 12,7.77,1.14,0.084
mol_014_Z,scan_1,1.5034,LP ( 2) F 11,RY ( 2) C 10,0.63,2.12,0.033
mol_014_Z,scan_1,1.5034,LP ( 2) F 11,RY ( 4) C 10,1.15,2.8,0.051
mol_014_Z,scan_1,1.5034,LP ( 3) F 11,BD*( 2) C 9- C 10,27.75,0.58,0.114
mol_014_Z,scan_1,1.5034,LP ( 3) F 11,RY ( 3) C 10,2.09,2.01,0.058
mol_014_Z,scan_1,1.5034,BD ( 1) O 1- N 2,BD*( 1) C 3- C 4,4.54,1.3,0.068
mol_014_Z,scan_1,1.5034,BD ( 1) O 1- N 2,BD*( 1) C 3- C 12,0.88,1.36,0.031
mol_014_Z,scan_1,1.5034,BD ( 1) O 1- N 2,RY ( 2) C 3,1.7,1.87,0.05
mol_014_Z,scan_1,1.5034,BD ( 1) O 1- H 13,BD*( 2) N 2- C 3,1.51,0.94,0.034
mol_014_Z,scan_1,1.5034,BD ( 1) O 1- H 14,BD*( 1) N 2- C 3,1.03,1.54,0.035
mol_014_Z,scan_1,1.5034,BD ( 1) O 1- H 14,BD*( 2) N 2- C 3,0.7,0.94,0.023
mol_014_Z,scan_1,1.5034,BD ( 1) N 2- C 3,BD*( 1) C 3- C 4,0.92,1.39,0.032
mol_014_Z,scan_1,1.5034,BD ( 1) N 2- C 3,BD*( 1) C 3- C 12,2.09,1.46,0.049
mol_014_Z,scan_1,1.5034,BD ( 1) N 2- C 3,RY ( 1) O 1,1.06,2.19,0.043
mol_014_Z,scan_1,1.5034,BD ( 1) N 2- C 3,RY ( 1) C 4,0.6,1.74,0.029
mol_014_Z,scan_1,1.5034,BD ( 1) N 2- C 3,RY ( 1) C 12,0.78,2.22,0.037
mol_014_Z,scan_1,1.5034,BD ( 2) N 2- C 3,BD*( 1) O 1- H 13,1.58,0.91,0.034
mol_014_Z,scan_1,1.5034,BD ( 2) N 2- C 3,BD*( 1) O 1- H 14,0.67,0.91,0.022
mol_014_Z,scan_1,1.5034,BD ( 2) N 2- C 3,BD*( 1) C 4- C 5,0.5,0.91,0.019
mol_014_Z,scan_1,1.5034,BD ( 2) N 2- C 3,BD*( 1) C 4- H 15,2.39,0.94,0.042
mol_014_Z,scan_1,1.5034,BD ( 2) N 2- C 3,BD*( 2) C 6- C 12,4.91,0.53,0.045
mol_014_Z,scan_1,1.5034,BD ( 1) C 3- C 4,BD*( 1) O 1- N 2,13.11,0.8,0.091
mol_014_Z,scan_1,1.5034,BD ( 1) C 3- C 4,BD*( 1) N 2- C 3,1.11,1.31,0.034
mol_014_Z,scan_1,1.5034,BD ( 1) C 3- C 4,BD*( 1) C 3- C 12,0.82,1.18,0.028
mol_014_Z,scan_1,1.5034,BD ( 1) C 3- C 4,BD*( 1) C 5- C 6,0.54,1.16,0.022
mol_014_Z,scan_1,1.5034,BD ( 1) C 3- C 4,BD*( 1) C 5- H 17,1.52,1.15,0.037
mol_014_Z,scan_1,1.5034,BD ( 1) C 3- C 4,BD*( 1) C 10- C 12,3.77,1.26,0.062
mol_014_Z,scan_1,1.5034,BD ( 1) C 3- C 4,RY ( 1) N 2,1.49,1.58,0.043
mol_014_Z,scan_1,1.5034,BD ( 1) C 3- C 4,RY ( 3) C 5,0.65,1.78,0.03
mol_014_Z,scan_1,1.5034,BD ( 1) C 3- C 4,RY ( 1) C 12,0.63,1.94,0.031
mol_014_Z,scan_1,1.5034,BD ( 1) C 3- C 4,RY ( 2) C 12,0.53,2.14,0.03
mol_014_Z,scan_1,1.5034,BD ( 1) C 3- C 12,BD*( 1) O 1- N 2,2.07,0.84,0.037
mol_014_Z,scan_1,1.5034,BD ( 1) C 3- C 12,BD*( 1) N 2- C 3,1.36,1.35,0.038
mol_014_Z,scan_1,1.5034,BD ( 1) C 3- C 12,BD*( 1) C 3- C 4,0.97,1.17,0.03
mol_014_Z,scan_1,1.5034,BD ( 1) C 3- C 12,BD*( 1) C 4- H 16,0.97,1.2,0.03
mol_014_Z,scan_1,1.5034,BD ( 1) C 3- C 12,BD*( 1) C 6- C 7,3.26,1.38,0.06
mol_014_Z,scan_1,1.5034,BD ( 1) C 3- C 12,BD*( 1) C 6- C 12,2.49,1.33,0.051
mol_014_Z,scan_1,1.5034,BD ( 1) C 3- C 12,BD*( 1) C 9- C 10,1.26,1.34,0.037
mol_014_Z,scan_1,1.5034,BD ( 1) C 3- C 12,BD*( 1) C 10- F 11,0.62,1.05,0.023
mol_014_Z,scan_1,1.5034,BD ( 1) C 3- C 12,BD*( 1) C 10- C 12,2.8,1.31,0.054
mol_014_Z,scan_1,1.5034,BD ( 1) C 3- C 12,RY ( 1) N 2,1.49,1.63,0.044
mol_014_Z,scan_1,1.5034,BD ( 1) C 3- C 12,RY ( 1) C 4,1.1,1.52,0.037
mol_014_Z,scan_1,1.5034,BD ( 1) C 3- C 12,RY ( 1) C 6,1.28,2.34,0.049
mol_014_Z,scan_1,1.5034,BD ( 1) C 3- C 12,RY ( 1) C 10,0.94,1.86,0.037
mol_014_Z,scan_1,1.5034,BD ( 1) C 3- C 12,RY ( 7) C 10,0.79,3.45,0.047
mol_014_Z,scan_1,1.5034,BD ( 1) C 4- C 5,BD*( 1) O 1- N 2,0.56,0.75,0.018
mol_014_Z,scan_1,1.5034,BD ( 1) C 4- C 5,BD*( 1) N 2- C 3,2.79,1.27,0.053
mol_014_Z,scan_1,1.5034,BD ( 1) C 4- C 5,BD*( 2) N 2- C 3,1.81,0.67,0.031
mol_014_Z,scan_1,1.5034,BD ( 1) C 4- C 5,BD*( 1) C 5- C 6,0.64,1.12,0.024
mol_014_Z,scan_1,1.5034,BD ( 1) C 4- C 5,BD*( 1) C 6- C 7,4.11,1.29,0.065
mol_014_Z,scan_1,1.5034,BD ( 1) C 4- C 5,BD*( 1) C 6- C 12,0.52,1.25,0.023
mol_014_Z,scan_1,1.5034,BD ( 1) C 4- C 5,RY ( 3) C 3,0.66,2.36,0.035
mol_014_Z,scan_1,1.5034,BD ( 1) C 4- C 5,RY ( 2) C 6,0.79,2.0,0.035
mol_014_Z,scan_1,1.5034,BD ( 1) C 4- H 15,BD*( 2) N 2- C 3,11.22,0.62,0.074
mol_014_Z,scan_1,1.5034,BD ( 1) C 4- H 15,BD*( 1) C 5- H 17,1.03,1.05,0.029
mol_014_Z,scan_1,1.5034,BD ( 1) C 4- H 15,BD*( 1) C 5- H 18,2.17,1.04,0.042
mol_014_Z,scan_1,1.5034,BD ( 1) C 4- H 15,RY ( 1) C 5,0.75,1.41,0.029
mol_014_Z,scan_1,1.5034,BD ( 1) C 4- H 16,BD*( 1) N 2- C 3,0.64,1.22,0.025
mol_014_Z,scan_1,1.5034,BD ( 1) C 4- H 16,BD*( 2) N 2- C 3,2.49,0.63,0.035
mol_014_Z,scan_1,1.5034,BD ( 1) C 4- H 16,BD*( 1) C 3- C 12,2.58,1.1,0.047
mol_014_Z,scan_1,1.5034,BD ( 1) C 4- H 16,BD*( 1) C 5- C 6,1.24,1.07,0.033
mol_014_Z,scan_1,1.5034,BD ( 1) C 4- H 16,BD*( 1) C 5- H 18,0.89,1.05,0.027
mol_014_Z,scan_1,1.5034,BD ( 1) C 5- C 6,BD*( 1) C 3- C 4,0.75,1.1,0.026
mol_014_Z,scan_1,1.5034,BD ( 1) C 5- C 6,BD*( 1) C 3- C 12,0.74,1.17,0.026
mol_014_Z,scan_1,1.5034,BD ( 1) C 5- C 6,BD*( 1) C 4- C 5,0.54,1.09,0.022
mol_014_Z,scan_1,1.5034,BD ( 1) C 5- C 6,BD*( 1) C 4- H 16,1.51,1.13,0.037
mol_014_Z,scan_1,1.5034,BD ( 1) C 5- C 6,BD*( 1) C 5- H 17,0.65,1.14,0.024
mol_014_Z,scan_1,1.5034,BD ( 1) C 5- C 6,BD*( 1) C 6- C 7,1.81,1.31,0.043
mol_014_Z,scan_1,1.5034,BD ( 1) C 5- C 6,BD*( 1) C 6- C 12,1.08,1.27,0.033
mol_014_Z,scan_1,1.5034,BD ( 1) C 5- C 6,BD*( 1) C 7- C 8,1.87,1.3,0.044
mol_014_Z,scan_1,1.5034,BD ( 1) C 5- C 6,BD*( 1) C 10- C 12,3.26,1.25,0.057
mol_014_Z,scan_1,1.5034,BD ( 1) C 5- C 6,RY ( 1) C 7,1.82,1.97,0.053
mol_014_Z,scan_1,1.5034,BD ( 1) C 5- C 6,RY ( 4) C 7,0.51,2.5,0.032
mol_014_Z,scan_1,1.5034,BD ( 1) C 5- C 6,RY ( 1) C 12,0.55,1.93,0.029
mol_014_Z,scan_1,1.5034,BD ( 1) C 5- C 6,RY ( 2) C 12,0.52,2.13,0.03
mol_014_Z,scan_1,1.5034,BD ( 1) C 5- H 17,BD*( 1) C 3- C 4,1.46,1.02,0.035
mol_014_Z,scan_1,1.5034,BD ( 1) C 5- H 17,BD*( 1) C 4- H 15,1.01,1.03,0.029
mol_014_Z,scan_1,1.5034,BD ( 1) C 5- H 17,BD*( 1) C 6- C 12,2.02,1.19,0.044
mol_014_Z,scan_1,1.5034,BD ( 1) C 5- H 17,BD*( 2) C 6- C 12,4.31,0.62,0.046
mol_014_Z,scan_1,1.5034,BD ( 1) C 5- H 17,RY ( 3) C 6,0.55,1.81,0.028
mol_014_Z,scan_1,1.5034,BD ( 1) C 5- H 18,BD*( 1) C 4- H 15,2.12,1.03,0.042
mol_014_Z,scan_1,1.5034,BD ( 1) C 5- H 18,BD*( 1) C 4- H 16,0.92,1.04,0.028
mol_014_Z,scan_1,1.5034,BD ( 1) C 5- H 18,BD*( 1) C 6- C 12,0.63,1.18,0.024
mol_014_Z,scan_1,1.5034,BD ( 1) C 5- H 18,BD*( 2) C 6- C 12,7.9,0.61,0.062
mol_014_Z,scan_1,1.5034,BD ( 1) C 5- H 18,RY ( 1) C 4,0.68,1.37,0.027
mol_014_Z,scan_1,1.5034,BD ( 1) C 6- C 7,BD*( 1) C 3- C 12,2.09,1.23,0.045
mol_014_Z,scan_1,1.5034,BD ( 1) C 6- C 7,BD*( 1) C 5- C 6,1.81,1.21,0.042
mol_014_Z,scan_1,1.5034,BD ( 1) C 6- C 7,BD*( 1) C 6- C 12,2.59,1.34,0.052
mol_014_Z,scan_1,1.5034,BD ( 1) C 6- C 7,BD*( 1) C 7- C 8,2.69,1.36,0.054
mol_014_Z,scan_1,1.5034,BD ( 1) C 6- C 7,BD*( 1) C 7- H 19,1.4,1.23,0.037
mol_014_Z,scan_1,1.5034,BD ( 1) C 6- C 7,BD*( 1) C 8- H 20,2.14,1.23,0.046
mol_014_Z,scan_1,1.5034,BD ( 1) C 6- C 7,RY ( 1) C 5,0.71,1.55,0.03
mol_014_Z,scan_1,1.5034,BD ( 1) C 6- C 7,RY ( 1) C 8,1.36,2.0,0.046
mol_014_Z,scan_1,1.5034,BD ( 1) C 6- C 7,RY ( 2) C 8,1.12,2.23,0.045
mol_014_Z,scan_1,1.5034,BD ( 1) C 6- C 7,RY ( 1) C 12,0.54,1.99,0.029
mol_014_Z,scan_1,1.5034,BD ( 1) C 6- C 7,RY ( 2) C 12,0.9,2.19,0.04
mol_014_Z,scan_1,1.5034,BD ( 1) C 6- C 7,RY ( 6) C 12,0.62,3.02,0.038
mol_014_Z,scan_1,1.5034,BD ( 1) C 6- C 12,BD*( 1) N 2- C 3,4.39,1.34,0.069
mol_014_Z,scan_1,1.5034,BD ( 1) C 6- C 12,BD*( 1) C 3- C 12,2.75,1.22,0.052
mol_014_Z,scan_1,1.5034,BD ( 1) C 6- C 12,BD*( 1) C 5- C 6,0.97,1.19,0.03
mol_014_Z,scan_1,1.5034,BD ( 1) C 6- C 12,BD*( 1) C 5- H 17,0.74,1.18,0.026
mol_014_Z,scan_1,1.5034,BD ( 1) C 6- C 12,BD*( 1) C 6- C 7,2.6,1.36,0.053
mol_014_Z,scan_1,1.5034,BD ( 1) C 6- C 12,BD*( 1) C 7- H 19,2.44,1.21,0.049
mol_014_Z,scan_1,1.5034,BD ( 1) C 6- C 12,BD*( 1) C 10- F 11,4.97,1.04,0.064
mol_014_Z,scan_1,1.5034,BD ( 1) C 6- C 12,BD*( 1) C 10- C 12,3.81,1.3,0.063
mol_014_Z,scan_1,1.5034,BD ( 1) C 6- C 12,RY ( 2) C 3,1.33,1.73,0.043
mol_014_Z,scan_1,1.5034,BD ( 1) C 6- C 12,RY ( 1) C 5,0.88,1.54,0.033
mol_014_Z,scan_1,1.5034,BD ( 1) C 6- C 12,RY ( 1) C 7,1.69,2.02,0.052
mol_014_Z,scan_1,1.5034,BD ( 1) C 6- C 12,RY ( 2) C 7,0.86,2.03,0.037
mol_014_Z,scan_1,1.5034,BD ( 1) C 6- C 12,RY ( 2) C 10,0.5,2.28,0.03
mol_014_Z,scan_1,1.5034,BD ( 1) C 6- C 12,RY ( 4) C 10,0.95,2.96,0.047
mol_014_Z,scan_1,1.5034,BD ( 1) C 6- C 12,RY ( 3) C 12,0.57,2.71,0.035
mol_014_Z,scan_1,1.5034,BD ( 1) C 6- C 12,RY ( 4) C 12,1.08,4.57,0.063
mol_014_Z,scan_1,1.5034,BD ( 1) C 6- C 12,RY (11) C 12,0.56,3.8,0.041
mol_014_Z,scan_1,1.5034,BD ( 2) C 6- C 12,BD*( 2) N 2- C 3,38.86,0.38,0.109
mol_014_Z,scan_1,1.5034,BD ( 2) C 6- C 12,BD*( 1) C 5- H 17,2.23,0.82,0.038
mol_014_Z,scan_1,1.5034,BD ( 2) C 6- C 12,BD*( 1) C 5- H 18,3.83,0.81,0.05
mol_014_Z,scan_1,1.5034,BD ( 2) C 6- C 12,BD*( 2) C 7- C 8,24.78,0.4,0.089
mol_014_Z,scan_1,1.5034,BD ( 2) C 6- C 12,BD*( 2) C 9- C 10,38.99,0.38,0.109
mol_014_Z,scan_1,1.5034,BD ( 2) C 6- C 12,RY ( 3) C 3,0.52,2.07,0.029
mol_014_Z,scan_1,1.5034,BD ( 2) C 6- C 12,RY ( 3) C 7,2.03,0.99,0.04
mol_014_Z,scan_1,1.5034,BD ( 2) C 6- C 12,RY ( 5) C 10,1.05,1.8,0.039
mol_014_Z,scan_1,1.5034,BD ( 1) C 7- C 8,BD*( 1) C 5- C 6,4.25,1.2,0.064
mol_014_Z,scan_1,1.5034,BD ( 1) C 7- C 8,BD*( 1) C 6- C 7,2.92,1.37,0.056
mol_014_Z,scan_1,1.5034,BD ( 1) C 7- C 8,BD*( 1) C 7- H 19,1.06,1.22,0.032
mol_014_Z,scan_1,1.5034,BD ( 1) C 7- C 8,BD*( 1) C 8- C 9,1.8,1.34,0.044
mol_014_Z,scan_1,1.5034,BD ( 1) C 7- C 8,BD*( 1) C 8- H 20,0.85,1.22,0.029
mol_014_Z,scan_1,1.5034,BD ( 1) C 7- C 8,BD*( 1) C 9- H 21,2.29,1.21,0.047
mol_014_Z,scan_1,1.5034,BD ( 1) C 7- C 8,RY ( 1) C 6,1.39,2.33,0.051
mol_014_Z,scan_1,1.5034,BD ( 1) C 7- C 8,RY ( 2) C 6,0.65,2.08,0.033
mol_014_Z,scan_1,1.5034,BD ( 1) C 7- C 8,RY ( 1) C 9,0.65,1.97,0.032
mol_014_Z,scan_1,1.5034,BD ( 1) C 7- C 8,RY ( 2) C 9,1.52,1.9,0.048
mol_014_Z,scan_1,1.5034,BD ( 1) C 7- C 8,RY ( 1) H 20,0.55,1.82,0.028
mol_014_Z,scan_1,1.5034,BD ( 2) C 7- C 8,BD*( 2) C 6- C 12,49.01,0.38,0.121
mol_014_Z,scan_1,1.5034,BD ( 2) C 7- C 8,BD*( 2) C 9- C 10,29.94,0.38,0.095
mol_014_Z,scan_1,1.5034,BD ( 2) C 7- C 8,RY ( 4) C 6,0.5,1.95,0.028
mol_014_Z,scan_1,1.5034,BD ( 2) C 7- C 8,RY ( 8) C 6,0.67,1.78,0.031
mol_014_Z,scan_1,1.5034,BD ( 2) C 7- C 8,RY ( 3) C 7,0.77,0.98,0.025
mol_014_Z,scan_1,1.5034,BD ( 2) C 7- C 8,RY ( 3) C 9,1.6,0.91,0.034
mol_014_Z,scan_1,1.5034,BD ( 1) C 7- H 19,BD*( 1) C 6- C 7,0.91,1.24,0.03
mol_014_Z,scan_1,1.5034,BD ( 1) C 7- H 19,BD*( 1) C 6- C 12,4.87,1.2,0.068
mol_014_Z,scan_1,1.5034,BD ( 1) C 7- H 19,BD*( 1) C 7- C 8,0.67,1.23,0.026
mol_014_Z,scan_1,1.5034,BD ( 1) C 7- H 19,BD*( 1) C 8- C 9,3.54,1.22,0.059
mol_014_Z,scan_1,1.5034,BD ( 1) C 7- H 19,BD*( 1) C 8- H 20,0.88,1.1,0.028
mol_014_Z,scan_1,1.5034,BD ( 1) C 7- H 19,RY ( 1) C 6,1.59,2.21,0.053
mol_014_Z,scan_1,1.5034,BD ( 1) C 7- H 19,RY ( 1) C 8,1.21,1.87,0.042
mol_014_Z,scan_1,1.5034,BD ( 1) C 8- C 9,BD*( 1) C 7- C 8,1.86,1.36,0.045
mol_014_Z,scan_1,1.5034,BD ( 1) C 8- C 9,BD*( 1) C 7- H 19,2.41,1.22,0.048
mol_014_Z,scan_1,1.5034,BD ( 1) C 8- C 9,BD*( 1) C 8- H 20,0.68,1.23,0.026
mol_014_Z,scan_1,1.5034,BD ( 1) C 8- C 9,BD*( 1) C 9- C 10,1.91,1.34,0.045
mol_014_Z,scan_1,1.5034,BD ( 1) C 8- C 9,BD*( 1) C 9- H 21,1.38,1.22,0.037
mol_014_Z,scan_1,1.5034,BD ( 1) C 8- C 9,BD*( 1) C 10- F 11,4.53,1.05,0.061
mol_014_Z,scan_1,1.5034,BD ( 1) C 8- C 9,RY ( 1) C 7,0.94,2.03,0.039
mol_014_Z,scan_1,1.5034,BD ( 1) C 8- C 9,RY ( 2) C 7,1.63,2.04,0.052
mol_014_Z,scan_1,1.5034,BD ( 1) C 8- C 9,RY ( 2) C 10,1.01,2.29,0.043
mol_014_Z,scan_1,1.5034,BD ( 1) C 8- C 9,RY ( 4) C 10,0.95,2.97,0.047
mol_014_Z,scan_1,1.5034,BD ( 1) C 8- C 9,RY ( 1) H 21,0.58,1.5,0.026
mol_014_Z,scan_1,1.5034,BD ( 1) C 8- H 20,BD*( 1) C 6- C 7,3.47,1.25,0.059
mol_014_Z,scan_1,1.5034,BD ( 1) C 8- H 20,BD*( 1) C 7- H 19,0.95,1.1,0.029
mol_014_Z,scan_1,1.5034,BD ( 1) C 8- H 20,BD*( 1) C 9- C 10,3.39,1.21,0.057
mol_014_Z,scan_1,1.5034,BD ( 1) C 8- H 20,BD*( 1) C 9- H 21,0.92,1.09,0.028
mol_014_Z,scan_1,1.5034,BD ( 1) C 8- H 20,RY ( 1) C 7,0.98,1.91,0.038
mol_014_Z,scan_1,1.5034,BD ( 1) C 8- H 20,RY ( 1) C 9,0.96,1.85,0.038
mol_014_Z,scan_1,1.5034,BD ( 1) C 9- C 10,BD*( 1) C 3- C 12,3.9,1.26,0.063
mol_014_Z,scan_1,1.5034,BD ( 1) C 9- C 10,BD*( 1) C 8- C 9,2.01,1.38,0.047
mol_014_Z,scan_1,1.5034,BD ( 1) C 9- C 10,BD*( 1) C 8- H 20,2.05,1.26,0.045
mol_014_Z,scan_1,1.5034,BD ( 1) C 9- C 10,BD*( 1) C 9- H 21,0.96,1.25,0.031
mol_014_Z,scan_1,1.5034,BD ( 1) C 9- C 10,BD*( 1) C 10- C 12,3.98,1.34,0.065
mol_014_Z,scan_1,1.5034,BD ( 1) C 9- C 10,RY ( 1) C 8,1.24,2.03,0.045
mol_014_Z,scan_1,1.5034,BD ( 1) C 9- C 10,RY ( 2) C 8,1.25,2.25,0.047
mol_014_Z,scan_1,1.5034,BD ( 1) C 9- C 10,RY ( 1) F 11,0.74,1.46,0.029
mol_014_Z,scan_1,1.5034,BD ( 1) C 9- C 10,RY ( 1) C 12,2.05,2.02,0.057
mol_014_Z,scan_1,1.5034,BD ( 2) C 9- C 10,BD*( 2) C 6- C 12,28.97,0.4,0.096
mol_014_Z,scan_1,1.5034,BD ( 2) C 9- C 10,BD*( 2) C 7- C 8,37.98,0.42,0.112
mol_014_Z,scan_1,1.5034,BD ( 2) C 9- C 10,BD*( 2) C 9- C 10,0.95,0.4,0.017
mol_014_Z,scan_1,1.5034,BD ( 2) C 9- C 10,RY ( 4) C 8,1.7,1.01,0.037
mol_014_Z,scan_1,1.5034,BD ( 2) C 9- C 10,RY ( 2) F 11,1.47,1.08,0.036
mol_014_Z,scan_1,1.5034,BD ( 1) C 9- H 21,BD*( 1) C 7- C 8,3.45,1.24,0.058
mol_014_Z,scan_1,1.5034,BD ( 1) C 9- H 21,BD*( 1) C 8- C 9,0.81,1.23,0.028
mol_014_Z,scan_1,1.5034,BD ( 1) C 9- H 21,BD*( 1) C 8- H 20,0.87,1.11,0.028
mol_014_Z,scan_1,1.5034,BD ( 1) C 9- H 21,BD*( 1) C 9- C 10,0.54,1.22,0.023
mol_014_Z,scan_1,1.5034,BD ( 1) C 9- H 21,BD*( 1) C 10- F 11,2.74,0.93,0.045
mol_014_Z,scan_1,1.5034,BD ( 1) C 9- H 21,BD*( 1) C 10- C 12,3.91,1.19,0.061
mol_014_Z,scan_1,1.5034,BD ( 1) C 9- H 21,RY ( 1) C 8,1.08,1.88,0.04
mol_014_Z,scan_1,1.5034,BD ( 1) C 9- H 21,RY ( 1) C 10,0.67,1.73,0.03
mol_014_Z,scan_1,1.5034,BD ( 1) C 10- F 11,BD*( 1) C 6- C 12,1.1,1.67,0.038
mol_014_Z,scan_1,1.5034,BD ( 1) C 10- F 11,BD*( 1) C 8- C 9,0.99,1.68,0.036
mol_014_Z,scan_1,1.5034,BD ( 1) C 10- C 12,BD*( 1) C 3- C 4,0.69,1.2,0.026
mol_014_Z,scan_1,1.5034,BD ( 1) C 10- C 12,BD*( 1) C 3- C 12,3.45,1.26,0.059
mol_014_Z,scan_1,1.5034,BD ( 1) C 10- C 12,BD*( 1) C 5- C 6,1.91,1.24,0.043
mol_014_Z,scan_1,1.5034,BD ( 1) C 10- C 12,BD*( 1) C 6- C 12,4.01,1.37,0.066
mol_014_Z,scan_1,1.5034,BD ( 1) C 10- C 12,BD*( 1) C 9- C 10,3.54,1.37,0.062
mol_014_Z,scan_1,1.5034,BD ( 1) C 10- C 12,BD*( 1) C 9- H 21,1.65,1.25,0.041
mol_014_Z,scan_1,1.5034,BD ( 1) C 10- C 12,RY ( 1) C 3,0.73,1.81,0.032
mol_014_Z,scan_1,1.5034,BD ( 1) C 10- C 12,RY ( 5) C 3,0.84,3.47,0.048
mol_014_Z,scan_1,1.5034,BD ( 1) C 10- C 12,RY ( 1) C 6,0.82,2.37,0.039
mol_014_Z,scan_1,1.5034,BD ( 1) C 10- C 12,RY ( 2) C 6,0.69,2.12,0.034
mol_014_Z,scan_1,1.5034,BD ( 1) C 10- C 12,RY ( 3) C 6,0.51,1.98,0.029
mol_014_Z,scan_1,1.5034,BD ( 1) C 10- C 12,RY ( 7) C 6,0.84,4.78,0.057
mol_014_Z,scan_1,1.5034,BD ( 1) C 10- C 12,RY ( 1) C 9,1.64,2.01,0.051
mol_014_Z,scan_1,1.5034,BD ( 1) C 10- C 12,RY ( 2) C 9,0.64,1.94,0.031
mol_014_Z,scan_1,1.5034,BD ( 1) C 10- C 12,RY ( 1) F 11,0.66,1.47,0.028
mol_014_Z,scan_1,1.5034,BD ( 1) C 10- C 12,RY ( 2) C 12,0.5,2.22,0.03
mol_014_Z,scan_1,1.5034,BD ( 1) C 10- C 12,RY ( 3) C 12,0.89,2.75,0.044
mol_014_Z,scan_1,1.5034,BD ( 1) C 10- C 12,RY ( 4) C 12,0.81,4.61,0.055
mol_014_Z,scan_1,1.5034,BD ( 1) C 10- C 12,RY (12) C 12,0.64,4.91,0.05
mol_014_Z,scan_1,1.5034,BD ( 1) C 10- C 12,RY (16) C 12,0.99,6.51,0.072
mol_014_Z,scan_1,1.5034,BD ( 1) C 10- C 12,RY (17) C 12,0.65,4.92,0.051
mol_014_Z,scan_2,1.9034,LP ( 1) O 1,RY ( 1) H 13,1.4,2.64,0.054
mol_014_Z,scan_2,1.9034,LP ( 1) O 1,RY ( 1) H 14,1.23,2.54,0.05
mol_014_Z,scan_2,1.9034,LP ( 1) N 2,BD*( 1) C 3- C 12,6.61,1.12,0.077
mol_014_Z,scan_2,1.9034,LP ( 1) N 2,RY ( 1) C 3,9.85,1.43,0.106
mol_014_Z,scan_2,1.9034,LP ( 1) F 11,BD*( 1) C 9- C 10,0.85,1.62,0.033
mol_014_Z,scan_2,1.9034,LP ( 1) F 11,BD*( 1) C 10- C 12,0.93,1.59,0.034
mol_014_Z,scan_2,1.9034,LP ( 1) F 11,RY ( 1) C 10,6.49,2.16,0.106
mol_014_Z,scan_2,1.9034,LP ( 2) F 11,BD*( 1) C 8- C 9,0.51,1.18,0.022
mol_014_Z,scan_2,1.9034,LP ( 2) F 11,BD*( 1) C 9- C 10,7.03,1.17,0.081
mol_014_Z,scan_2,1.9034,LP ( 2) F 11,BD*( 1) C 10- C 12,7.83,1.14,0.084
mol_014_Z,scan_2,1.9034,LP ( 2) F 11,RY ( 2) C 10,0.66,2.13,0.033
mol_014_Z,scan_2,1.9034,LP ( 2) F 11,RY ( 4) C 10,1.17,2.81,0.051
mol_014_Z,scan_2,1.9034,LP ( 3) F 11,BD*( 2) C 9- C 10,28.44,0.59,0.115
mol_014_Z,scan_2,1.9034,LP ( 3) F 11,RY ( 3) C 10,2.18,2.03,0.059
mol_014_Z,scan_2,1.9034,BD ( 1) O 1- N 2,BD*( 1) C 3- C 4,5.49,0.98,0.066
mol_014_Z,scan_2,1.9034,BD ( 1) O 1- N 2,BD*( 1) C 3- C 12,2.07,1.11,0.043
mol_014_Z,scan_2,1.9034,BD ( 1) O 1- N 2,RY ( 2) H 13,0.71,2.33,0.036
mol_014_Z,scan_2,1.9034,BD ( 1) N 2- C 3,BD*( 1) C 3- C 4,0.71,1.36,0.028
mol_014_Z,scan_2,1.9034,BD ( 1) N 2- C 3,BD*( 1) C 3- C 12,3.51,1.49,0.064
mol_014_Z,scan_2,1.9034,BD ( 1) N 2- C 3,RY ( 1) C 4,0.85,1.74,0.034
mol_014_Z,scan_2,1.9034,BD ( 1) N 2- C 3,RY ( 1) C 12,0.51,2.28,0.031
mol_014_Z,scan_2,1.9034,BD ( 1) N 2- C 3,RY ( 6) C 12,0.67,3.49,0.043
mol_014_Z,scan_2,1.9034,BD ( 2) N 2- C 3,BD*( 1) C 4- H 15,2.17,0.96,0.041
mol_014_Z,scan_2,1.9034,BD ( 2) N 2- C 3,BD*( 2) C 6- C 12,4.48,0.54,0.044
mol_014_Z,scan_2,1.9034,BD ( 1) C 3- C 4,BD*( 1) O 1- N 2,39.83,0.57,0.135
mol_014_Z,scan_2,1.9034,BD ( 1) C 3- C 4,BD*( 1) N 2- C 3,1.09,1.32,0.034
mol_014_Z,scan_2,1.9034,BD ( 1) C 3- C 4,BD*( 1) C 3- C 4,0.71,1.04,0.024
mol_014_Z,scan_2,1.9034,BD ( 1) C 3- C 4,BD*( 1) C 3- C 12,0.81,1.17,0.027
mol_014_Z,scan_2,1.9034,BD ( 1) C 3- C 4,BD*( 1) C 5- C 6,0.52,1.14,0.022
mol_014_Z,scan_2,1.9034,BD ( 1) C 3- C 4,BD*( 1) C 5- H 17,1.62,1.13,0.038
mol_014_Z,scan_2,1.9034,BD ( 1) C 3- C 4,BD*( 1) C 6- C 12,0.55,1.26,0.023
mol_014_Z,scan_2,1.9034,BD ( 1) C 3- C 4,BD*( 1) C 10- C 12,3.89,1.24,0.062
mol_014_Z,scan_2,1.9034,BD ( 1) C 3- C 4,RY ( 1) N 2,2.92,1.57,0.06
mol_014_Z,scan_2,1.9034,BD ( 1) C 3- C 4,RY ( 3) C 5,0.67,1.76,0.031
mol_014_Z,scan_2,1.9034,BD ( 1) C 3- C 4,RY ( 1) C 12,0.73,1.96,0.034
mol_014_Z,scan_2,1.9034,BD ( 1) C 3- C 12,BD*( 1) O 1- N 2,4.48,0.66,0.048
mol_014_Z,scan_2,1.9034,BD ( 1) C 3- C 12,BD*( 1) N 2- C 3,2.11,1.4,0.049
mol_014_Z,scan_2,1.9034,BD ( 1) C 3- C 12,BD*( 1) C 3- C 4,1.38,1.12,0.035
mol_014_Z,scan_2,1.9034,BD ( 1) C 3- C 12,BD*( 1) C 4- H 16,0.78,1.21,0.027
mol_014_Z,scan_2,1.9034,BD ( 1) C 3- C 12,BD*( 1) C 6- C 7,3.06,1.39,0.058
mol_014_Z,scan_2,1.9034,BD ( 1) C 3- C 12,BD*( 1) C 6- C 12,2.3,1.35,0.05
mol_014_Z,scan_2,1.9034,BD ( 1) C 3- C 12,BD*( 1) C 9- C 10,1.13,1.36,0.035
mol_014_Z,scan_2,1.9034,BD ( 1) C 3- C 12,BD*( 1) C 10- F 11,0.55,1.07,0.022
mol_014_Z,scan_2,1.9034,BD ( 1) C 3- C 12,BD*( 1) C 10- C 12,2.53,1.33,0.052
mol_014_Z,scan_2,1.9034,BD ( 1) C 3- C 12,RY ( 1) N 2,1.26,1.66,0.041
mol_014_Z,scan_2,1.9034,BD ( 1) C 3- C 12,RY ( 1) C 4,0.98,1.5,0.034
mol_014_Z,scan_2,1.9034,BD ( 1) C 3- C 12,RY ( 1) C 6,1.31,2.37,0.05
mol_014_Z,scan_2,1.9034,BD ( 1) C 3- C 12,RY ( 1) C 10,0.99,1.89,0.039
mol_014_Z,scan_2,1.9034,BD ( 1) C 3- C 12,RY ( 7) C 10,0.83,3.42,0.048
mol_014_Z,scan_2,1.9034,BD ( 1) C 4- C 5,BD*( 1) O 1- N 2,1.56,0.56,0.026
mol_014_Z,scan_2,1.9034,BD ( 1) C 4- C 5,BD*( 1) N 2- C 3,2.18,1.3,0.048
mol_014_Z,scan_2,1.9034,BD ( 1) C 4- C 5,BD*( 2) N 2- C 3,1.66,0.69,0.03
mol_014_Z,scan_2,1.9034,BD ( 1) C 4- C 5,BD*( 1) C 5- C 6,0.63,1.13,0.024
mol_014_Z,scan_2,1.9034,BD ( 1) C 4- C 5,BD*( 1) C 6- C 7,4.03,1.29,0.064
mol_014_Z,scan_2,1.9034,BD ( 1) C 4- C 5,BD*( 1) C 6- C 12,0.51,1.25,0.023
mol_014_Z,scan_2,1.9034,BD ( 1) C 4- C 5,RY ( 4) C 3,0.62,2.45,0.035
mol_014_Z,scan_2,1.9034,BD ( 1) C 4- C 5,RY ( 2) C 6,0.84,2.03,0.037
mol_014_Z,scan_2,1.9034,BD ( 1) C 4- H 15,BD*( 2) N 2- C 3,9.23,0.64,0.068
mol_014_Z,scan_2,1.9034,BD ( 1) C 4- H 15,BD*( 1) C 5- H 17,0.98,1.06,0.029
mol_014_Z,scan_2,1.9034,BD ( 1) C 4- H 15,BD*( 1) C 5- H 18,2.17,1.05,0.043
mol_014_Z,scan_2,1.9034,BD ( 1) C 4- H 15,RY ( 1) C 5,0.82,1.42,0.031
mol_014_Z,scan_2,1.9034,BD ( 1) C 4- H 16,BD*( 1) O 1- N 2,0.86,0.52,0.019
mol_014_Z,scan_2,1.9034,BD ( 1) C 4- H 16,BD*( 1) N 2- C 3,0.53,1.26,0.023
mol_014_Z,scan_2,1.9034,BD ( 1) C 4- H 16,BD*( 2) N 2- C 3,1.69,0.65,0.03
mol_014_Z,scan_2,1.9034,BD ( 1) C 4- H 16,BD*( 1) C 3- C 12,1.95,1.11,0.042
mol_014_Z,scan_2,1.9034,BD ( 1) C 4- H 16,BD*( 1) C 5- C 6,1.29,1.09,0.033
mol_014_Z,scan_2,1.9034,BD ( 1) C 4- H 16,BD*( 1) C 5- H 18,0.83,1.07,0.027
mol_014_Z,scan_2,1.9034,BD ( 1) C 5- C 6,BD*( 1) C 3- C 4,0.78,1.05,0.026
mol_014_Z,scan_2,1.9034,BD ( 1) C 5- C 6,BD*( 1) C 3- C 12,0.74,1.18,0.026
mol_014_Z,scan_2,1.9034,BD ( 1) C 5- C 6,BD*( 1) C 4- H 16,1.46,1.14,0.036
mol_014_Z,scan_2,1.9034,BD ( 1) C 5- C 6,BD*( 1) C 5- H 17,0.7,1.14,0.025
mol_014_Z,scan_2,1.9034,BD ( 1) C 5- C 6,BD*( 1) C 6- C 7,1.92,1.32,0.045
mol_014_Z,scan_2,1.9034,BD ( 1) C 5- C 6,BD*( 1) C 6- C 12,1.04,1.27,0.033
mol_014_Z,scan_2,1.9034,BD ( 1) C 5- C 6,BD*( 1) C 7- C 8,1.79,1.3,0.043
mol_014_Z,scan_2,1.9034,BD ( 1) C 5- C 6,BD*( 1) C 10- C 12,3.31,1.25,0.058
mol_014_Z,scan_2,1.9034,BD ( 1) C 5- C 6,RY ( 2) C 4,0.69,1.57,0.029
mol_014_Z,scan_2,1.9034,BD ( 1) C 5- C 6,RY ( 1) C 7,1.78,1.98,0.053
mol_014_Z,scan_2,1.9034,BD ( 1) C 5- C 6,RY ( 4) C 7,0.53,2.51,0.032
mol_014_Z,scan_2,1.9034,BD ( 1) C 5- C 6,RY ( 1) C 12,0.61,1.98,0.031
mol_014_Z,scan_2,1.9034,BD ( 1) C 5- H 17,BD*( 1) C 3- C 4,1.83,0.96,0.037
mol_014_Z,scan_2,1.9034,BD ( 1) C 5- H 17,BD*( 1) C 4- H 15,1.01,1.03,0.029
mol_014_Z,scan_2,1.9034,BD ( 1) C 5- H 17,BD*( 1) C 6- C 12,2.02,1.19,0.044
mol_014_Z,scan_2,1.9034,BD ( 1) C 5- H 17,BD*( 2) C 6- C 12,4.2,0.61,0.045
mol_014_Z,scan_2,1.9034,BD ( 1) C 5- H 17,RY ( 3) C 6,0.58,1.9,0.03
mol_014_Z,scan_2,1.9034,BD ( 1) C 5- H 18,BD*( 1) C 4- H 15,2.31,1.03,0.044
mol_014_Z,scan_2,1.9034,BD ( 1) C 5- H 18,BD*( 1) C 4- H 16,0.86,1.05,0.027
mol_014_Z,scan_2,1.9034,BD ( 1) C 5- H 18,BD*( 1) C 6- C 12,0.57,1.18,0.023
mol_014_Z,scan_2,1.9034,BD ( 1) C 5- H 18,BD*( 2) C 6- C 12,8.16,0.61,0.063
mol_014_Z,scan_2,1.9034,BD ( 1) C 5- H 18,RY ( 1) C 4,0.66,1.34,0.026
mol_014_Z,scan_2,1.9034,BD ( 1) C 6- C 7,BD*( 1) C 3- C 12,2.26,1.24,0.047
mol_014_Z,scan_2,1.9034,BD ( 1) C 6- C 7,BD*( 1) C 4- C 5,0.53,1.15,0.022
mol_014_Z,scan_2,1.9034,BD ( 1) C 6- C 7,BD*( 1) C 5- C 6,1.89,1.21,0.043
mol_014_Z,scan_2,1.9034,BD ( 1) C 6- C 7,BD*( 1) C 6- C 12,2.65,1.33,0.053
mol_014_Z,scan_2,1.9034,BD ( 1) C 6- C 7,BD*( 1) C 7- C 8,2.63,1.36,0.053
mol_014_Z,scan_2,1.9034,BD ( 1) C 6- C 7,BD*( 1) C 7- H 19,1.39,1.23,0.037
mol_014_Z,scan_2,1.9034,BD ( 1) C 6- C 7,BD*( 1) C 8- H 20,2.08,1.24,0.045
mol_014_Z,scan_2,1.9034,BD ( 1) C 6- C 7,RY ( 1) C 5,0.64,1.56,0.028
mol_014_Z,scan_2,1.9034,BD ( 1) C 6- C 7,RY ( 1) C 8,1.36,2.01,0.047
mol_014_Z,scan_2,1.9034,BD ( 1) C 6- C 7,RY ( 2) C 8,1.12,2.23,0.045
mol_014_Z,scan_2,1.9034,BD ( 1) C 6- C 7,RY ( 1) C 12,0.61,2.04,0.031
mol_014_Z,scan_2,1.9034,BD ( 1) C 6- C 7,RY ( 2) C 12,0.88,2.28,0.04
mol_014_Z,scan_2,1.9034,BD ( 1) C 6- C 7,RY ( 6) C 12,0.5,3.24,0.036
mol_014_Z,scan_2,1.9034,BD ( 1) C 6- C 12,BD*( 1) N 2- C 3,4.98,1.38,0.074
mol_014_Z,scan_2,1.9034,BD ( 1) C 6- C 12,BD*( 1) C 3- C 12,2.74,1.23,0.052
mol_014_Z,scan_2,1.9034,BD ( 1) C 6- C 12,BD*( 1) C 5- C 6,0.97,1.2,0.03
mol_014_Z,scan_2,1.9034,BD ( 1) C 6- C 12,BD*( 1) C 5- H 17,0.77,1.19,0.027
mol_014_Z,scan_2,1.9034,BD ( 1) C 6- C 12,BD*( 1) C 6- C 7,2.58,1.37,0.053
mol_014_Z,scan_2,1.9034,BD ( 1) C 6- C 12,BD*( 1) C 7- H 19,2.44,1.22,0.049
mol_014_Z,scan_2,1.9034,BD ( 1) C 6- C 12,BD*( 1) C 10- F 11,4.54,1.05,0.062
mol_014_Z,scan_2,1.9034,BD ( 1) C 6- C 12,BD*( 1) C 10- C 12,3.98,1.3,0.064
mol_014_Z,scan_2,1.9034,BD ( 1) C 6- C 12,RY ( 2) C 3,1.39,1.78,0.044
mol_014_Z,scan_2,1.9034,BD ( 1) C 6- C 12,RY ( 1) C 5,0.94,1.55,0.034
mol_014_Z,scan_2,1.9034,BD ( 1) C 6- C 12,RY ( 1) C 7,1.75,2.03,0.053
mol_014_Z,scan_2,1.9034,BD ( 1) C 6- C 12,RY ( 2) C 7,0.87,2.03,0.038
mol_014_Z,scan_2,1.9034,BD ( 1) C 6- C 12,RY ( 4) C 10,0.95,2.97,0.047
mol_014_Z,scan_2,1.9034,BD ( 1) C 6- C 12,RY ( 4) C 12,1.2,5.24,0.071
mol_014_Z,scan_2,1.9034,BD ( 1) C 6- C 12,RY (11) C 12,0.72,4.66,0.052
mol_014_Z,scan_2,1.9034,BD ( 2) C 6- C 12,BD*( 2) N 2- C 3,40.24,0.4,0.113
mol_014_Z,scan_2,1.9034,BD ( 2) C 6- C 12,BD*( 1) C 5- H 17,2.17,0.82,0.038
mol_014_Z,scan_2,1.9034,BD ( 2) C 6- C 12,BD*( 1) C 5- H 18,3.72,0.81,0.049
mol_014_Z,scan_2,1.9034,BD ( 2) C 6- C 12,BD*( 2) C 7- C 8,23.64,0.41,0.088
mol_014_Z,scan_2,1.9034,BD ( 2) C 6- C 12,BD*( 2) C 9- C 10,38.07,0.39,0.109
mol_014_Z,scan_2,1.9034,BD ( 2) C 6- C 12,RY ( 3) C 3,0.82,2.05,0.037
mol_014_Z,scan_2,1.9034,BD ( 2) C 6- C 12,RY ( 3) C 7,1.97,1.02,0.04
mol_014_Z,scan_2,1.9034,BD ( 2) C 6- C 12,RY ( 5) C 10,1.21,1.75,0.041
mol_014_Z,scan_2,1.9034,BD ( 1) C 7- C 8,BD*( 1) C 5- C 6,4.35,1.2,0.065
mol_014_Z,scan_2,1.9034,BD ( 1) C 7- C 8,BD*( 1) C 6- C 7,2.86,1.37,0.056
mol_014_Z,scan_2,1.9034,BD ( 1) C 7- C 8,BD*( 1) C 7- H 19,1.07,1.22,0.032
mol_014_Z,scan_2,1.9034,BD ( 1) C 7- C 8,BD*( 1) C 8- C 9,1.74,1.34,0.043
mol_014_Z,scan_2,1.9034,BD ( 1) C 7- C 8,BD*( 1) C 8- H 20,0.83,1.23,0.028
mol_014_Z,scan_2,1.9034,BD ( 1) C 7- C 8,BD*( 1) C 9- H 21,2.25,1.21,0.047
mol_014_Z,scan_2,1.9034,BD ( 1) C 7- C 8,RY ( 1) C 6,1.39,2.34,0.051
mol_014_Z,scan_2,1.9034,BD ( 1) C 7- C 8,RY ( 2) C 6,0.57,2.11,0.031
mol_014_Z,scan_2,1.9034,BD ( 1) C 7- C 8,RY ( 1) C 9,0.63,1.99,0.032
mol_014_Z,scan_2,1.9034,BD ( 1) C 7- C 8,RY ( 2) C 9,1.53,1.92,0.048
mol_014_Z,scan_2,1.9034,BD ( 1) C 7- C 8,RY ( 1) H 20,0.54,1.85,0.028
mol_014_Z,scan_2,1.9034,BD ( 2) C 7- C 8,BD*( 2) C 6- C 12,51.08,0.37,0.123
mol_014_Z,scan_2,1.9034,BD ( 2) C 7- C 8,BD*( 2) C 9- C 10,29.66,0.38,0.094
mol_014_Z,scan_2,1.9034,BD ( 2) C 7- C 8,RY ( 4) C 6,0.55,1.96,0.029
mol_014_Z,scan_2,1.9034,BD ( 2) C 7- C 8,RY ( 8) C 6,0.68,1.78,0.031
mol_014_Z,scan_2,1.9034,BD ( 2) C 7- C 8,RY ( 3) C 7,0.82,1.0,0.026
mol_014_Z,scan_2,1.9034,BD ( 2) C 7- C 8,RY ( 3) C 9,1.64,0.92,0.035
mol_014_Z,scan_2,1.9034,BD ( 1) C 7- H 19,BD*( 1) C 5- C 6,0.5,1.07,0.021
mol_014_Z,scan_2,1.9034,BD ( 1) C 7- H 19,BD*( 1) C 6- C 7,0.9,1.24,0.03
mol_014_Z,scan_2,1.9034,BD ( 1) C 7- H 19,BD*( 1) C 6- C 12,4.77,1.2,0.068
mol_014_Z,scan_2,1.9034,BD ( 1) C 7- H 19,BD*( 1) C 7- C 8,0.68,1.23,0.026
mol_014_Z,scan_2,1.9034,BD ( 1) C 7- H 19,BD*( 1) C 8- C 9,3.55,1.22,0.059
mol_014_Z,scan_2,1.9034,BD ( 1) C 7- H 19,BD*( 1) C 8- H 20,0.89,1.1,0.028
mol_014_Z,scan_2,1.9034,BD ( 1) C 7- H 19,RY ( 1) C 6,1.58,2.22,0.053
mol_014_Z,scan_2,1.9034,BD ( 1) C 7- H 19,RY ( 1) C 8,1.19,1.87,0.042
mol_014_Z,scan_2,1.9034,BD ( 1) C 8- C 9,BD*( 1) C 7- C 8,1.8,1.36,0.044
mol_014_Z,scan_2,1.9034,BD ( 1) C 8- C 9,BD*( 1) C 7- H 19,2.35,1.22,0.048
mol_014_Z,scan_2,1.9034,BD ( 1) C 8- C 9,BD*( 1) C 8- H 20,0.67,1.23,0.026
mol_014_Z,scan_2,1.9034,BD ( 1) C 8- C 9,BD*( 1) C 9- C 10,1.85,1.34,0.044
mol_014_Z,scan_2,1.9034,BD ( 1) C 8- C 9,BD*( 1) C 9- H 21,1.39,1.22,0.037
mol_014_Z,scan_2,1.9034,BD ( 1) C 8- C 9,BD*( 1) C 10- F 11,4.62,1.05,0.062
mol_014_Z,scan_2,1.9034,BD ( 1) C 8- C 9,RY ( 1) C 7,0.94,2.03,0.039
mol_014_Z,scan_2,1.9034,BD ( 1) C 8- C 9,RY ( 2) C 7,1.63,2.04,0.052
mol_014_Z,scan_2,1.9034,BD ( 1) C 8- C 9,RY ( 2) C 10,1.02,2.3,0.043
mol_014_Z,scan_2,1.9034,BD ( 1) C 8- C 9,RY ( 4) C 10,1.0,2.98,0.049
mol_014_Z,scan_2,1.9034,BD ( 1) C 8- C 9,RY ( 1) H 21,0.57,1.52,0.026
mol_014_Z,scan_2,1.9034,BD ( 1) C 8- H 20,BD*( 1) C 6- C 7,3.51,1.25,0.059
mol_014_Z,scan_2,1.9034,BD ( 1) C 8- H 20,BD*( 1) C 7- H 19,0.96,1.1,0.029
mol_014_Z,scan_2,1.9034,BD ( 1) C 8- H 20,BD*( 1) C 9- C 10,3.41,1.21,0.057
mol_014_Z,scan_2,1.9034,BD ( 1) C 8- H 20,BD*( 1) C 9- H 21,0.94,1.09,0.029
mol_014_Z,scan_2,1.9034,BD ( 1) C 8- H 20,RY ( 1) C 7,0.97,1.91,0.038
mol_014_Z,scan_2,1.9034,BD ( 1) C 8- H 20,RY ( 1) C 9,0.98,1.87,0.038
mol_014_Z,scan_2,1.9034,BD ( 1) C 9- C 10,BD*( 1) C 3- C 12,4.08,1.26,0.064
mol_014_Z,scan_2,1.9034,BD ( 1) C 9- C 10,BD*( 1) C 8- C 9,1.94,1.38,0.046
mol_014_Z,scan_2,1.9034,BD ( 1) C 9- C 10,BD*( 1) C 8- H 20,2.0,1.26,0.045
mol_014_Z,scan_2,1.9034,BD ( 1) C 9- C 10,BD*( 1) C 9- H 21,0.93,1.25,0.03
mol_014_Z,scan_2,1.9034,BD ( 1) C 9- C 10,BD*( 1) C 10- C 12,3.95,1.34,0.065
mol_014_Z,scan_2,1.9034,BD ( 1) C 9- C 10,RY ( 1) C 8,1.25,2.03,0.045
mol_014_Z,scan_2,1.9034,BD ( 1) C 9- C 10,RY ( 2) C 8,1.23,2.25,0.047
mol_014_Z,scan_2,1.9034,BD ( 1) C 9- C 10,RY ( 1) F 11,0.7,1.47,0.029
mol_014_Z,scan_2,1.9034,BD ( 1) C 9- C 10,RY ( 3) F 11,0.56,1.79,0.028
mol_014_Z,scan_2,1.9034,BD ( 1) C 9- C 10,RY ( 1) C 12,2.15,2.06,0.059
mol_014_Z,scan_2,1.9034,BD ( 2) C 9- C 10,BD*( 2) C 6- C 12,29.4,0.4,0.096
mol_014_Z,scan_2,1.9034,BD ( 2) C 9- C 10,BD*( 2) C 7- C 8,38.21,0.42,0.113
mol_014_Z,scan_2,1.9034,BD ( 2) C 9- C 10,BD*( 2) C 9- C 10,1.05,0.4,0.018
mol_014_Z,scan_2,1.9034,BD ( 2) C 9- C 10,RY ( 4) C 8,1.65,1.03,0.037
mol_014_Z,scan_2,1.9034,BD ( 2) C 9- C 10,RY ( 2) F 11,1.48,1.06,0.035
mol_014_Z,scan_2,1.9034,BD ( 1) C 9- H 21,BD*( 1) C 7- C 8,3.48,1.23,0.058
mol_014_Z,scan_2,1.9034,BD ( 1) C 9- H 21,BD*( 1) C 8- C 9,0.82,1.23,0.028
mol_014_Z,scan_2,1.9034,BD ( 1) C 9- H 21,BD*( 1) C 8- H 20,0.88,1.11,0.028
mol_014_Z,scan_2,1.9034,BD ( 1) C 9- H 21,BD*( 1) C 9- C 10,0.53,1.21,0.023
mol_014_Z,scan_2,1.9034,BD ( 1) C 9- H 21,BD*( 1) C 10- F 11,2.67,0.93,0.044
mol_014_Z,scan_2,1.9034,BD ( 1) C 9- H 21,BD*( 1) C 10- C 12,3.83,1.19,0.06
mol_014_Z,scan_2,1.9034,BD ( 1) C 9- H 21,RY ( 1) C 8,1.08,1.88,0.04
mol_014_Z,scan_2,1.9034,BD ( 1) C 9- H 21,RY ( 1) C 10,0.69,1.75,0.031
mol_014_Z,scan_2,1.9034,BD ( 1) C 10- F 11,BD*( 1) C 6- C 12,1.11,1.67,0.038
mol_014_Z,scan_2,1.9034,BD ( 1) C 10- F 11,BD*( 1) C 8- C 9,0.93,1.69,0.035
mol_014_Z,scan_2,1.9034,BD ( 1) C 10- C 12,BD*( 1) C 3- C 4,0.81,1.14,0.027
mol_014_Z,scan_2,1.9034,BD ( 1) C 10- C 12,BD*( 1) C 3- C 12,3.68,1.27,0.061
mol_014_Z,scan_2,1.9034,BD ( 1) C 10- C 12,BD*( 1) C 5- C 6,1.77,1.24,0.042
mol_014_Z,scan_2,1.9034,BD ( 1) C 10- C 12,BD*( 1) C 6- C 12,4.21,1.37,0.068
mol_014_Z,scan_2,1.9034,BD ( 1) C 10- C 12,BD*( 1) C 9- C 10,3.47,1.37,0.062
mol_014_Z,scan_2,1.9034,BD ( 1) C 10- C 12,BD*( 1) C 9- H 21,1.67,1.26,0.041
mol_014_Z,scan_2,1.9034,BD ( 1) C 10- C 12,RY ( 1) C 3,0.56,1.58,0.027
mol_014_Z,scan_2,1.9034,BD ( 1) C 10- C 12,RY ( 5) C 3,0.72,2.72,0.039
mol_014_Z,scan_2,1.9034,BD ( 1) C 10- C 12,RY ( 1) C 6,0.74,2.39,0.037
mol_014_Z,scan_2,1.9034,BD ( 1) C 10- C 12,RY ( 2) C 6,0.8,2.15,0.037
mol_014_Z,scan_2,1.9034,BD ( 1) C 10- C 12,RY ( 3) C 6,0.66,2.08,0.033
mol_014_Z,scan_2,1.9034,BD ( 1) C 10- C 12,RY ( 7) C 6,0.93,4.85,0.06
mol_014_Z,scan_2,1.9034,BD ( 1) C 10- C 12,RY ( 1) C 9,1.63,2.04,0.051
mol_014_Z,scan_2,1.9034,BD ( 1) C 10- C 12,RY ( 2) C 9,0.68,1.97,0.033
mol_014_Z,scan_2,1.9034,BD ( 1) C 10- C 12,RY ( 1) F 11,0.71,1.47,0.029
mol_014_Z,scan_2,1.9034,BD ( 1) C 10- C 12,RY ( 2) C 12,0.62,2.31,0.034
mol_014_Z,scan_2,1.9034,BD ( 1) C 10- C 12,RY ( 3) C 12,0.69,2.15,0.035
mol_014_Z,scan_2,1.9034,BD ( 1) C 10- C 12,RY ( 4) C 12,1.02,5.29,0.066
mol_014_Z,scan_2,1.9034,BD ( 1) C 10- C 12,RY ( 9) C 12,0.57,4.65,0.046
mol_014_Z,scan_2,1.9034,BD ( 1) C 10- C 12,RY (11) C 12,0.57,4.7,0.046
mol_014_Z,scan_2,1.9034,BD ( 1) C 10- C 12,RY (16) C 12,1.26,7.54,0.087
mol_014_Z,sp2,1.6034,LP ( 1) O 1,BD*( 1) C 3- C 4,0.98,1.11,0.029
mol_014_Z,sp2,1.6034,LP ( 1) O 1,RY ( 1) H 13,1.34,2.68,0.054
mol_014_Z,sp2,1.6034,LP ( 1) O 1,RY ( 1) H 14,1.34,2.6,0.053
mol_014_Z,sp2,1.6034,LP ( 1) N 2,BD*( 1) C 3- C 12,8.45,1.08,0.085
mol_014_Z,sp2,1.6034,LP ( 1) N 2,RY ( 1) C 3,7.07,1.53,0.093
mol_014_Z,sp2,1.6034,LP ( 1) F 11,BD*( 1) C 9- C 10,0.89,1.62,0.034
mol_014_Z,sp2,1.6034,LP ( 1) F 11,BD*( 1) C 10- C 12,0.87,1.59,0.033
mol_014_Z,sp2,1.6034,LP ( 1) F 11,RY ( 1) C 10,6.46,2.14,0.105
mol_014_Z,sp2,1.6034,LP ( 2) F 11,BD*( 1) C 8- C 9,0.54,1.18,0.023
mol_014_Z,sp2,1.6034,LP ( 2) F 11,BD*( 1) C 9- C 10,6.76,1.16,0.079
mol_014_Z,sp2,1.6034,LP ( 2) F 11,BD*( 1) C 10- C 12,7.82,1.14,0.084
mol_014_Z,sp2,1.6034,LP ( 2) F 11,RY ( 2) C 10,0.63,2.11,0.033
mol_014_Z,sp2,1.6034,LP ( 2) F 11,RY ( 4) C 10,1.16,2.8,0.051
mol_014_Z,sp2,1.6034,LP ( 3) F 11,BD*( 2) C 9- C 10,27.98,0.58,0.114
mol_014_Z,sp2,1.6034,LP ( 3) F 11,RY ( 3) C 10,2.12,2.02,0.058
mol_014_Z,sp2,1.6034,BD ( 1) O 1- N 2,BD*( 1) C 3- C 4,5.11,1.2,0.07
mol_014_Z,sp2,1.6034,BD ( 1) O 1- N 2,BD*( 1) C 3- C 12,1.32,1.28,0.037
mol_014_Z,sp2,1.6034,BD ( 1) O 1- N 2,RY ( 2) C 3,1.14,1.79,0.04
mol_014_Z,sp2,1.6034,BD ( 1) O 1- H 13,BD*( 2) N 2- C 3,0.96,0.94,0.027
mol_014_Z,sp2,1.6034,BD ( 1) O 1- H 14,BD*( 1) N 2- C 3,0.65,1.53,0.028
mol_014_Z,sp2,1.6034,BD ( 1) N 2- C 3,BD*( 1) C 3- C 4,0.86,1.39,0.031
mol_014_Z,sp2,1.6034,BD ( 1) N 2- C 3,BD*( 1) C 3- C 12,2.39,1.46,0.053
mol_014_Z,sp2,1.6034,BD ( 1) N 2- C 3,RY ( 1) O 1,0.79,2.18,0.037
mol_014_Z,sp2,1.6034,BD ( 1) N 2- C 3,RY ( 1) C 4,0.64,1.75,0.03
mol_014_Z,sp2,1.6034,BD ( 1) N 2- C 3,RY ( 1) C 12,0.72,2.23,0.036
mol_014_Z,sp2,1.6034,BD ( 2) N 2- C 3,BD*( 1) O 1- H 13,0.86,0.93,0.025
mol_014_Z,sp2,1.6034,BD ( 2) N 2- C 3,BD*( 1) C 4- C 5,0.51,0.91,0.019
mol_014_Z,sp2,1.6034,BD ( 2) N 2- C 3,BD*( 1) C 4- H 15,2.36,0.94,0.042
mol_014_Z,sp2,1.6034,BD ( 2) N 2- C 3,BD*( 2) C 6- C 12,4.73,0.53,0.045
mol_014_Z,sp2,1.6034,BD ( 1) C 3- C 4,BD*( 1) O 1- N 2,17.36,0.72,0.1
mol_014_Z,sp2,1.6034,BD ( 1) C 3- C 4,BD*( 1) N 2- C 3,1.14,1.3,0.034
mol_014_Z,sp2,1.6034,BD ( 1) C 3- C 4,BD*( 1) C 3- C 12,0.84,1.18,0.028
mol_014_Z,sp2,1.6034,BD ( 1) C 3- C 4,BD*( 1) C 5- C 6,0.53,1.16,0.022
mol_014_Z,sp2,1.6034,BD ( 1) C 3- C 4,BD*( 1) C 5- H 17,1.55,1.15,0.038
mol_014_Z,sp2,1.6034,BD ( 1) C 3- C 4,BD*( 1) C 10- C 12,3.76,1.26,0.061
mol_014_Z,sp2,1.6034,BD ( 1) C 3- C 4,RY ( 1) N 2,1.76,1.6,0.047
mol_014_Z,sp2,1.6034,BD ( 1) C 3- C 4,RY ( 3) C 5,0.65,1.78,0.03
mol_014_Z,sp2,1.6034,BD ( 1) C 3- C 4,RY ( 1) C 12,0.64,1.95,0.032
mol_014_Z,sp2,1.6034,BD ( 1) C 3- C 4,RY ( 2) C 12,0.52,2.14,0.03
mol_014_Z,sp2,1.6034,BD ( 1) C 3- C 12,BD*( 1) O 1- N 2,2.61,0.77,0.04
mol_014_Z,sp2,1.6034,BD ( 1) C 3- C 12,BD*( 1) N 2- C 3,1.51,1.36,0.04
mol_014_Z,sp2,1.6034,BD ( 1) C 3- C 12,BD*( 1) C 3- C 4,1.07,1.16,0.031
mol_014_Z,sp2,1.6034,BD ( 1) C 3- C 12,BD*( 1) C 4- H 16,0.95,1.2,0.03
mol_014_Z,sp2,1.6034,BD ( 1) C 3- C 12,BD*( 1) C 6- C 7,3.23,1.38,0.06
mol_014_Z,sp2,1.6034,BD ( 1) C 3- C 12,BD*( 1) C 6- C 12,2.44,1.34,0.051
mol_014_Z,sp2,1.6034,BD ( 1) C 3- C 12,BD*( 1) C 9- C 10,1.22,1.34,0.036
mol_014_Z,sp2,1.6034,BD ( 1) C 3- C 12,BD*( 1) C 10- F 11,0.6,1.05,0.022
mol_014_Z,sp2,1.6034,BD ( 1) C 3- C 12,BD*( 1) C 10- C 12,2.78,1.32,0.054
mol_014_Z,sp2,1.6034,BD ( 1) C 3- C 12,RY ( 1) N 2,1.46,1.65,0.044
mol_014_Z,sp2,1.6034,BD ( 1) C 3- C 12,RY ( 1) C 4,1.09,1.52,0.036
mol_014_Z,sp2,1.6034,BD ( 1) C 3- C 12,RY ( 1) C 6,1.27,2.34,0.049
mol_014_Z,sp2,1.6034,BD ( 1) C 3- C 12,RY ( 1) C 10,0.95,1.86,0.038
mol_014_Z,sp2,1.6034,BD ( 1) C 3- C 12,RY ( 7) C 10,0.81,3.43,0.047
mol_014_Z,sp2,1.6034,BD ( 1) C 4- C 5,BD*( 1) O 1- N 2,0.73,0.68,0.02
mol_014_Z,sp2,1.6034,BD ( 1) C 4- C 5,BD*( 1) N 2- C 3,2.72,1.27,0.052
mol_014_Z,sp2,1.6034,BD ( 1) C 4- C 5,BD*( 2) N 2- C 3,1.85,0.68,0.032
mol_014_Z,sp2,1.6034,BD ( 1) C 4- C 5,BD*( 1) C 5- C 6,0.63,1.12,0.024
mol_014_Z,sp2,1.6034,BD ( 1) C 4- C 5,BD*( 1) C 6- C 7,4.1,1.29,0.065
mol_014_Z,sp2,1.6034,BD ( 1) C 4- C 5,BD*( 1) C 6- C 12,0.52,1.25,0.023
mol_014_Z,sp2,1.6034,BD ( 1) C 4- C 5,RY ( 3) C 3,0.61,2.4,0.034
mol_014_Z,sp2,1.6034,BD ( 1) C 4- C 5,RY ( 2) C 6,0.79,2.01,0.036
mol_014_Z,sp2,1.6034,BD ( 1) C 4- H 15,BD*( 2) N 2- C 3,10.93,0.62,0.074
mol_014_Z,sp2,1.6034,BD ( 1) C 4- H 15,BD*( 1) C 5- H 17,1.01,1.05,0.029
mol_014_Z,sp2,1.6034,BD ( 1) C 4- H 15,BD*( 1) C 5- H 18,2.18,1.04,0.043
mol_014_Z,sp2,1.6034,BD ( 1) C 4- H 15,RY ( 2) C 3,0.54,1.6,0.026
mol_014_Z,sp2,1.6034,BD ( 1) C 4- H 15,RY ( 1) C 5,0.75,1.41,0.029
mol_014_Z,sp2,1.6034,BD ( 1) C 4- H 16,BD*( 1) N 2- C 3,0.61,1.22,0.024
mol_014_Z,sp2,1.6034,BD ( 1) C 4- H 16,BD*( 2) N 2- C 3,2.28,0.63,0.034
mol_014_Z,sp2,1.6034,BD ( 1) C 4- H 16,BD*( 1) C 3- C 12,2.49,1.1,0.047
mol_014_Z,sp2,1.6034,BD ( 1) C 4- H 16,BD*( 1) C 5- C 6,1.25,1.08,0.033
mol_014_Z,sp2,1.6034,BD ( 1) C 4- H 16,BD*( 1) C 5- H 18,0.87,1.06,0.027
mol_014_Z,sp2,1.6034,BD ( 1) C 5- C 6,BD*( 1) C 3- C 4,0.75,1.1,0.026
mol_014_Z,sp2,1.6034,BD ( 1) C 5- C 6,BD*( 1) C 3- C 12,0.74,1.17,0.026
mol_014_Z,sp2,1.6034,BD ( 1) C 5- C 6,BD*( 1) C 4- C 5,0.52,1.09,0.021
mol_014_Z,sp2,1.6034,BD ( 1) C 5- C 6,BD*( 1) C 4- H 16,1.51,1.13,0.037
mol_014_Z,sp2,1.6034,BD ( 1) C 5- C 6,BD*( 1) C 5- H 17,0.66,1.14,0.024
mol_014_Z,sp2,1.6034,BD ( 1) C 5- C 6,BD*( 1) C 6- C 7,1.83,1.31,0.044
mol_014_Z,sp2,1.6034,BD ( 1) C 5- C 6,BD*( 1) C 6- C 12,1.07,1.27,0.033
mol_014_Z,sp2,1.6034,BD ( 1) C 5- C 6,BD*( 1) C 7- C 8,1.85,1.3,0.044
mol_014_Z,sp2,1.6034,BD ( 1) C 5- C 6,BD*( 1) C 10- C 12,3.27,1.25,0.057
mol_014_Z,sp2,1.6034,BD ( 1) C 5- C 6,RY ( 1) C 7,1.81,1.97,0.053
mol_014_Z,sp2,1.6034,BD ( 1) C 5- C 6,RY ( 4) C 7,0.52,2.49,0.032
mol_014_Z,sp2,1.6034,BD ( 1) C 5- C 6,RY ( 1) C 12,0.56,1.94,0.029
mol_014_Z,sp2,1.6034,BD ( 1) C 5- H 17,BD*( 1) C 3- C 4,1.52,1.01,0.035
mol_014_Z,sp2,1.6034,BD ( 1) C 5- H 17,BD*( 1) C 4- H 15,1.0,1.03,0.029
mol_014_Z,sp2,1.6034,BD ( 1) C 5- H 17,BD*( 1) C 6- C 12,2.02,1.19,0.044
mol_014_Z,sp2,1.6034,BD ( 1) C 5- H 17,BD*( 2) C 6- C 12,4.33,0.62,0.046
mol_014_Z,sp2,1.6034,BD ( 1) C 5- H 17,RY ( 3) C 6,0.56,1.83,0.028
mol_014_Z,sp2,1.6034,BD ( 1) C 5- H 18,BD*( 1) C 4- H 15,2.16,1.03,0.042
mol_014_Z,sp2,1.6034,BD ( 1) C 5- H 18,BD*( 1) C 4- H 16,0.9,1.04,0.027
mol_014_Z,sp2,1.6034,BD ( 1) C 5- H 18,BD*( 1) C 6- C 12,0.62,1.18,0.024
mol_014_Z,sp2,1.6034,BD ( 1) C 5- H 18,BD*( 2) C 6- C 12,7.9,0.61,0.062
mol_014_Z,sp2,1.6034,BD ( 1) C 5- H 18,RY ( 1) C 4,0.69,1.36,0.027
mol_014_Z,sp2,1.6034,BD ( 1) C 6- C 7,BD*( 1) C 3- C 12,2.11,1.24,0.046
mol_014_Z,sp2,1.6034,BD ( 1) C 6- C 7,BD*( 1) C 5- C 6,1.82,1.21,0.042
mol_014_Z,sp2,1.6034,BD ( 1) C 6- C 7,BD*( 1) C 6- C 12,2.6,1.34,0.053
mol_014_Z,sp2,1.6034,BD ( 1) C 6- C 7,BD*( 1) C 7- C 8,2.68,1.36,0.054
mol_014_Z,sp2,1.6034,BD ( 1) C 6- C 7,BD*( 1) C 7- H 19,1.4,1.23,0.037
mol_014_Z,sp2,1.6034,BD ( 1) C 6- C 7,BD*( 1) C 8- H 20,2.13,1.23,0.046
mol_014_Z,sp2,1.6034,BD ( 1) C 6- C 7,RY ( 1) C 5,0.7,1.56,0.029
mol_014_Z,sp2,1.6034,BD ( 1) C 6- C 7,RY ( 1) C 8,1.36,2.0,0.047
mol_014_Z,sp2,1.6034,BD ( 1) C 6- C 7,RY ( 2) C 8,1.12,2.23,0.045
mol_014_Z,sp2,1.6034,BD ( 1) C 6- C 7,RY ( 1) C 12,0.56,2.0,0.03
mol_014_Z,sp2,1.6034,BD ( 1) C 6- C 7,RY ( 2) C 12,0.88,2.19,0.039
mol_014_Z,sp2,1.6034,BD ( 1) C 6- C 7,RY ( 6) C 12,0.67,3.07,0.04
mol_014_Z,sp2,1.6034,BD ( 1) C 6- C 12,BD*( 1) N 2- C 3,4.53,1.34,0.07
mol_014_Z,sp2,1.6034,BD ( 1) C 6- C 12,BD*( 1) C 3- C 12,2.75,1.22,0.052
mol_014_Z,sp2,1.6034,BD ( 1) C 6- C 12,BD*( 1) C 5- C 6,0.97,1.2,0.03
mol_014_Z,sp2,1.6034,BD ( 1) C 6- C 12,BD*( 1) C 5- H 17,0.74,1.18,0.026
mol_014_Z,sp2,1.6034,BD ( 1) C 6- C 12,BD*( 1) C 6- C 7,2.6,1.36,0.053
mol_014_Z,sp2,1.6034,BD ( 1) C 6- C 12,BD*( 1) C 7- H 19,2.44,1.21,0.049
mol_014_Z,sp2,1.6034,BD ( 1) C 6- C 12,BD*( 1) C 10- F 11,4.88,1.04,0.064
mol_014_Z,sp2,1.6034,BD ( 1) C 6- C 12,BD*( 1) C 10- C 12,3.85,1.3,0.063
mol_014_Z,sp2,1.6034,BD ( 1) C 6- C 12,RY ( 2) C 3,1.45,1.73,0.045
mol_014_Z,sp2,1.6034,BD ( 1) C 6- C 12,RY ( 1) C 5,0.88,1.54,0.033
mol_014_Z,sp2,1.6034,BD ( 1) C 6- C 12,RY ( 1) C 7,1.71,2.02,0.052
mol_014_Z,sp2,1.6034,BD ( 1) C 6- C 12,RY ( 2) C 7,0.86,2.03,0.037
mol_014_Z,sp2,1.6034,BD ( 1) C 6- C 12,RY ( 2) C 10,0.51,2.28,0.03
mol_014_Z,sp2,1.6034,BD ( 1) C 6- C 12,RY ( 4) C 10,0.95,2.96,0.047
mol_014_Z,sp2,1.6034,BD ( 1) C 6- C 12,RY ( 3) C 12,0.53,2.55,0.033
mol_014_Z,sp2,1.6034,BD ( 1) C 6- C 12,RY ( 4) C 12,1.12,4.8,0.066
mol_014_Z,sp2,1.6034,BD ( 1) C 6- C 12,RY (11) C 12,0.66,4.35,0.048
mol_014_Z,sp2,1.6034,BD ( 2) C 6- C 12,BD*( 2) N 2- C 3,39.21,0.39,0.11
mol_014_Z,sp2,1.6034,BD ( 2) C 6- C 12,BD*( 1) C 5- H 17,2.2,0.82,0.038
mol_014_Z,sp2,1.6034,BD ( 2) C 6- C 12,BD*( 1) C 5- H 18,3.81,0.81,0.05
mol_014_Z,sp2,1.6034,BD ( 2) C 6- C 12,BD*( 2) C 7- C 8,24.54,0.4,0.089
mol_014_Z,sp2,1.6034,BD ( 2) C 6- C 12,BD*( 2) C 9- C 10,38.79,0.39,0.109
mol_014_Z,sp2,1.6034,BD ( 2) C 6- C 12,RY ( 3) C 3,0.53,2.11,0.03
mol_014_Z,sp2,1.6034,BD ( 2) C 6- C 12,RY ( 3) C 7,2.01,1.0,0.04
mol_014_Z,sp2,1.6034,BD ( 2) C 6- C 12,RY ( 5) C 10,1.11,1.78,0.04
mol_014_Z,sp2,1.6034,BD ( 1) C 7- C 8,BD*( 1) C 5- C 6,4.28,1.2,0.064
mol_014_Z,sp2,1.6034,BD ( 1) C 7- C 8,BD*( 1) C 6- C 7,2.91,1.37,0.056
mol_014_Z,sp2,1.6034,BD ( 1) C 7- C 8,BD*( 1) C 7- H 19,1.06,1.22,0.032
mol_014_Z,sp2,1.6034,BD ( 1) C 7- C 8,BD*( 1) C 8- C 9,1.79,1.34,0.044
mol_014_Z,sp2,1.6034,BD ( 1) C 7- C 8,BD*( 1) C 8- H 20,0.85,1.22,0.029
mol_014_Z,sp2,1.6034,BD ( 1) C 7- C 8,BD*( 1) C 9- H 21,2.29,1.21,0.047
mol_014_Z,sp2,1.6034,BD ( 1) C 7- C 8,RY ( 1) C 6,1.4,2.33,0.051
mol_014_Z,sp2,1.6034,BD ( 1) C 7- C 8,RY ( 2) C 6,0.62,2.09,0.032
mol_014_Z,sp2,1.6034,BD ( 1) C 7- C 8,RY ( 1) C 9,0.65,1.97,0.032
mol_014_Z,sp2,1.6034,BD ( 1) C 7- C 8,RY ( 2) C 9,1.52,1.91,0.048
mol_014_Z,sp2,1.6034,BD ( 1) C 7- C 8,RY ( 1) H 20,0.55,1.83,0.028
mol_014_Z,sp2,1.6034,BD ( 2) C 7- C 8,BD*( 2) C 6- C 12,49.44,0.38,0.122
mol_014_Z,sp2,1.6034,BD ( 2) C 7- C 8,BD*( 2) C 9- C 10,29.87,0.38,0.095
mol_014_Z,sp2,1.6034,BD ( 2) C 7- C 8,RY ( 4) C 6,0.51,1.95,0.028
mol_014_Z,sp2,1.6034,BD ( 2) C 7- C 8,RY ( 8) C 6,0.68,1.79,0.031
mol_014_Z,sp2,1.6034,BD ( 2) C 7- C 8,RY ( 3) C 7,0.77,0.99,0.025
mol_014_Z,sp2,1.6034,BD ( 2) C 7- C 8,RY ( 3) C 9,1.6,0.92,0.034
mol_014_Z,sp2,1.6034,BD ( 1) C 7- H 19,BD*( 1) C 6- C 7,0.91,1.24,0.03
mol_014_Z,sp2,1.6034,BD ( 1) C 7- H 19,BD*( 1) C 6- C 12,4.84,1.2,0.068
mol_014_Z,sp2,1.6034,BD ( 1) C 7- H 19,BD*( 1) C 7- C 8,0.67,1.23,0.026
mol_014_Z,sp2,1.6034,BD ( 1) C 7- H 19,BD*( 1) C 8- C 9,3.54,1.22,0.059
mol_014_Z,sp2,1.6034,BD ( 1) C 7- H 19,BD*( 1) C 8- H 20,0.88,1.1,0.028
mol_014_Z,sp2,1.6034,BD ( 1) C 7- H 19,RY ( 1) C 6,1.59,2.21,0.053
mol_014_Z,sp2,1.6034,BD ( 1) C 7- H 19,RY ( 1) C 8,1.21,1.87,0.042
mol_014_Z,sp2,1.6034,BD ( 1) C 8- C 9,BD*( 1) C 7- C 8,1.85,1.36,0.045
mol_014_Z,sp2,1.6034,BD ( 1) C 8- C 9,BD*( 1) C 7- H 19,2.4,1.22,0.048
mol_014_Z,sp2,1.6034,BD ( 1) C 8- C 9,BD*( 1) C 8- H 20,0.68,1.23,0.026
mol_014_Z,sp2,1.6034,BD ( 1) C 8- C 9,BD*( 1) C 9- C 10,1.9,1.34,0.045
mol_014_Z,sp2,1.6034,BD ( 1) C 8- C 9,BD*( 1) C 9- H 21,1.38,1.22,0.037
mol_014_Z,sp2,1.6034,BD ( 1) C 8- C 9,BD*( 1) C 10- F 11,4.54,1.05,0.062
mol_014_Z,sp2,1.6034,BD ( 1) C 8- C 9,RY ( 1) C 7,0.94,2.03,0.039
mol_014_Z,sp2,1.6034,BD ( 1) C 8- C 9,RY ( 2) C 7,1.63,2.04,0.052
mol_014_Z,sp2,1.6034,BD ( 1) C 8- C 9,RY ( 2) C 10,1.01,2.29,0.043
mol_014_Z,sp2,1.6034,BD ( 1) C 8- C 9,RY ( 4) C 10,0.95,2.97,0.047
mol_014_Z,sp2,1.6034,BD ( 1) C 8- C 9,RY ( 1) H 21,0.58,1.5,0.026
mol_014_Z,sp2,1.6034,BD ( 1) C 8- H 20,BD*( 1) C 6- C 7,3.48,1.25,0.059
mol_014_Z,sp2,1.6034,BD ( 1) C 8- H 20,BD*( 1) C 7- H 19,0.95,1.1,0.029
mol_014_Z,sp2,1.6034,BD ( 1) C 8- H 20,BD*( 1) C 9- C 10,3.4,1.21,0.057
mol_014_Z,sp2,1.6034,BD ( 1) C 8- H 20,BD*( 1) C 9- H 21,0.92,1.09,0.028
mol_014_Z,sp2,1.6034,BD ( 1) C 8- H 20,RY ( 1) C 7,0.98,1.9,0.038
mol_014_Z,sp2,1.6034,BD ( 1) C 8- H 20,RY ( 1) C 9,0.96,1.86,0.038
mol_014_Z,sp2,1.6034,BD ( 1) C 9- C 10,BD*( 1) C 3- C 12,3.95,1.26,0.063
mol_014_Z,sp2,1.6034,BD ( 1) C 9- C 10,BD*( 1) C 8- C 9,2.0,1.38,0.047
mol_014_Z,sp2,1.6034,BD ( 1) C 9- C 10,BD*( 1) C 8- H 20,2.04,1.26,0.045
mol_014_Z,sp2,1.6034,BD ( 1) C 9- C 10,BD*( 1) C 9- H 21,0.95,1.25,0.031
mol_014_Z,sp2,1.6034,BD ( 1) C 9- C 10,BD*( 1) C 10- C 12,3.98,1.34,0.065
mol_014_Z,sp2,1.6034,BD ( 1) C 9- C 10,RY ( 1) C 8,1.24,2.03,0.045
mol_014_Z,sp2,1.6034,BD ( 1) C 9- C 10,RY ( 2) C 8,1.25,2.25,0.047
mol_014_Z,sp2,1.6034,BD ( 1) C 9- C 10,RY ( 1) F 11,0.73,1.46,0.029
mol_014_Z,sp2,1.6034,BD ( 1) C 9- C 10,RY ( 3) F 11,0.51,1.76,0.027
mol_014_Z,sp2,1.6034,BD ( 1) C 9- C 10,RY ( 1) C 12,2.08,2.02,0.058
mol_014_Z,sp2,1.6034,BD ( 2) C 9- C 10,BD*( 2) C 6- C 12,29.05,0.4,0.096
mol_014_Z,sp2,1.6034,BD ( 2) C 9- C 10,BD*( 2) C 7- C 8,38.07,0.42,0.113
mol_014_Z,sp2,1.6034,BD ( 2) C 9- C 10,BD*( 2) C 9- C 10,0.97,0.4,0.018
mol_014_Z,sp2,1.6034,BD ( 2) C 9- C 10,RY ( 4) C 8,1.7,1.01,0.037
mol_014_Z,sp2,1.6034,BD ( 2) C 9- C 10,RY ( 2) F 11,1.47,1.09,0.036
mol_014_Z,sp2,1.6034,BD ( 1) C 9- H 21,BD*( 1) C 7- C 8,3.46,1.24,0.058
mol_014_Z,sp2,1.6034,BD ( 1) C 9- H 21,BD*( 1) C 8- C 9,0.81,1.23,0.028
mol_014_Z,sp2,1.6034,BD ( 1) C 9- H 21,BD*( 1) C 8- H 20,0.87,1.11,0.028
mol_014_Z,sp2,1.6034,BD ( 1) C 9- H 21,BD*( 1) C 9- C 10,0.54,1.22,0.023
mol_014_Z,sp2,1.6034,BD ( 1) C 9- H 21,BD*( 1) C 10- F 11,2.72,0.93,0.045
mol_014_Z,sp2,1.6034,BD ( 1) C 9- H 21,BD*( 1) C 10- C 12,3.89,1.19,0.061
mol_014_Z,sp2,1.6034,BD ( 1) C 9- H 21,RY ( 1) C 8,1.08,1.88,0.04
mol_014_Z,sp2,1.6034,BD ( 1) C 9- H 21,RY ( 1) C 10,0.67,1.73,0.03
mol_014_Z,sp2,1.6034,BD ( 1) C 10- F 11,BD*( 1) C 6- C 12,1.1,1.67,0.038
mol_014_Z,sp2,1.6034,BD ( 1) C 10- F 11,BD*( 1) C 8- C 9,0.98,1.68,0.036
mol_014_Z,sp2,1.6034,BD ( 1) C 10- C 12,BD*( 1) C 3- C 4,0.71,1.19,0.026
mol_014_Z,sp2,1.6034,BD ( 1) C 10- C 12,BD*( 1) C 3- C 12,3.52,1.27,0.06
mol_014_Z,sp2,1.6034,BD ( 1) C 10- C 12,BD*( 1) C 5- C 6,1.88,1.24,0.043
mol_014_Z,sp2,1.6034,BD ( 1) C 10- C 12,BD*( 1) C 6- C 12,4.05,1.37,0.066
mol_014_Z,sp2,1.6034,BD ( 1) C 10- C 12,BD*( 1) C 9- C 10,3.52,1.37,0.062
mol_014_Z,sp2,1.6034,BD ( 1) C 10- C 12,BD*( 1) C 9- H 21,1.65,1.25,0.041
mol_014_Z,sp2,1.6034,BD ( 1) C 10- C 12,RY ( 1) C 3,0.63,1.72,0.029
mol_014_Z,sp2,1.6034,BD ( 1) C 10- C 12,RY ( 5) C 3,0.98,3.48,0.052
mol_014_Z,sp2,1.6034,BD ( 1) C 10- C 12,RY ( 1) C 6,0.8,2.37,0.039
mol_014_Z,sp2,1.6034,BD ( 1) C 10- C 12,RY ( 2) C 6,0.71,2.13,0.035
mol_014_Z,sp2,1.6034,BD ( 1) C 10- C 12,RY ( 3) C 6,0.56,2.01,0.03
mol_014_Z,sp2,1.6034,BD ( 1) C 10- C 12,RY ( 7) C 6,0.87,4.81,0.058
mol_014_Z,sp2,1.6034,BD ( 1) C 10- C 12,RY ( 1) C 9,1.64,2.01,0.051
mol_014_Z,sp2,1.6034,BD ( 1) C 10- C 12,RY ( 2) C 9,0.65,1.94,0.032
mol_014_Z,sp2,1.6034,BD ( 1) C 10- C 12,RY ( 1) F 11,0.68,1.46,0.028
mol_014_Z,sp2,1.6034,BD ( 1) C 10- C 12,RY ( 2) C 12,0.52,2.23,0.03
mol_014_Z,sp2,1.6034,BD ( 1) C 10- C 12,RY ( 3) C 12,0.87,2.6,0.043
mol_014_Z,sp2,1.6034,BD ( 1) C 10- C 12,RY ( 4) C 12,0.87,4.85,0.058
mol_014_Z,sp2,1.6034,BD ( 1) C 10- C 12,RY (12) C 12,0.52,4.15,0.041
mol_014_Z,sp2,1.6034,BD ( 1) C 10- C 12,RY (16) C 12,0.98,5.99,0.068
mol_014_Z,sp2,1.6034,BD ( 1) C 10- C 12,RY (17) C 12,0.77,5.23,0.057
mol_014_Z,sp3,1.7034,LP ( 1) O 1,BD*( 1) C 3- C 4,0.81,1.1,0.027
mol_014_Z,sp3,1.7034,LP ( 1) O 1,RY ( 1) H 13,1.37,2.69,0.054
mol_014_Z,sp3,1.7034,LP ( 1) O 1,RY ( 1) H 14,1.33,2.59,0.052
mol_014_Z,sp3,1.7034,LP ( 1) N 2,BD*( 1) C 3- C 12,7.59,1.1,0.082
mol_014_Z,sp3,1.7034,LP ( 1) N 2,RY ( 1) C 3,7.97,1.48,0.097
mol_014_Z,sp3,1.7034,LP ( 1) F 11,BD*( 1) C 9- C 10,0.88,1.62,0.034
mol_014_Z,sp3,1.7034,LP ( 1) F 11,BD*( 1) C 10- C 12,0.88,1.59,0.033
mol_014_Z,sp3,1.7034,LP ( 1) F 11,RY ( 1) C 10,6.47,2.14,0.105
mol_014_Z,sp3,1.7034,LP ( 2) F 11,BD*( 1) C 8- C 9,0.53,1.18,0.022
mol_014_Z,sp3,1.7034,LP ( 2) F 11,BD*( 1) C 9- C 10,6.85,1.16,0.08
mol_014_Z,sp3,1.7034,LP ( 2) F 11,BD*( 1) C 10- C 12,7.85,1.14,0.084
mol_014_Z,sp3,1.7034,LP ( 2) F 11,RY ( 2) C 10,0.64,2.12,0.033
mol_014_Z,sp3,1.7034,LP ( 2) F 11,RY ( 4) C 10,1.17,2.8,0.051
mol_014_Z,sp3,1.7034,LP ( 3) F 11,BD*( 2) C 9- C 10,28.19,0.58,0.115
mol_014_Z,sp3,1.7034,LP ( 3) F 11,RY ( 3) C 10,2.14,2.02,0.059
mol_014_Z,sp3,1.7034,BD ( 1) O 1- N 2,BD*( 1) C 3- C 4,5.45,1.12,0.07
mol_014_Z,sp3,1.7034,BD ( 1) O 1- N 2,BD*( 1) C 3- C 12,1.7,1.21,0.041
mol_014_Z,sp3,1.7034,BD ( 1) O 1- N 2,RY ( 2) C 3,0.7,1.74,0.031
mol_014_Z,sp3,1.7034,BD ( 1) O 1- H 13,BD*( 2) N 2- C 3,0.62,0.93,0.021
mol_014_Z,sp3,1.7034,BD ( 1) N 2- C 3,BD*( 1) C 3- C 4,0.8,1.38,0.03
mol_014_Z,sp3,1.7034,BD ( 1) N 2- C 3,BD*( 1) C 3- C 12,2.72,1.47,0.056
mol_014_Z,sp3,1.7034,BD ( 1) N 2- C 3,RY ( 1) O 1,0.55,2.15,0.031
mol_014_Z,sp3,1.7034,BD ( 1) N 2- C 3,RY ( 1) C 4,0.7,1.74,0.031
mol_014_Z,sp3,1.7034,BD ( 1) N 2- C 3,RY ( 1) C 12,0.66,2.24,0.034
mol_014_Z,sp3,1.7034,BD ( 2) N 2- C 3,BD*( 1) C 4- C 5,0.51,0.92,0.019
mol_014_Z,sp3,1.7034,BD ( 2) N 2- C 3,BD*( 1) C 4- H 15,2.31,0.95,0.042
mol_014_Z,sp3,1.7034,BD ( 2) N 2- C 3,BD*( 2) C 6- C 12,4.61,0.53,0.044
mol_014_Z,sp3,1.7034,BD ( 1) C 3- C 4,BD*( 1) O 1- N 2,22.91,0.66,0.11
mol_014_Z,sp3,1.7034,BD ( 1) C 3- C 4,BD*( 1) N 2- C 3,1.14,1.3,0.034
mol_014_Z,sp3,1.7034,BD ( 1) C 3- C 4,BD*( 1) C 3- C 12,0.85,1.18,0.028
mol_014_Z,sp3,1.7034,BD ( 1) C 3- C 4,BD*( 1) C 5- C 6,0.52,1.15,0.022
mol_014_Z,sp3,1.7034,BD ( 1) C 3- C 4,BD*( 1) C 5- H 17,1.57,1.14,0.038
mol_014_Z,sp3,1.7034,BD ( 1) C 3- C 4,BD*( 1) C 10- C 12,3.79,1.26,0.062
mol_014_Z,sp3,1.7034,BD ( 1) C 3- C 4,RY ( 1) N 2,2.09,1.6,0.052
mol_014_Z,sp3,1.7034,BD ( 1) C 3- C 4,RY ( 3) C 5,0.66,1.77,0.03
mol_014_Z,sp3,1.7034,BD ( 1) C 3- C 4,RY ( 1) C 12,0.66,1.95,0.032
mol_014_Z,sp3,1.7034,BD ( 1) C 3- C 4,RY ( 2) C 12,0.51,2.15,0.03
mol_014_Z,sp3,1.7034,BD ( 1) C 3- C 12,BD*( 1) O 1- N 2,3.22,0.72,0.043
mol_014_Z,sp3,1.7034,BD ( 1) C 3- C 12,BD*( 1) N 2- C 3,1.67,1.37,0.043
mol_014_Z,sp3,1.7034,BD ( 1) C 3- C 12,BD*( 1) C 3- C 4,1.18,1.15,0.033
mol_014_Z,sp3,1.7034,BD ( 1) C 3- C 12,BD*( 1) C 4- H 16,0.92,1.2,0.03
mol_014_Z,sp3,1.7034,BD ( 1) C 3- C 12,BD*( 1) C 6- C 7,3.18,1.38,0.059
mol_014_Z,sp3,1.7034,BD ( 1) C 3- C 12,BD*( 1) C 6- C 12,2.38,1.34,0.05
mol_014_Z,sp3,1.7034,BD ( 1) C 3- C 12,BD*( 1) C 9- C 10,1.19,1.35,0.036
mol_014_Z,sp3,1.7034,BD ( 1) C 3- C 12,BD*( 1) C 10- F 11,0.58,1.06,0.022
mol_014_Z,sp3,1.7034,BD ( 1) C 3- C 12,BD*( 1) C 10- C 12,2.73,1.32,0.054
mol_014_Z,sp3,1.7034,BD ( 1) C 3- C 12,RY ( 1) N 2,1.42,1.67,0.043
mol_014_Z,sp3,1.7034,BD ( 1) C 3- C 12,RY ( 1) C 4,1.07,1.51,0.036
mol_014_Z,sp3,1.7034,BD ( 1) C 3- C 12,RY ( 1) C 6,1.27,2.35,0.049
mol_014_Z,sp3,1.7034,BD ( 1) C 3- C 12,RY ( 1) C 10,0.96,1.87,0.038
mol_014_Z,sp3,1.7034,BD ( 1) C 3- C 12,RY ( 7) C 10,0.82,3.42,0.047
mol_014_Z,sp3,1.7034,BD ( 1) C 4- C 5,BD*( 1) O 1- N 2,0.95,0.63,0.022
mol_014_Z,sp3,1.7034,BD ( 1) C 4- C 5,BD*( 1) N 2- C 3,2.59,1.27,0.051
mol_014_Z,sp3,1.7034,BD ( 1) C 4- C 5,BD*( 2) N 2- C 3,1.8,0.68,0.031
mol_014_Z,sp3,1.7034,BD ( 1) C 4- C 5,BD*( 1) C 5- C 6,0.63,1.12,0.024
mol_014_Z,sp3,1.7034,BD ( 1) C 4- C 5,BD*( 1) C 6- C 7,4.08,1.29,0.065
mol_014_Z,sp3,1.7034,BD ( 1) C 4- C 5,BD*( 1) C 6- C 12,0.52,1.25,0.023
mol_014_Z,sp3,1.7034,BD ( 1) C 4- C 5,RY ( 2) C 6,0.8,2.02,0.036
mol_014_Z,sp3,1.7034,BD ( 1) C 4- H 15,BD*( 2) N 2- C 3,10.58,0.62,0.073
mol_014_Z,sp3,1.7034,BD ( 1) C 4- H 15,BD*( 1) C 5- H 17,1.0,1.06,0.029
mol_014_Z,sp3,1.7034,BD ( 1) C 4- H 15,BD*( 1) C 5- H 18,2.18,1.05,0.043
mol_014_Z,sp3,1.7034,BD ( 1) C 4- H 15,RY ( 2) C 3,0.55,1.62,0.027
mol_014_Z,sp3,1.7034,BD ( 1) C 4- H 15,RY ( 1) C 5,0.76,1.41,0.029
mol_014_Z,sp3,1.7034,BD ( 1) C 4- H 16,BD*( 1) N 2- C 3,0.58,1.23,0.024
mol_014_Z,sp3,1.7034,BD ( 1) C 4- H 16,BD*( 2) N 2- C 3,2.09,0.64,0.033
mol_014_Z,sp3,1.7034,BD ( 1) C 4- H 16,BD*( 1) C 3- C 12,2.35,1.11,0.045
mol_014_Z,sp3,1.7034,BD ( 1) C 4- H 16,BD*( 1) C 5- C 6,1.25,1.08,0.033
mol_014_Z,sp3,1.7034,BD ( 1) C 4- H 16,BD*( 1) C 5- H 18,0.85,1.06,0.027
mol_014_Z,sp3,1.7034,BD ( 1) C 5- C 6,BD*( 1) C 3- C 4,0.75,1.08,0.025
mol_014_Z,sp3,1.7034,BD ( 1) C 5- C 6,BD*( 1) C 3- C 12,0.74,1.17,0.026
mol_014_Z,sp3,1.7034,BD ( 1) C 5- C 6,BD*( 1) C 4- C 5,0.51,1.09,0.021
mol_014_Z,sp3,1.7034,BD ( 1) C 5- C 6,BD*( 1) C 4- H 16,1.49,1.13,0.037
mol_014_Z,sp3,1.7034,BD ( 1) C 5- C 6,BD*( 1) C 5- H 17,0.67,1.14,0.025
mol_014_Z,sp3,1.7034,BD ( 1) C 5- C 6,BD*( 1) C 6- C 7,1.86,1.31,0.044
mol_014_Z,sp3,1.7034,BD ( 1) C 5- C 6,BD*( 1) C 6- C 12,1.06,1.27,0.033
mol_014_Z,sp3,1.7034,BD ( 1) C 5- C 6,BD*( 1) C 7- C 8,1.83,1.3,0.044
mol_014_Z,sp3,1.7034,BD ( 1) C 5- C 6,BD*( 1) C 10- C 12,3.28,1.25,0.057
mol_014_Z,sp3,1.7034,BD ( 1) C 5- C 6,RY ( 2) C 4,0.53,1.57,0.026
mol_014_Z,sp3,1.7034,BD ( 1) C 5- C 6,RY ( 1) C 7,1.8,1.97,0.053
mol_014_Z,sp3,1.7034,BD ( 1) C 5- C 6,RY ( 4) C 7,0.52,2.5,0.032
mol_014_Z,sp3,1.7034,BD ( 1) C 5- C 6,RY ( 1) C 12,0.57,1.95,0.03
mol_014_Z,sp3,1.7034,BD ( 1) C 5- H 17,BD*( 1) C 3- C 4,1.6,1.0,0.036
mol_014_Z,sp3,1.7034,BD ( 1) C 5- H 17,BD*( 1) C 4- H 15,1.0,1.03,0.029
mol_014_Z,sp3,1.7034,BD ( 1) C 5- H 17,BD*( 1) C 6- C 12,2.0,1.19,0.044
mol_014_Z,sp3,1.7034,BD ( 1) C 5- H 17,BD*( 2) C 6- C 12,4.36,0.62,0.046
mol_014_Z,sp3,1.7034,BD ( 1) C 5- H 17,RY ( 3) C 6,0.56,1.84,0.029
mol_014_Z,sp3,1.7034,BD ( 1) C 5- H 18,BD*( 1) C 4- H 15,2.2,1.03,0.042
mol_014_Z,sp3,1.7034,BD ( 1) C 5- H 18,BD*( 1) C 4- H 16,0.89,1.04,0.027
mol_014_Z,sp3,1.7034,BD ( 1) C 5- H 18,BD*( 1) C 6- C 12,0.61,1.18,0.024
mol_014_Z,sp3,1.7034,BD ( 1) C 5- H 18,BD*( 2) C 6- C 12,7.93,0.61,0.062
mol_014_Z,sp3,1.7034,BD ( 1) C 5- H 18,RY ( 1) C 4,0.68,1.36,0.027
mol_014_Z,sp3,1.7034,BD ( 1) C 6- C 7,BD*( 1) C 3- C 12,2.15,1.24,0.046
mol_014_Z,sp3,1.7034,BD ( 1) C 6- C 7,BD*( 1) C 4- C 5,0.5,1.15,0.021
mol_014_Z,sp3,1.7034,BD ( 1) C 6- C 7,BD*( 1) C 5- C 6,1.84,1.21,0.042
mol_014_Z,sp3,1.7034,BD ( 1) C 6- C 7,BD*( 1) C 6- C 12,2.61,1.33,0.053
mol_014_Z,sp3,1.7034,BD ( 1) C 6- C 7,BD*( 1) C 7- C 8,2.67,1.36,0.054
mol_014_Z,sp3,1.7034,BD ( 1) C 6- C 7,BD*( 1) C 7- H 19,1.4,1.23,0.037
mol_014_Z,sp3,1.7034,BD ( 1) C 6- C 7,BD*( 1) C 8- H 20,2.11,1.23,0.046
mol_014_Z,sp3,1.7034,BD ( 1) C 6- C 7,RY ( 1) C 5,0.68,1.56,0.029
mol_014_Z,sp3,1.7034,BD ( 1) C 6- C 7,RY ( 1) C 8,1.36,2.0,0.047
mol_014_Z,sp3,1.7034,BD ( 1) C 6- C 7,RY ( 2) C 8,1.12,2.23,0.045
mol_014_Z,sp3,1.7034,BD ( 1) C 6- C 7,RY ( 1) C 12,0.58,2.01,0.03
mol_014_Z,sp3,1.7034,BD ( 1) C 6- C 7,RY ( 2) C 12,0.88,2.21,0.039
mol_014_Z,sp3,1.7034,BD ( 1) C 6- C 7,RY ( 6) C 12,0.67,3.11,0.041
mol_014_Z,sp3,1.7034,BD ( 1) C 6- C 12,BD*( 1) N 2- C 3,4.68,1.35,0.071
mol_014_Z,sp3,1.7034,BD ( 1) C 6- C 12,BD*( 1) C 3- C 12,2.75,1.22,0.052
mol_014_Z,sp3,1.7034,BD ( 1) C 6- C 12,BD*( 1) C 5- C 6,0.96,1.2,0.03
mol_014_Z,sp3,1.7034,BD ( 1) C 6- C 12,BD*( 1) C 5- H 17,0.74,1.19,0.026
mol_014_Z,sp3,1.7034,BD ( 1) C 6- C 12,BD*( 1) C 6- C 7,2.59,1.36,0.053
mol_014_Z,sp3,1.7034,BD ( 1) C 6- C 12,BD*( 1) C 7- H 19,2.44,1.22,0.049
mol_014_Z,sp3,1.7034,BD ( 1) C 6- C 12,BD*( 1) C 10- F 11,4.77,1.04,0.063
mol_014_Z,sp3,1.7034,BD ( 1) C 6- C 12,BD*( 1) C 10- C 12,3.89,1.3,0.063
mol_014_Z,sp3,1.7034,BD ( 1) C 6- C 12,RY ( 2) C 3,1.48,1.75,0.045
mol_014_Z,sp3,1.7034,BD ( 1) C 6- C 12,RY ( 1) C 5,0.88,1.54,0.033
mol_014_Z,sp3,1.7034,BD ( 1) C 6- C 12,RY ( 1) C 7,1.72,2.02,0.053
mol_014_Z,sp3,1.7034,BD ( 1) C 6- C 12,RY ( 2) C 7,0.86,2.03,0.037
mol_014_Z,sp3,1.7034,BD ( 1) C 6- C 12,RY ( 2) C 10,0.5,2.28,0.03
mol_014_Z,sp3,1.7034,BD ( 1) C 6- C 12,RY ( 4) C 10,0.94,2.96,0.047
mol_014_Z,sp3,1.7034,BD ( 1) C 6- C 12,RY ( 4) C 12,1.16,5.02,0.068
mol_014_Z,sp3,1.7034,BD ( 1) C 6- C 12,RY (11) C 12,0.71,4.75,0.052
mol_014_Z,sp3,1.7034,BD ( 2) C 6- C 12,BD*( 2) N 2- C 3,39.67,0.39,0.111
mol_014_Z,sp3,1.7034,BD ( 2) C 6- C 12,BD*( 1) C 5- H 17,2.19,0.82,0.038
mol_014_Z,sp3,1.7034,BD ( 2) C 6- C 12,BD*( 1) C 5- H 18,3.79,0.81,0.049
mol_014_Z,sp3,1.7034,BD ( 2) C 6- C 12,BD*( 2) C 7- C 8,24.24,0.4,0.088
mol_014_Z,sp3,1.7034,BD ( 2) C 6- C 12,BD*( 2) C 9- C 10,38.54,0.39,0.109
mol_014_Z,sp3,1.7034,BD ( 2) C 6- C 12,RY ( 3) C 3,0.57,2.12,0.031
mol_014_Z,sp3,1.7034,BD ( 2) C 6- C 12,RY ( 3) C 7,2.0,1.0,0.04
mol_014_Z,sp3,1.7034,BD ( 2) C 6- C 12,RY ( 5) C 10,1.14,1.77,0.04
mol_014_Z,sp3,1.7034,BD ( 1) C 7- C 8,BD*( 1) C 5- C 6,4.29,1.2,0.064
mol_014_Z,sp3,1.7034,BD ( 1) C 7- C 8,BD*( 1) C 6- C 7,2.9,1.37,0.056
mol_014_Z,sp3,1.7034,BD ( 1) C 7- C 8,BD*( 1) C 7- H 19,1.06,1.22,0.032
mol_014_Z,sp3,1.7034,BD ( 1) C 7- C 8,BD*( 1) C 8- C 9,1.78,1.34,0.044
mol_014_Z,sp3,1.7034,BD ( 1) C 7- C 8,BD*( 1) C 8- H 20,0.84,1.22,0.029
mol_014_Z,sp3,1.7034,BD ( 1) C 7- C 8,BD*( 1) C 9- H 21,2.27,1.21,0.047
mol_014_Z,sp3,1.7034,BD ( 1) C 7- C 8,RY ( 1) C 6,1.4,2.33,0.051
mol_014_Z,sp3,1.7034,BD ( 1) C 7- C 8,RY ( 2) C 6,0.6,2.1,0.032
mol_014_Z,sp3,1.7034,BD ( 1) C 7- C 8,RY ( 1) C 9,0.64,1.98,0.032
mol_014_Z,sp3,1.7034,BD ( 1) C 7- C 8,RY ( 2) C 9,1.52,1.91,0.048
mol_014_Z,sp3,1.7034,BD ( 1) C 7- C 8,RY ( 1) H 20,0.55,1.83,0.028
mol_014_Z,sp3,1.7034,BD ( 2) C 7- C 8,BD*( 2) C 6- C 12,49.92,0.38,0.122
mol_014_Z,sp3,1.7034,BD ( 2) C 7- C 8,BD*( 2) C 9- C 10,29.77,0.38,0.095
mol_014_Z,sp3,1.7034,BD ( 2) C 7- C 8,RY ( 4) C 6,0.52,1.95,0.029
mol_014_Z,sp3,1.7034,BD ( 2) C 7- C 8,RY ( 8) C 6,0.68,1.78,0.031
mol_014_Z,sp3,1.7034,BD ( 2) C 7- C 8,RY ( 3) C 7,0.79,0.99,0.025
mol_014_Z,sp3,1.7034,BD ( 2) C 7- C 8,RY ( 3) C 9,1.61,0.92,0.034
mol_014_Z,sp3,1.7034,BD ( 1) C 7- H 19,BD*( 1) C 5- C 6,0.5,1.07,0.021
mol_014_Z,sp3,1.7034,BD ( 1) C 7- H 19,BD*( 1) C 6- C 7,0.91,1.24,0.03
mol_014_Z,sp3,1.7034,BD ( 1) C 7- H 19,BD*( 1) C 6- C 12,4.82,1.2,0.068
mol_014_Z,sp3,1.7034,BD ( 1) C 7- H 19,BD*( 1) C 7- C 8,0.67,1.23,0.026
mol_014_Z,sp3,1.7034,BD ( 1) C 7- H 19,BD*( 1) C 8- C 9,3.54,1.22,0.059
mol_014_Z,sp3,1.7034,BD ( 1) C 7- H 19,BD*( 1) C 8- H 20,0.88,1.1,0.028
mol_014_Z,sp3,1.7034,BD ( 1) C 7- H 19,RY ( 1) C 6,1.59,2.21,0.053
mol_014_Z,sp3,1.7034,BD ( 1) C 7- H 19,RY ( 1) C 8,1.21,1.87,0.042
mol_014_Z,sp3,1.7034,BD ( 1) C 8- C 9,BD*( 1) C 7- C 8,1.84,1.36,0.045
mol_014_Z,sp3,1.7034,BD ( 1) C 8- C 9,BD*( 1) C 7- H 19,2.39,1.22,0.048
mol_014_Z,sp3,1.7034,BD ( 1) C 8- C 9,BD*( 1) C 8- H 20,0.68,1.23,0.026
mol_014_Z,sp3,1.7034,BD ( 1) C 8- C 9,BD*( 1) C 9- C 10,1.89,1.34,0.045
mol_014_Z,sp3,1.7034,BD ( 1) C 8- C 9,BD*( 1) C 9- H 21,1.38,1.22,0.037
mol_014_Z,sp3,1.7034,BD ( 1) C 8- C 9,BD*( 1) C 10- F 11,4.56,1.05,0.062
mol_014_Z,sp3,1.7034,BD ( 1) C 8- C 9,RY ( 1) C 7,0.94,2.03,0.039
mol_014_Z,sp3,1.7034,BD ( 1) C 8- C 9,RY ( 2) C 7,1.63,2.04,0.052
mol_014_Z,sp3,1.7034,BD ( 1) C 8- C 9,RY ( 2) C 10,1.02,2.29,0.043
mol_014_Z,sp3,1.7034,BD ( 1) C 8- C 9,RY ( 4) C 10,0.96,2.97,0.048
mol_014_Z,sp3,1.7034,BD ( 1) C 8- C 9,RY ( 1) H 21,0.58,1.51,0.026
mol_014_Z,sp3,1.7034,BD ( 1) C 8- H 20,BD*( 1) C 6- C 7,3.49,1.25,0.059
mol_014_Z,sp3,1.7034,BD ( 1) C 8- H 20,BD*( 1) C 7- H 19,0.96,1.1,0.029
mol_014_Z,sp3,1.7034,BD ( 1) C 8- H 20,BD*( 1) C 9- C 10,3.4,1.21,0.057
mol_014_Z,sp3,1.7034,BD ( 1) C 8- H 20,BD*( 1) C 9- H 21,0.93,1.09,0.028
mol_014_Z,sp3,1.7034,BD ( 1) C 8- H 20,RY ( 1) C 7,0.98,1.9,0.038
mol_014_Z,sp3,1.7034,BD ( 1) C 8- H 20,RY ( 1) C 9,0.96,1.86,0.038
mol_014_Z,sp3,1.7034,BD ( 1) C 9- C 10,BD*( 1) C 3- C 12,4.0,1.26,0.063
mol_014_Z,sp3,1.7034,BD ( 1) C 9- C 10,BD*( 1) C 8- C 9,1.98,1.38,0.047
mol_014_Z,sp3,1.7034,BD ( 1) C 9- C 10,BD*( 1) C 8- H 20,2.03,1.26,0.045
mol_014_Z,sp3,1.7034,BD ( 1) C 9- C 10,BD*( 1) C 9- H 21,0.94,1.25,0.031
mol_014_Z,sp3,1.7034,BD ( 1) C 9- C 10,BD*( 1) C 10- C 12,3.97,1.34,0.065
mol_014_Z,sp3,1.7034,BD ( 1) C 9- C 10,RY ( 1) C 8,1.24,2.03,0.045
mol_014_Z,sp3,1.7034,BD ( 1) C 9- C 10,RY ( 2) C 8,1.24,2.25,0.047
mol_014_Z,sp3,1.7034,BD ( 1) C 9- C 10,RY ( 1) F 11,0.72,1.46,0.029
mol_014_Z,sp3,1.7034,BD ( 1) C 9- C 10,RY ( 3) F 11,0.53,1.78,0.027
mol_014_Z,sp3,1.7034,BD ( 1) C 9- C 10,RY ( 1) C 12,2.1,2.03,0.058
mol_014_Z,sp3,1.7034,BD ( 2) C 9- C 10,BD*( 2) C 6- C 12,29.11,0.4,0.096
mol_014_Z,sp3,1.7034,BD ( 2) C 9- C 10,BD*( 2) C 7- C 8,38.13,0.42,0.113
mol_014_Z,sp3,1.7034,BD ( 2) C 9- C 10,BD*( 2) C 9- C 10,1.0,0.4,0.018
mol_014_Z,sp3,1.7034,BD ( 2) C 9- C 10,RY ( 4) C 8,1.68,1.02,0.037
mol_014_Z,sp3,1.7034,BD ( 2) C 9- C 10,RY ( 2) F 11,1.48,1.09,0.036
mol_014_Z,sp3,1.7034,BD ( 2) C 9- C 10,RY ( 5) C 12,0.52,2.34,0.031
mol_014_Z,sp3,1.7034,BD ( 1) C 9- H 21,BD*( 1) C 7- C 8,3.46,1.24,0.058
mol_014_Z,sp3,1.7034,BD ( 1) C 9- H 21,BD*( 1) C 8- C 9,0.81,1.23,0.028
mol_014_Z,sp3,1.7034,BD ( 1) C 9- H 21,BD*( 1) C 8- H 20,0.87,1.11,0.028
mol_014_Z,sp3,1.7034,BD ( 1) C 9- H 21,BD*( 1) C 9- C 10,0.54,1.22,0.023
mol_014_Z,sp3,1.7034,BD ( 1) C 9- H 21,BD*( 1) C 10- F 11,2.71,0.93,0.045
mol_014_Z,sp3,1.7034,BD ( 1) C 9- H 21,BD*( 1) C 10- C 12,3.88,1.19,0.061
mol_014_Z,sp3,1.7034,BD ( 1) C 9- H 21,RY ( 1) C 8,1.08,1.88,0.04
mol_014_Z,sp3,1.7034,BD ( 1) C 9- H 21,RY ( 1) C 10,0.68,1.74,0.031
mol_014_Z,sp3,1.7034,BD ( 1) C 10- F 11,BD*( 1) C 6- C 12,1.1,1.67,0.038
mol_014_Z,sp3,1.7034,BD ( 1) C 10- F 11,BD*( 1) C 8- C 9,0.96,1.68,0.036
mol_014_Z,sp3,1.7034,BD ( 1) C 10- C 12,BD*( 1) C 3- C 4,0.74,1.18,0.026
mol_014_Z,sp3,1.7034,BD ( 1) C 10- C 12,BD*( 1) C 3- C 12,3.57,1.27,0.06
mol_014_Z,sp3,1.7034,BD ( 1) C 10- C 12,BD*( 1) C 5- C 6,1.84,1.24,0.043
mol_014_Z,sp3,1.7034,BD ( 1) C 10- C 12,BD*( 1) C 6- C 12,4.09,1.37,0.067
mol_014_Z,sp3,1.7034,BD ( 1) C 10- C 12,BD*( 1) C 9- C 10,3.51,1.37,0.062
mol_014_Z,sp3,1.7034,BD ( 1) C 10- C 12,BD*( 1) C 9- H 21,1.65,1.25,0.041
mol_014_Z,sp3,1.7034,BD ( 1) C 10- C 12,RY ( 1) C 3,0.57,1.65,0.027
mol_014_Z,sp3,1.7034,BD ( 1) C 10- C 12,RY ( 5) C 3,0.97,3.06,0.049
mol_014_Z,sp3,1.7034,BD ( 1) C 10- C 12,RY ( 1) C 6,0.78,2.37,0.038
mol_014_Z,sp3,1.7034,BD ( 1) C 10- C 12,RY ( 2) C 6,0.74,2.14,0.036
mol_014_Z,sp3,1.7034,BD ( 1) C 10- C 12,RY ( 3) C 6,0.59,2.02,0.031
mol_014_Z,sp3,1.7034,BD ( 1) C 10- C 12,RY ( 7) C 6,0.9,4.83,0.059
mol_014_Z,sp3,1.7034,BD ( 1) C 10- C 12,RY ( 1) C 9,1.64,2.02,0.051
mol_014_Z,sp3,1.7034,BD ( 1) C 10- C 12,RY ( 2) C 9,0.66,1.95,0.032
mol_014_Z,sp3,1.7034,BD ( 1) C 10- C 12,RY ( 1) F 11,0.7,1.46,0.028
mol_014_Z,sp3,1.7034,BD ( 1) C 10- C 12,RY ( 2) C 12,0.54,2.24,0.031
mol_014_Z,sp3,1.7034,BD ( 1) C 10- C 12,RY ( 3) C 12,0.82,2.42,0.04
mol_014_Z,sp3,1.7034,BD ( 1) C 10- C 12,RY ( 4) C 12,0.94,5.06,0.061
mol_014_Z,sp3,1.7034,BD ( 1) C 10- C 12,RY ( 9) C 12,0.5,4.15,0.041
mol_014_Z,sp3,1.7034,BD ( 1) C 10- C 12,RY (11) C 12,0.56,4.79,0.046
mol_014_Z,sp3,1.7034,BD ( 1) C 10- C 12,RY (16) C 12,1.04,5.96,0.07
mol_014_Z,sp3,1.7034,BD ( 1) C 10- C 12,RY (17) C 12,0.76,4.93,0.055
mol_014_Z,sp4,1.8034,LP ( 1) O 1,BD*( 1) C 3- C 4,0.59,1.09,0.023
mol_014_Z,sp4,1.8034,LP ( 1) O 1,RY ( 1) H 13,1.41,2.67,0.055
mol_014_Z,sp4,1.8034,LP ( 1) O 1,RY ( 1) H 14,1.3,2.57,0.052
mol_014_Z,sp4,1.8034,LP ( 1) N 2,BD*( 1) C 3- C 12,7.02,1.11,0.079
mol_014_Z,sp4,1.8034,LP ( 1) N 2,RY ( 1) C 3,8.92,1.45,0.102
mol_014_Z,sp4,1.8034,LP ( 1) F 11,BD*( 1) C 9- C 10,0.85,1.62,0.033
mol_014_Z,sp4,1.8034,LP ( 1) F 11,BD*( 1) C 10- C 12,0.91,1.59,0.034
mol_014_Z,sp4,1.8034,LP ( 1) F 11,RY ( 1) C 10,6.48,2.15,0.105
mol_014_Z,sp4,1.8034,LP ( 2) F 11,BD*( 1) C 8- C 9,0.53,1.18,0.022
mol_014_Z,sp4,1.8034,LP ( 2) F 11,BD*( 1) C 9- C 10,6.93,1.17,0.08
mol_014_Z,sp4,1.8034,LP ( 2) F 11,BD*( 1) C 10- C 12,7.81,1.14,0.084
mol_014_Z,sp4,1.8034,LP ( 2) F 11,RY ( 2) C 10,0.64,2.12,0.033
mol_014_Z,sp4,1.8034,LP ( 2) F 11,RY ( 4) C 10,1.17,2.81,0.051
mol_014_Z,sp4,1.8034,LP ( 3) F 11,BD*( 2) C 9- C 10,28.24,0.59,0.115
mol_014_Z,sp4,1.8034,LP ( 3) F 11,RY ( 3) C 10,2.15,2.03,0.059
mol_014_Z,sp4,1.8034,BD ( 1) O 1- N 2,BD*( 1) C 3- C 4,5.55,1.05,0.068
mol_014_Z,sp4,1.8034,BD ( 1) O 1- N 2,BD*( 1) C 3- C 12,1.96,1.15,0.042
mol_014_Z,sp4,1.8034,BD ( 1) O 1- N 2,RY ( 2) H 13,0.53,2.3,0.031
mol_014_Z,sp4,1.8034,BD ( 1) N 2- C 3,BD*( 1) C 3- C 4,0.75,1.37,0.029
mol_014_Z,sp4,1.8034,BD ( 1) N 2- C 3,BD*( 1) C 3- C 12,3.11,1.48,0.06
mol_014_Z,sp4,1.8034,BD ( 1) N 2- C 3,RY ( 1) C 4,0.78,1.74,0.033
mol_014_Z,sp4,1.8034,BD ( 1) N 2- C 3,RY ( 1) C 12,0.6,2.26,0.033
mol_014_Z,sp4,1.8034,BD ( 2) N 2- C 3,BD*( 1) C 4- H 15,2.23,0.95,0.041
mol_014_Z,sp4,1.8034,BD ( 2) N 2- C 3,BD*( 2) C 6- C 12,4.56,0.54,0.044
mol_014_Z,sp4,1.8034,BD ( 1) C 3- C 4,BD*( 1) O 1- N 2,30.42,0.61,0.122
mol_014_Z,sp4,1.8034,BD ( 1) C 3- C 4,BD*( 1) N 2- C 3,1.13,1.31,0.034
mol_014_Z,sp4,1.8034,BD ( 1) C 3- C 4,BD*( 1) C 3- C 12,0.84,1.17,0.028
mol_014_Z,sp4,1.8034,BD ( 1) C 3- C 4,BD*( 1) C 5- C 6,0.52,1.15,0.022
mol_014_Z,sp4,1.8034,BD ( 1) C 3- C 4,BD*( 1) C 5- H 17,1.58,1.13,0.038
mol_014_Z,sp4,1.8034,BD ( 1) C 3- C 4,BD*( 1) C 6- C 12,0.5,1.27,0.023
mol_014_Z,sp4,1.8034,BD ( 1) C 3- C 4,BD*( 1) C 10- C 12,3.86,1.25,0.062
mol_014_Z,sp4,1.8034,BD ( 1) C 3- C 4,RY ( 1) N 2,2.48,1.6,0.056
mol_014_Z,sp4,1.8034,BD ( 1) C 3- C 4,RY ( 3) C 5,0.67,1.76,0.031
mol_014_Z,sp4,1.8034,BD ( 1) C 3- C 4,RY ( 1) C 12,0.71,1.96,0.033
mol_014_Z,sp4,1.8034,BD ( 1) C 3- C 12,BD*( 1) O 1- N 2,3.82,0.69,0.046
mol_014_Z,sp4,1.8034,BD ( 1) C 3- C 12,BD*( 1) N 2- C 3,1.87,1.38,0.045
mol_014_Z,sp4,1.8034,BD ( 1) C 3- C 12,BD*( 1) C 3- C 4,1.28,1.14,0.034
mol_014_Z,sp4,1.8034,BD ( 1) C 3- C 12,BD*( 1) C 4- H 16,0.85,1.21,0.029
mol_014_Z,sp4,1.8034,BD ( 1) C 3- C 12,BD*( 1) C 6- C 7,3.11,1.39,0.059
mol_014_Z,sp4,1.8034,BD ( 1) C 3- C 12,BD*( 1) C 6- C 12,2.34,1.34,0.05
mol_014_Z,sp4,1.8034,BD ( 1) C 3- C 12,BD*( 1) C 9- C 10,1.16,1.35,0.035
mol_014_Z,sp4,1.8034,BD ( 1) C 3- C 12,BD*( 1) C 10- F 11,0.56,1.06,0.022
mol_014_Z,sp4,1.8034,BD ( 1) C 3- C 12,BD*( 1) C 10- C 12,2.63,1.32,0.053
mol_014_Z,sp4,1.8034,BD ( 1) C 3- C 12,RY ( 1) N 2,1.35,1.67,0.042
mol_014_Z,sp4,1.8034,BD ( 1) C 3- C 12,RY ( 1) C 4,1.02,1.51,0.035
mol_014_Z,sp4,1.8034,BD ( 1) C 3- C 12,RY ( 1) C 6,1.29,2.36,0.049
mol_014_Z,sp4,1.8034,BD ( 1) C 3- C 12,RY ( 1) C 10,0.97,1.88,0.038
mol_014_Z,sp4,1.8034,BD ( 1) C 3- C 12,RY ( 7) C 10,0.83,3.41,0.048
mol_014_Z,sp4,1.8034,BD ( 1) C 4- C 5,BD*( 1) O 1- N 2,1.24,0.59,0.024
mol_014_Z,sp4,1.8034,BD ( 1) C 4- C 5,BD*( 1) N 2- C 3,2.39,1.29,0.049
mol_014_Z,sp4,1.8034,BD ( 1) C 4- C 5,BD*( 2) N 2- C 3,1.65,0.68,0.03
mol_014_Z,sp4,1.8034,BD ( 1) C 4- C 5,BD*( 1) C 5- C 6,0.63,1.13,0.024
mol_014_Z,sp4,1.8034,BD ( 1) C 4- C 5,BD*( 1) C 6- C 7,4.07,1.29,0.065
mol_014_Z,sp4,1.8034,BD ( 1) C 4- C 5,BD*( 1) C 6- C 12,0.52,1.25,0.023
mol_014_Z,sp4,1.8034,BD ( 1) C 4- C 5,RY ( 4) C 3,0.52,2.46,0.032
mol_014_Z,sp4,1.8034,BD ( 1) C 4- C 5,RY ( 2) C 6,0.82,2.03,0.036
mol_014_Z,sp4,1.8034,BD ( 1) C 4- H 15,BD*( 2) N 2- C 3,10.04,0.63,0.071
mol_014_Z,sp4,1.8034,BD ( 1) C 4- H 15,BD*( 1) C 5- H 17,1.0,1.06,0.029
mol_014_Z,sp4,1.8034,BD ( 1) C 4- H 15,BD*( 1) C 5- H 18,2.16,1.05,0.043
mol_014_Z,sp4,1.8034,BD ( 1) C 4- H 15,RY ( 2) C 3,0.51,1.64,0.026
mol_014_Z,sp4,1.8034,BD ( 1) C 4- H 15,RY ( 1) C 5,0.79,1.42,0.03
mol_014_Z,sp4,1.8034,BD ( 1) C 4- H 16,BD*( 1) O 1- N 2,0.6,0.55,0.016
mol_014_Z,sp4,1.8034,BD ( 1) C 4- H 16,BD*( 1) N 2- C 3,0.55,1.24,0.023
mol_014_Z,sp4,1.8034,BD ( 1) C 4- H 16,BD*( 2) N 2- C 3,1.94,0.64,0.032
mol_014_Z,sp4,1.8034,BD ( 1) C 4- H 16,BD*( 1) C 3- C 12,2.15,1.11,0.044
mol_014_Z,sp4,1.8034,BD ( 1) C 4- H 16,BD*( 1) C 5- C 6,1.26,1.08,0.033
mol_014_Z,sp4,1.8034,BD ( 1) C 4- H 16,BD*( 1) C 5- H 18,0.85,1.06,0.027
mol_014_Z,sp4,1.8034,BD ( 1) C 5- C 6,BD*( 1) C 3- C 4,0.78,1.07,0.026
mol_014_Z,sp4,1.8034,BD ( 1) C 5- C 6,BD*( 1) C 3- C 12,0.74,1.18,0.026
mol_014_Z,sp4,1.8034,BD ( 1) C 5- C 6,BD*( 1) C 4- H 16,1.48,1.14,0.037
mol_014_Z,sp4,1.8034,BD ( 1) C 5- C 6,BD*( 1) C 5- H 17,0.69,1.14,0.025
mol_014_Z,sp4,1.8034,BD ( 1) C 5- C 6,BD*( 1) C 6- C 7,1.88,1.32,0.044
mol_014_Z,sp4,1.8034,BD ( 1) C 5- C 6,BD*( 1) C 6- C 12,1.05,1.27,0.033
mol_014_Z,sp4,1.8034,BD ( 1) C 5- C 6,BD*( 1) C 7- C 8,1.82,1.3,0.043
mol_014_Z,sp4,1.8034,BD ( 1) C 5- C 6,BD*( 1) C 10- C 12,3.29,1.25,0.057
mol_014_Z,sp4,1.8034,BD ( 1) C 5- C 6,RY ( 2) C 4,0.62,1.57,0.028
mol_014_Z,sp4,1.8034,BD ( 1) C 5- C 6,RY ( 1) C 7,1.8,1.98,0.053
mol_014_Z,sp4,1.8034,BD ( 1) C 5- C 6,RY ( 4) C 7,0.52,2.5,0.032
mol_014_Z,sp4,1.8034,BD ( 1) C 5- C 6,RY ( 1) C 12,0.58,1.96,0.03
mol_014_Z,sp4,1.8034,BD ( 1) C 5- H 17,BD*( 1) C 3- C 4,1.7,0.98,0.036
mol_014_Z,sp4,1.8034,BD ( 1) C 5- H 17,BD*( 1) C 4- H 15,1.02,1.03,0.029
mol_014_Z,sp4,1.8034,BD ( 1) C 5- H 17,BD*( 1) C 6- C 12,2.01,1.19,0.044
mol_014_Z,sp4,1.8034,BD ( 1) C 5- H 17,BD*( 2) C 6- C 12,4.31,0.61,0.046
mol_014_Z,sp4,1.8034,BD ( 1) C 5- H 17,RY ( 3) C 6,0.57,1.87,0.029
mol_014_Z,sp4,1.8034,BD ( 1) C 5- H 18,BD*( 1) C 4- H 15,2.24,1.03,0.043
mol_014_Z,sp4,1.8034,BD ( 1) C 5- H 18,BD*( 1) C 4- H 16,0.89,1.04,0.027
mol_014_Z,sp4,1.8034,BD ( 1) C 5- H 18,BD*( 1) C 6- C 12,0.6,1.18,0.024
mol_014_Z,sp4,1.8034,BD ( 1) C 5- H 18,BD*( 2) C 6- C 12,8.07,0.61,0.063
mol_014_Z,sp4,1.8034,BD ( 1) C 5- H 18,RY ( 1) C 4,0.67,1.34,0.027
mol_014_Z,sp4,1.8034,BD ( 1) C 6- C 7,BD*( 1) C 3- C 12,2.2,1.24,0.047
mol_014_Z,sp4,1.8034,BD ( 1) C 6- C 7,BD*( 1) C 4- C 5,0.52,1.15,0.022
mol_014_Z,sp4,1.8034,BD ( 1) C 6- C 7,BD*( 1) C 5- C 6,1.86,1.21,0.042
mol_014_Z,sp4,1.8034,BD ( 1) C 6- C 7,BD*( 1) C 6- C 12,2.62,1.33,0.053
mol_014_Z,sp4,1.8034,BD ( 1) C 6- C 7,BD*( 1) C 7- C 8,2.65,1.36,0.054
mol_014_Z,sp4,1.8034,BD ( 1) C 6- C 7,BD*( 1) C 7- H 19,1.39,1.23,0.037
mol_014_Z,sp4,1.8034,BD ( 1) C 6- C 7,BD*( 1) C 8- H 20,2.1,1.23,0.045
mol_014_Z,sp4,1.8034,BD ( 1) C 6- C 7,RY ( 1) C 5,0.66,1.56,0.029
mol_014_Z,sp4,1.8034,BD ( 1) C 6- C 7,RY ( 1) C 8,1.36,2.0,0.047
mol_014_Z,sp4,1.8034,BD ( 1) C 6- C 7,RY ( 2) C 8,1.12,2.23,0.045
mol_014_Z,sp4,1.8034,BD ( 1) C 6- C 7,RY ( 1) C 12,0.58,2.02,0.031
mol_014_Z,sp4,1.8034,BD ( 1) C 6- C 7,RY ( 2) C 12,0.89,2.26,0.04
mol_014_Z,sp4,1.8034,BD ( 1) C 6- C 7,RY ( 6) C 12,0.59,3.16,0.039
mol_014_Z,sp4,1.8034,BD ( 1) C 6- C 12,BD*( 1) N 2- C 3,4.84,1.36,0.072
mol_014_Z,sp4,1.8034,BD ( 1) C 6- C 12,BD*( 1) C 3- C 12,2.75,1.22,0.052
mol_014_Z,sp4,1.8034,BD ( 1) C 6- C 12,BD*( 1) C 5- C 6,0.97,1.2,0.03
mol_014_Z,sp4,1.8034,BD ( 1) C 6- C 12,BD*( 1) C 5- H 17,0.75,1.19,0.027
mol_014_Z,sp4,1.8034,BD ( 1) C 6- C 12,BD*( 1) C 6- C 7,2.58,1.36,0.053
mol_014_Z,sp4,1.8034,BD ( 1) C 6- C 12,BD*( 1) C 7- H 19,2.43,1.22,0.049
mol_014_Z,sp4,1.8034,BD ( 1) C 6- C 12,BD*( 1) C 10- F 11,4.68,1.04,0.062
mol_014_Z,sp4,1.8034,BD ( 1) C 6- C 12,BD*( 1) C 10- C 12,3.92,1.3,0.064
mol_014_Z,sp4,1.8034,BD ( 1) C 6- C 12,RY ( 2) C 3,1.43,1.77,0.045
mol_014_Z,sp4,1.8034,BD ( 1) C 6- C 12,RY ( 1) C 5,0.91,1.55,0.033
mol_014_Z,sp4,1.8034,BD ( 1) C 6- C 12,RY ( 1) C 7,1.73,2.02,0.053
mol_014_Z,sp4,1.8034,BD ( 1) C 6- C 12,RY ( 2) C 7,0.86,2.03,0.037
mol_014_Z,sp4,1.8034,BD ( 1) C 6- C 12,RY ( 4) C 10,0.94,2.97,0.047
mol_014_Z,sp4,1.8034,BD ( 1) C 6- C 12,RY ( 4) C 12,1.17,5.19,0.07
mol_014_Z,sp4,1.8034,BD ( 1) C 6- C 12,RY (11) C 12,0.72,4.81,0.053
mol_014_Z,sp4,1.8034,BD ( 2) C 6- C 12,BD*( 2) N 2- C 3,40.34,0.39,0.112
mol_014_Z,sp4,1.8034,BD ( 2) C 6- C 12,BD*( 1) C 5- H 17,2.2,0.82,0.038
mol_014_Z,sp4,1.8034,BD ( 2) C 6- C 12,BD*( 1) C 5- H 18,3.75,0.81,0.049
mol_014_Z,sp4,1.8034,BD ( 2) C 6- C 12,BD*( 2) C 7- C 8,23.88,0.4,0.088
mol_014_Z,sp4,1.8034,BD ( 2) C 6- C 12,BD*( 2) C 9- C 10,38.3,0.39,0.109
mol_014_Z,sp4,1.8034,BD ( 2) C 6- C 12,RY ( 3) C 3,0.7,2.08,0.034
mol_014_Z,sp4,1.8034,BD ( 2) C 6- C 12,RY ( 3) C 7,1.98,1.01,0.04
mol_014_Z,sp4,1.8034,BD ( 2) C 6- C 12,RY ( 5) C 10,1.18,1.76,0.041
mol_014_Z,sp4,1.8034,BD ( 1) C 7- C 8,BD*( 1) C 5- C 6,4.31,1.2,0.064
mol_014_Z,sp4,1.8034,BD ( 1) C 7- C 8,BD*( 1) C 6- C 7,2.88,1.37,0.056
mol_014_Z,sp4,1.8034,BD ( 1) C 7- C 8,BD*( 1) C 7- H 19,1.07,1.22,0.032
mol_014_Z,sp4,1.8034,BD ( 1) C 7- C 8,BD*( 1) C 8- C 9,1.76,1.34,0.043
mol_014_Z,sp4,1.8034,BD ( 1) C 7- C 8,BD*( 1) C 8- H 20,0.84,1.22,0.029
mol_014_Z,sp4,1.8034,BD ( 1) C 7- C 8,BD*( 1) C 9- H 21,2.26,1.21,0.047
mol_014_Z,sp4,1.8034,BD ( 1) C 7- C 8,RY ( 1) C 6,1.4,2.34,0.051
mol_014_Z,sp4,1.8034,BD ( 1) C 7- C 8,RY ( 2) C 6,0.59,2.1,0.032
mol_014_Z,sp4,1.8034,BD ( 1) C 7- C 8,RY ( 1) C 9,0.64,1.99,0.032
mol_014_Z,sp4,1.8034,BD ( 1) C 7- C 8,RY ( 2) C 9,1.52,1.92,0.048
mol_014_Z,sp4,1.8034,BD ( 1) C 7- C 8,RY ( 1) H 20,0.55,1.85,0.028
mol_014_Z,sp4,1.8034,BD ( 2) C 7- C 8,BD*( 2) C 6- C 12,50.55,0.37,0.123
mol_014_Z,sp4,1.8034,BD ( 2) C 7- C 8,BD*( 2) C 9- C 10,29.69,0.38,0.094
mol_014_Z,sp4,1.8034,BD ( 2) C 7- C 8,RY ( 4) C 6,0.54,1.96,0.029
mol_014_Z,sp4,1.8034,BD ( 2) C 7- C 8,RY ( 8) C 6,0.68,1.77,0.031
mol_014_Z,sp4,1.8034,BD ( 2) C 7- C 8,RY ( 3) C 7,0.8,1.0,0.025
mol_014_Z,sp4,1.8034,BD ( 2) C 7- C 8,RY ( 3) C 9,1.62,0.92,0.035
mol_014_Z,sp4,1.8034,BD ( 1) C 7- H 19,BD*( 1) C 5- C 6,0.5,1.08,0.021
mol_014_Z,sp4,1.8034,BD ( 1) C 7- H 19,BD*( 1) C 6- C 7,0.91,1.24,0.03
mol_014_Z,sp4,1.8034,BD ( 1) C 7- H 19,BD*( 1) C 6- C 12,4.81,1.2,0.068
mol_014_Z,sp4,1.8034,BD ( 1) C 7- H 19,BD*( 1) C 7- C 8,0.68,1.23,0.026
mol_014_Z,sp4,1.8034,BD ( 1) C 7- H 19,BD*( 1) C 8- C 9,3.55,1.22,0.059
mol_014_Z,sp4,1.8034,BD ( 1) C 7- H 19,BD*( 1) C 8- H 20,0.89,1.1,0.028
mol_014_Z,sp4,1.8034,BD ( 1) C 7- H 19,RY ( 1) C 6,1.58,2.21,0.053
mol_014_Z,sp4,1.8034,BD ( 1) C 7- H 19,RY ( 1) C 8,1.2,1.87,0.042
mol_014_Z,sp4,1.8034,BD ( 1) C 8- C 9,BD*( 1) C 7- C 8,1.82,1.36,0.044
mol_014_Z,sp4,1.8034,BD ( 1) C 8- C 9,BD*( 1) C 7- H 19,2.38,1.22,0.048
mol_014_Z,sp4,1.8034,BD ( 1) C 8- C 9,BD*( 1) C 8- H 20,0.67,1.23,0.026
mol_014_Z,sp4,1.8034,BD ( 1) C 8- C 9,BD*( 1) C 9- C 10,1.87,1.34,0.045
mol_014_Z,sp4,1.8034,BD ( 1) C 8- C 9,BD*( 1) C 9- H 21,1.38,1.22,0.037
mol_014_Z,sp4,1.8034,BD ( 1) C 8- C 9,BD*( 1) C 10- F 11,4.59,1.05,0.062
mol_014_Z,sp4,1.8034,BD ( 1) C 8- C 9,RY ( 1) C 7,0.94,2.03,0.039
mol_014_Z,sp4,1.8034,BD ( 1) C 8- C 9,RY ( 2) C 7,1.64,2.04,0.052
mol_014_Z,sp4,1.8034,BD ( 1) C 8- C 9,RY ( 2) C 10,1.03,2.29,0.043
mol_014_Z,sp4,1.8034,BD ( 1) C 8- C 9,RY ( 4) C 10,0.98,2.98,0.048
mol_014_Z,sp4,1.8034,BD ( 1) C 8- C 9,RY ( 1) H 21,0.57,1.51,0.026
mol_014_Z,sp4,1.8034,BD ( 1) C 8- H 20,BD*( 1) C 6- C 7,3.5,1.25,0.059
mol_014_Z,sp4,1.8034,BD ( 1) C 8- H 20,BD*( 1) C 7- H 19,0.96,1.1,0.029
mol_014_Z,sp4,1.8034,BD ( 1) C 8- H 20,BD*( 1) C 9- C 10,3.41,1.21,0.057
mol_014_Z,sp4,1.8034,BD ( 1) C 8- H 20,BD*( 1) C 9- H 21,0.93,1.09,0.028
mol_014_Z,sp4,1.8034,BD ( 1) C 8- H 20,RY ( 1) C 7,0.97,1.91,0.038
mol_014_Z,sp4,1.8034,BD ( 1) C 8- H 20,RY ( 1) C 9,0.97,1.87,0.038
mol_014_Z,sp4,1.8034,BD ( 1) C 9- C 10,BD*( 1) C 3- C 12,4.04,1.26,0.064
mol_014_Z,sp4,1.8034,BD ( 1) C 9- C 10,BD*( 1) C 8- C 9,1.96,1.38,0.046
mol_014_Z,sp4,1.8034,BD ( 1) C 9- C 10,BD*( 1) C 8- H 20,2.02,1.26,0.045
mol_014_Z,sp4,1.8034,BD ( 1) C 9- C 10,BD*( 1) C 9- H 21,0.94,1.25,0.031
mol_014_Z,sp4,1.8034,BD ( 1) C 9- C 10,BD*( 1) C 10- C 12,3.96,1.34,0.065
mol_014_Z,sp4,1.8034,BD ( 1) C 9- C 10,RY ( 1) C 8,1.25,2.03,0.045
mol_014_Z,sp4,1.8034,BD ( 1) C 9- C 10,RY ( 2) C 8,1.24,2.25,0.047
mol_014_Z,sp4,1.8034,BD ( 1) C 9- C 10,RY ( 1) F 11,0.72,1.47,0.029
mol_014_Z,sp4,1.8034,BD ( 1) C 9- C 10,RY ( 3) F 11,0.55,1.79,0.028
mol_014_Z,sp4,1.8034,BD ( 1) C 9- C 10,RY ( 1) C 12,2.12,2.05,0.059
mol_014_Z,sp4,1.8034,BD ( 2) C 9- C 10,BD*( 2) C 6- C 12,29.18,0.4,0.096
mol_014_Z,sp4,1.8034,BD ( 2) C 9- C 10,BD*( 2) C 7- C 8,38.12,0.42,0.113
mol_014_Z,sp4,1.8034,BD ( 2) C 9- C 10,BD*( 2) C 9- C 10,1.03,0.4,0.018
mol_014_Z,sp4,1.8034,BD ( 2) C 9- C 10,RY ( 4) C 8,1.66,1.02,0.037
mol_014_Z,sp4,1.8034,BD ( 2) C 9- C 10,RY ( 2) F 11,1.49,1.07,0.036
mol_014_Z,sp4,1.8034,BD ( 1) C 9- H 21,BD*( 1) C 7- C 8,3.47,1.23,0.058
mol_014_Z,sp4,1.8034,BD ( 1) C 9- H 21,BD*( 1) C 8- C 9,0.82,1.23,0.028
mol_014_Z,sp4,1.8034,BD ( 1) C 9- H 21,BD*( 1) C 8- H 20,0.87,1.11,0.028
mol_014_Z,sp4,1.8034,BD ( 1) C 9- H 21,BD*( 1) C 9- C 10,0.53,1.22,0.023
mol_014_Z,sp4,1.8034,BD ( 1) C 9- H 21,BD*( 1) C 10- F 11,2.71,0.93,0.045
mol_014_Z,sp4,1.8034,BD ( 1) C 9- H 21,BD*( 1) C 10- C 12,3.86,1.19,0.06
mol_014_Z,sp4,1.8034,BD ( 1) C 9- H 21,RY ( 1) C 8,1.08,1.88,0.04
mol_014_Z,sp4,1.8034,BD ( 1) C 9- H 21,RY ( 1) C 10,0.68,1.74,0.031
mol_014_Z,sp4,1.8034,BD ( 1) C 10- F 11,BD*( 1) C 6- C 12,1.11,1.67,0.038
mol_014_Z,sp4,1.8034,BD ( 1) C 10- F 11,BD*( 1) C 8- C 9,0.95,1.69,0.036
mol_014_Z,sp4,1.8034,BD ( 1) C 10- C 12,BD*( 1) C 3- C 4,0.77,1.16,0.027
mol_014_Z,sp4,1.8034,BD ( 1) C 10- C 12,BD*( 1) C 3- C 12,3.62,1.27,0.06
mol_014_Z,sp4,1.8034,BD ( 1) C 10- C 12,BD*( 1) C 5- C 6,1.81,1.24,0.042
mol_014_Z,sp4,1.8034,BD ( 1) C 10- C 12,BD*( 1) C 6- C 12,4.14,1.37,0.067
mol_014_Z,sp4,1.8034,BD ( 1) C 10- C 12,BD*( 1) C 9- C 10,3.49,1.37,0.062
mol_014_Z,sp4,1.8034,BD ( 1) C 10- C 12,BD*( 1) C 9- H 21,1.66,1.25,0.041
mol_014_Z,sp4,1.8034,BD ( 1) C 10- C 12,RY ( 1) C 3,0.56,1.61,0.027
mol_014_Z,sp4,1.8034,BD ( 1) C 10- C 12,RY ( 5) C 3,0.82,2.75,0.043
mol_014_Z,sp4,1.8034,BD ( 1) C 10- C 12,RY ( 1) C 6,0.76,2.38,0.038
mol_014_Z,sp4,1.8034,BD ( 1) C 10- C 12,RY ( 2) C 6,0.77,2.14,0.036
mol_014_Z,sp4,1.8034,BD ( 1) C 10- C 12,RY ( 3) C 6,0.62,2.05,0.032
mol_014_Z,sp4,1.8034,BD ( 1) C 10- C 12,RY ( 7) C 6,0.93,4.83,0.06
mol_014_Z,sp4,1.8034,BD ( 1) C 10- C 12,RY ( 1) C 9,1.63,2.03,0.051
mol_014_Z,sp4,1.8034,BD ( 1) C 10- C 12,RY ( 2) C 9,0.67,1.96,0.032
mol_014_Z,sp4,1.8034,BD ( 1) C 10- C 12,RY ( 1) F 11,0.71,1.47,0.029
mol_014_Z,sp4,1.8034,BD ( 1) C 10- C 12,RY ( 2) C 12,0.59,2.29,0.033
mol_014_Z,sp4,1.8034,BD ( 1) C 10- C 12,RY ( 3) C 12,0.75,2.25,0.037
mol_014_Z,sp4,1.8034,BD ( 1) C 10- C 12,RY ( 4) C 12,1.0,5.23,0.065
mol_014_Z,sp4,1.8034,BD ( 1) C 10- C 12,RY ( 9) C 12,0.57,4.47,0.045
mol_014_Z,sp4,1.8034,BD ( 1) C 10- C 12,RY (11) C 12,0.59,4.85,0.048
mol_014_Z,sp4,1.8034,BD ( 1) C 10- C 12,RY (16) C 12,1.23,7.13,0.084
mol_020_E,nbo,1.5029,LP ( 1) N 12,BD*( 1) C 5- C 11,0.6,1.07,0.022
mol_020_E,nbo,1.5029,LP ( 1) N 12,BD*( 1) C 10- C 11,7.15,1.01,0.076
mol_020_E,nbo,1.5029,LP ( 1) N 12,RY ( 1) C 11,6.42,1.6,0.09
mol_020_E,nbo,1.5029,LP ( 1) N 12,RY ( 9) N 12,0.51,3.27,0.036
mol_020_E,nbo,1.5029,LP ( 1) N 12,RY (15) N 12,0.67,11.97,0.08
mol_020_E,nbo,1.5029,LP ( 1) N 12,RY (16) N 12,0.65,7.89,0.064
mol_020_E,nbo,1.5029,LP ( 1) N 12,RY ( 3) O 13,0.51,2.59,0.033
mol_020_E,nbo,1.5029,LP ( 1) O 13,BD*( 1) C 5- C 11,0.79,1.18,0.027
mol_020_E,nbo,1.5029,LP ( 1) O 13,BD*( 1) C 9- C 10,0.77,1.12,0.026
mol_020_E,nbo,1.5029,LP ( 1) O 13,BD*( 2) C 11- N 12,1.43,0.71,0.028
mol_020_E,nbo,1.5029,LP ( 1) O 13,RY ( 1) H 26,1.23,2.65,0.051
mol_020_E,nbo,1.5029,LP ( 1) O 13,RY ( 1) H 27,1.26,2.61,0.051
mol_020_E,nbo,1.5029,BD ( 1) C 1- C 2,BD*( 1) C 1- H 15,0.5,1.12,0.021
mol_020_E,nbo,1.5029,BD ( 1) C 1- C 2,BD*( 1) C 2- C 3,1.3,1.29,0.037
mol_020_E,nbo,1.5029,BD ( 1) C 1- C 2,BD*( 1) C 2- C 7,1.47,1.3,0.039
mol_020_E,nbo,1.5029,BD ( 1) C 1- C 2,BD*( 1) C 3- C 4,2.34,1.31,0.049
mol_020_E,nbo,1.5029,BD ( 1) C 1- C 2,BD*( 1) C 6- C 7,2.59,1.3,0.052
mol_020_E,nbo,1.5029,BD ( 1) C 1- C 2,BD*( 1) C 7- H 19,0.51,1.16,0.022
mol_020_E,nbo,1.5029,BD ( 1) C 1- C 2,RY ( 1) C 3,1.64,1.93,0.05
mol_020_E,nbo,1.5029,BD ( 1) C 1- C 2,RY ( 1) C 7,1.25,1.9,0.044
mol_020_E,nbo,1.5029,BD ( 1) C 1- C 2,RY ( 2) C 7,0.65,1.67,0.03
mol_020_E,nbo,1.5029,BD ( 1) C 1- H 14,BD*( 1) C 2- C 3,4.63,1.2,0.067
mol_020_E,nbo,1.5029,BD ( 1) C 1- H 15,BD*( 1) C 2- C 7,1.36,1.21,0.036
mol_020_E,nbo,1.5029,BD ( 1) C 1- H 15,BD*( 2) C 2- C 7,7.35,0.64,0.061
mol_020_E,nbo,1.5029,BD ( 1) C 1- H 15,RY ( 3) C 2,0.76,1.44,0.029
mol_020_E,nbo,1.5029,BD ( 1) C 1- H 16,BD*( 1) C 2- C 7,2.62,1.21,0.05
mol_020_E,nbo,1.5029,BD ( 1) C 1- H 16,BD*( 2) C 2- C 7,4.7,0.64,0.049
mol_020_E,nbo,1.5029,BD ( 1) C 2- C 3,BD*( 1) C 1- C 2,1.31,1.19,0.035
mol_020_E,nbo,1.5029,BD ( 1) C 2- C 3,BD*( 1) C 1- H 14,0.92,1.18,0.029
mol_020_E,nbo,1.5029,BD ( 1) C 2- C 3,BD*( 1) C 2- C 7,2.29,1.35,0.05
mol_020_E,nbo,1.5029,BD ( 1) C 2- C 3,BD*( 1) C 3- C 4,2.59,1.35,0.053
mol_020_E,nbo,1.5029,BD ( 1) C 2- C 3,BD*( 1) C 3- H 17,1.07,1.21,0.032
mol_020_E,nbo,1.5029,BD ( 1) C 2- C 3,BD*( 1) C 4- H 18,2.33,1.21,0.047
mol_020_E,nbo,1.5029,BD ( 1) C 2- C 3,BD*( 1) C 7- H 19,2.85,1.21,0.052
mol_020_E,nbo,1.5029,BD ( 1) C 2- C 3,RY ( 1) C 1,1.41,1.36,0.039
mol_020_E,nbo,1.5029,BD ( 1) C 2- C 3,RY ( 1) C 4,0.76,1.97,0.035
mol_020_E,nbo,1.5029,BD ( 1) C 2- C 3,RY ( 2) C 4,1.72,1.83,0.05
mol_020_E,nbo,1.5029,BD ( 1) C 2- C 3,RY ( 1) C 7,1.02,1.95,0.04
mol_020_E,nbo,1.5029,BD ( 1) C 2- C 3,RY ( 2) C 7,0.7,1.72,0.031
mol_020_E,nbo,1.5029,BD ( 1) C 2- C 7,BD*( 1) C 1- C 2,1.46,1.2,0.037
mol_020_E,nbo,1.5029,BD ( 1) C 2- C 7,BD*( 1) C 1- H 16,0.55,1.17,0.023
mol_020_E,nbo,1.5029,BD ( 1) C 2- C 7,BD*( 1) C 2- C 3,2.42,1.34,0.051
mol_020_E,nbo,1.5029,BD ( 1) C 2- C 7,BD*( 1) C 3- H 17,2.56,1.21,0.05
mol_020_E,nbo,1.5029,BD ( 1) C 2- C 7,BD*( 1) C 6- C 7,3.62,1.35,0.062
mol_020_E,nbo,1.5029,BD ( 1) C 2- C 7,BD*( 1) C 6- C 8,2.97,1.2,0.053
mol_020_E,nbo,1.5029,BD ( 1) C 2- C 7,BD*( 1) C 7- H 19,1.28,1.21,0.035
mol_020_E,nbo,1.5029,BD ( 1) C 2- C 7,RY ( 1) C 1,1.01,1.36,0.033
mol_020_E,nbo,1.5029,BD ( 1) C 2- C 7,RY ( 1) C 3,1.08,1.98,0.041
mol_020_E,nbo,1.5029,BD ( 1) C 2- C 7,RY ( 1) C 6,1.41,2.12,0.049
mol_020_E,nbo,1.5029,BD ( 1) C 2- C 7,RY ( 3) C 6,0.77,1.9,0.034
mol_020_E,nbo,1.5029,BD ( 2) C 2- C 7,BD*( 1) C 1- H 15,3.83,0.79,0.049
mol_020_E,nbo,1.5029,BD ( 2) C 2- C 7,BD*( 1) C 1- H 16,2.79,0.8,0.042
mol_020_E,nbo,1.5029,BD ( 2) C 2- C 7,BD*( 2) C 3- C 4,28.42,0.39,0.094
mol_020_E,nbo,1.5029,BD ( 2) C 2- C 7,BD*( 2) C 5- C 6,45.08,0.38,0.118
mol_020_E,nbo,1.5029,BD ( 2) C 2- C 7,RY ( 2) C 1,0.95,1.15,0.03
mol_020_E,nbo,1.5029,BD ( 2) C 2- C 7,RY ( 3) C 3,2.2,0.93,0.04
mol_020_E,nbo,1.5029,BD ( 1) C 3- C 4,BD*( 1) C 1- C 2,3.26,1.2,0.056
mol_020_E,nbo,1.5029,BD ( 1) C 3- C 4,BD*( 1) C 2- C 3,2.8,1.35,0.055
mol_020_E,nbo,1.5029,BD ( 1) C 3- C 4,BD*( 1) C 3- H 17,1.05,1.22,0.032
mol_020_E,nbo,1.5029,BD ( 1) C 3- C 4,BD*( 1) C 4- C 5,2.88,1.32,0.055
mol_020_E,nbo,1.5029,BD ( 1) C 3- C 4,BD*( 1) C 4- H 18,1.18,1.22,0.034
mol_020_E,nbo,1.5029,BD ( 1) C 3- C 4,BD*( 1) C 5- C 11,3.37,1.23,0.057
mol_020_E,nbo,1.5029,BD ( 1) C 3- C 4,RY ( 1) C 2,1.55,2.17,0.052
mol_020_E,nbo,1.5029,BD ( 1) C 3- C 4,RY ( 2) C 2,0.95,2.04,0.039
mol_020_E,nbo,1.5029,BD ( 1) C 3- C 4,RY ( 1) C 5,1.94,1.93,0.055
mol_020_E,nbo,1.5029,BD ( 1) C 3- C 4,RY ( 1) H 18,0.68,1.63,0.03
mol_020_E,nbo,1.5029,BD ( 2) C 3- C 4,BD*( 2) C 2- C 7,37.05,0.41,0.11
mol_020_E,nbo,1.5029,BD ( 2) C 3- C 4,BD*( 2) C 5- C 6,29.15,0.4,0.096
mol_020_E,nbo,1.5029,BD ( 2) C 3- C 4,RY ( 3) C 3,0.5,0.94,0.019
mol_020_E,nbo,1.5029,BD ( 1) C 3- H 17,BD*( 1) C 2- C 3,0.66,1.22,0.025
mol_020_E,nbo,1.5029,BD ( 1) C 3- H 17,BD*( 1) C 2- C 7,4.25,1.23,0.064
mol_020_E,nbo,1.5029,BD ( 1) C 3- H 17,BD*( 1) C 3- C 4,0.68,1.23,0.026
mol_020_E,nbo,1.5029,BD ( 1) C 3- H 17,BD*( 1) C 4- C 5,3.76,1.19,0.06
mol_020_E,nbo,1.5029,BD ( 1) C 3- H 17,BD*( 1) C 4- H 18,0.95,1.1,0.029
mol_020_E,nbo,1.5029,BD ( 1) C 3- H 17,RY ( 1) C 2,1.33,2.05,0.047
mol_020_E,nbo,1.5029,BD ( 1) C 3- H 17,RY ( 1) C 4,1.0,1.85,0.039
mol_020_E,nbo,1.5029,BD ( 1) C 4- C 5,BD*( 1) C 3- C 4,2.85,1.36,0.055
mol_020_E,nbo,1.5029,BD ( 1) C 4- C 5,BD*( 1) C 3- H 17,2.3,1.21,0.047
mol_020_E,nbo,1.5029,BD ( 1) C 4- C 5,BD*( 1) C 4- H 18,1.0,1.22,0.031
mol_020_E,nbo,1.5029,BD ( 1) C 4- C 5,BD*( 1) C 5- C 6,4.48,1.34,0.069
mol_020_E,nbo,1.5029,BD ( 1) C 4- C 5,BD*( 1) C 5- C 11,2.36,1.22,0.048
mol_020_E,nbo,1.5029,BD ( 1) C 4- C 5,BD*( 1) C 6- C 8,2.93,1.2,0.053
mol_020_E,nbo,1.5029,BD ( 1) C 4- C 5,BD*( 1) C 10- C 11,1.9,1.16,0.042
mol_020_E,nbo,1.5029,BD ( 1) C 4- C 5,RY ( 1) C 3,1.04,1.99,0.041
mol_020_E,nbo,1.5029,BD ( 1) C 4- C 5,RY ( 2) C 3,1.5,1.97,0.049
mol_020_E,nbo,1.5029,BD ( 1) C 4- C 5,RY ( 6) C 5,0.68,2.96,0.04
mol_020_E,nbo,1.5029,BD ( 1) C 4- C 5,RY ( 1) C 6,1.09,2.13,0.043
mol_020_E,nbo,1.5029,BD ( 1) C 4- C 5,RY ( 1) C 11,1.52,1.75,0.046
mol_020_E,nbo,1.5029,BD ( 1) C 4- H 18,BD*( 1) C 2- C 3,3.72,1.23,0.06
mol_020_E,nbo,1.5029,BD ( 1) C 4- H 18,BD*( 1) C 3- C 4,0.78,1.24,0.028
mol_020_E,nbo,1.5029,BD ( 1) C 4- H 18,BD*( 1) C 3- H 17,0.98,1.1,0.029
mol_020_E,nbo,1.5029,BD ( 1) C 4- H 18,BD*( 1) C 4- C 5,0.55,1.2,0.023
mol_020_E,nbo,1.5029,BD ( 1) C 4- H 18,BD*( 1) C 5- C 6,4.44,1.22,0.066
mol_020_E,nbo,1.5029,BD ( 1) C 4- H 18,BD*( 1) C 5- C 11,0.71,1.11,0.025
mol_020_E,nbo,1.5029,BD ( 1) C 4- H 18,RY ( 1) C 3,1.1,1.87,0.04
mol_020_E,nbo,1.5029,BD ( 1) C 4- H 18,RY ( 1) C 5,0.93,1.81,0.037
mol_020_E,nbo,1.5029,BD ( 1) C 5- C 6,BD*( 1) C 4- C 5,4.19,1.31,0.066
mol_020_E,nbo,1.5029,BD ( 1) C 5- C 6,BD*( 1) C 4- H 18,2.14,1.22,0.046
mol_020_E,nbo,1.5029,BD ( 1) C 5- C 6,BD*( 1) C 5- C 11,2.41,1.22,0.048
mol_020_E,nbo,1.5029,BD ( 1) C 5- C 6,BD*( 1) C 6- C 7,2.67,1.35,0.054
mol_020_E,nbo,1.5029,BD ( 1) C 5- C 6,BD*( 1) C 6- C 8,1.7,1.2,0.04
mol_020_E,nbo,1.5029,BD ( 1) C 5- C 6,BD*( 1) C 7- H 19,2.38,1.21,0.048
mol_020_E,nbo,1.5029,BD ( 1) C 5- C 6,BD*( 1) C 8- H 21,0.8,1.19,0.027
mol_020_E,nbo,1.5029,BD ( 1) C 5- C 6,BD*( 1) C 11- N 12,1.45,1.33,0.039
mol_020_E,nbo,1.5029,BD ( 1) C 5- C 6,RY ( 1) C 4,0.84,1.98,0.036
mol_020_E,nbo,1.5029,BD ( 1) C 5- C 6,RY ( 1) C 7,1.38,1.96,0.046
mol_020_E,nbo,1.5029,BD ( 1) C 5- C 6,RY ( 2) C 7,0.61,1.72,0.029
mol_020_E,nbo,1.5029,BD ( 1) C 5- C 6,RY ( 1) C 8,1.24,1.61,0.04
mol_020_E,nbo,1.5029,BD ( 1) C 5- C 6,RY ( 2) C 11,0.56,1.93,0.029
mol_020_E,nbo,1.5029,BD ( 2) C 5- C 6,BD*( 2) C 2- C 7,25.78,0.41,0.091
mol_020_E,nbo,1.5029,BD ( 2) C 5- C 6,BD*( 2) C 3- C 4,35.23,0.4,0.106
mol_020_E,nbo,1.5029,BD ( 2) C 5- C 6,BD*( 1) C 8- C 9,0.77,0.79,0.022
mol_020_E,nbo,1.5029,BD ( 2) C 5- C 6,BD*( 1) C 8- H 20,3.59,0.8,0.048
mol_020_E,nbo,1.5029,BD ( 2) C 5- C 6,BD*( 1) C 8- H 21,0.76,0.81,0.022
mol_020_E,nbo,1.5029,BD ( 2) C 5- C 6,BD*( 2) C 11- N 12,32.62,0.38,0.099
mol_020_E,nbo,1.5029,BD ( 2) C 5- C 6,RY ( 3) C 4,2.02,1.27,0.045
mol_020_E,nbo,1.5029,BD ( 2) C 5- C 6,RY ( 3) C 7,1.94,0.91,0.037
mol_020_E,nbo,1.5029,BD ( 2) C 5- C 6,RY ( 3) C 11,0.88,1.61,0.034
mol_020_E,nbo,1.5029,BD ( 1) C 5- C 11,BD*( 1) C 3- C 4,1.49,1.35,0.04
mol_020_E,nbo,1.5029,BD ( 1) C 5- C 11,BD*( 1) C 4- C 5,2.14,1.31,0.047
mol_020_E,nbo,1.5029,BD ( 1) C 5- C 11,BD*( 1) C 5- C 6,2.03,1.33,0.046
mol_020_E,nbo,1.5029,BD ( 1) C 5- C 11,BD*( 1) C 6- C 7,2.47,1.34,0.051
mol_020_E,nbo,1.5029,BD ( 1) C 5- C 11,BD*( 1) C 10- C 11,1.01,1.16,0.031
mol_020_E,nbo,1.5029,BD ( 1) C 5- C 11,BD*( 1) C 10- H 24,0.63,1.17,0.024
mol_020_E,nbo,1.5029,BD ( 1) C 5- C 11,BD*( 1) C 11- N 12,1.38,1.33,0.038
mol_020_E,nbo,1.5029,BD ( 1) C 5- C 11,BD*( 1) N 12- O 13,9.9,0.83,0.081
mol_020_E,nbo,1.5029,BD ( 1) C 5- C 11,RY ( 1) C 4,1.61,1.97,0.05
mol_020_E,nbo,1.5029,BD ( 1) C 5- C 11,RY ( 1) C 6,1.45,2.12,0.049
mol_020_E,nbo,1.5029,BD ( 1) C 5- C 11,RY ( 1) C 10,0.97,1.49,0.034
mol_020_E,nbo,1.5029,BD ( 1) C 5- C 11,RY ( 1) N 12,1.11,1.8,0.04
mol_020_E,nbo,1.5029,BD ( 1) C 6- C 7,BD*( 1) C 1- C 2,3.03,1.19,0.054
mol_020_E,nbo,1.5029,BD ( 1) C 6- C 7,BD*( 1) C 2- C 7,3.65,1.35,0.063
mol_020_E,nbo,1.5029,BD ( 1) C 6- C 7,BD*( 1) C 5- C 6,3.16,1.33,0.058
mol_020_E,nbo,1.5029,BD ( 1) C 6- C 7,BD*( 1) C 5- C 11,3.38,1.22,0.057
mol_020_E,nbo,1.5029,BD ( 1) C 6- C 7,BD*( 1) C 6- C 8,1.73,1.2,0.041
mol_020_E,nbo,1.5029,BD ( 1) C 6- C 7,BD*( 1) C 7- H 19,1.24,1.21,0.035
mol_020_E,nbo,1.5029,BD ( 1) C 6- C 7,BD*( 1) C 8- C 9,0.65,1.16,0.025
mol_020_E,nbo,1.5029,BD ( 1) C 6- C 7,RY ( 1) C 2,1.32,2.17,0.048
mol_020_E,nbo,1.5029,BD ( 1) C 6- C 7,RY ( 2) C 2,1.22,2.04,0.045
mol_020_E,nbo,1.5029,BD ( 1) C 6- C 7,RY ( 1) C 5,0.83,1.92,0.036
mol_020_E,nbo,1.5029,BD ( 1) C 6- C 7,RY ( 2) C 5,1.13,1.99,0.042
mol_020_E,nbo,1.5029,BD ( 1) C 6- C 7,RY ( 3) C 5,0.57,1.88,0.029
mol_020_E,nbo,1.5029,BD ( 1) C 6- C 7,RY ( 1) C 8,1.13,1.6,0.038
mol_020_E,nbo,1.5029,BD ( 1) C 6- C 7,RY ( 1) H 19,0.56,1.67,0.027
mol_020_E,nbo,1.5029,BD ( 1) C 6- C 8,BD*( 1) C 2- C 7,2.24,1.3,0.048
mol_020_E,nbo,1.5029,BD ( 1) C 6- C 8,BD*( 1) C 4- C 5,3.12,1.26,0.056
mol_020_E,nbo,1.5029,BD ( 1) C 6- C 8,BD*( 1) C 5- C 6,1.49,1.28,0.039
mol_020_E,nbo,1.5029,BD ( 1) C 6- C 8,BD*( 1) C 6- C 7,1.76,1.29,0.043
mol_020_E,nbo,1.5029,BD ( 1) C 6- C 8,BD*( 1) C 7- H 19,0.54,1.16,0.022
mol_020_E,nbo,1.5029,BD ( 1) C 6- C 8,BD*( 1) C 8- C 9,0.84,1.11,0.027
mol_020_E,nbo,1.5029,BD ( 1) C 6- C 8,BD*( 1) C 8- H 21,0.54,1.13,0.022
mol_020_E,nbo,1.5029,BD ( 1) C 6- C 8,BD*( 1) C 9- H 22,1.76,1.13,0.04
mol_020_E,nbo,1.5029,BD ( 1) C 6- C 8,RY ( 1) C 5,0.68,1.87,0.032
mol_020_E,nbo,1.5029,BD ( 1) C 6- C 8,RY ( 2) C 5,0.68,1.93,0.032
mol_020_E,nbo,1.5029,BD ( 1) C 6- C 8,RY ( 1) C 7,1.74,1.9,0.051
mol_020_E,nbo,1.5029,BD ( 1) C 6- C 8,RY ( 1) C 9,1.24,1.61,0.04
mol_020_E,nbo,1.5029,BD ( 1) C 7- H 19,BD*( 1) C 2- C 3,4.43,1.22,0.066
mol_020_E,nbo,1.5029,BD ( 1) C 7- H 19,BD*( 1) C 2- C 7,0.9,1.23,0.03
mol_020_E,nbo,1.5029,BD ( 1) C 7- H 19,BD*( 1) C 5- C 6,4.69,1.21,0.067
mol_020_E,nbo,1.5029,BD ( 1) C 7- H 19,BD*( 1) C 6- C 7,0.89,1.22,0.029
mol_020_E,nbo,1.5029,BD ( 1) C 7- H 19,BD*( 1) C 6- C 8,0.53,1.07,0.021
mol_020_E,nbo,1.5029,BD ( 1) C 7- H 19,RY ( 1) C 2,1.29,2.04,0.046
mol_020_E,nbo,1.5029,BD ( 1) C 7- H 19,RY ( 1) C 6,1.14,2.0,0.043
mol_020_E,nbo,1.5029,BD ( 1) C 8- C 9,BD*( 2) C 5- C 6,1.92,0.69,0.032
mol_020_E,nbo,1.5029,BD ( 1) C 8- C 9,BD*( 1) C 6- C 7,2.55,1.27,0.051
mol_020_E,nbo,1.5029,BD ( 1) C 8- C 9,BD*( 1) C 6- C 8,0.96,1.12,0.029
mol_020_E,nbo,1.5029,BD ( 1) C 8- C 9,BD*( 1) C 8- H 21,0.51,1.11,0.021
mol_020_E,nbo,1.5029,BD ( 1) C 8- C 9,BD*( 1) C 9- C 10,0.5,1.08,0.021
mol_020_E,nbo,1.5029,BD ( 1) C 8- C 9,BD*( 1) C 10- H 24,2.01,1.1,0.042
mol_020_E,nbo,1.5029,BD ( 1) C 8- C 9,RY ( 2) C 6,1.45,1.87,0.046
mol_020_E,nbo,1.5029,BD ( 1) C 8- C 9,RY ( 2) C 10,1.03,1.59,0.036
mol_020_E,nbo,1.5029,BD ( 1) C 8- H 20,BD*( 2) C 5- C 6,8.23,0.62,0.064
mol_020_E,nbo,1.5029,BD ( 1) C 8- H 20,BD*( 1) C 6- C 7,0.57,1.2,0.023
mol_020_E,nbo,1.5029,BD ( 1) C 8- H 20,BD*( 1) C 9- H 23,3.38,1.03,0.053
mol_020_E,nbo,1.5029,BD ( 1) C 8- H 21,BD*( 1) C 5- C 6,4.13,1.2,0.063
mol_020_E,nbo,1.5029,BD ( 1) C 8- H 21,BD*( 2) C 5- C 6,1.61,0.62,0.028
mol_020_E,nbo,1.5029,BD ( 1) C 8- H 21,BD*( 1) C 9- C 10,3.16,1.02,0.051
mol_020_E,nbo,1.5029,BD ( 1) C 9- C 10,BD*( 1) C 8- C 9,0.51,1.1,0.021
mol_020_E,nbo,1.5029,BD ( 1) C 9- C 10,BD*( 1) C 8- H 21,1.99,1.12,0.042
mol_020_E,nbo,1.5029,BD ( 1) C 9- C 10,BD*( 1) C 10- C 11,0.88,1.1,0.028
mol_020_E,nbo,1.5029,BD ( 1) C 9- C 10,BD*( 1) C 10- H 24,0.64,1.11,0.024
mol_020_E,nbo,1.5029,BD ( 1) C 9- C 10,BD*( 1) C 10- H 25,0.59,1.1,0.023
mol_020_E,nbo,1.5029,BD ( 1) C 9- C 10,BD*( 1) C 11- N 12,3.72,1.27,0.061
mol_020_E,nbo,1.5029,BD ( 1) C 9- C 10,RY ( 1) C 8,0.87,1.54,0.033
mol_020_E,nbo,1.5029,BD ( 1) C 9- C 10,RY ( 2) C 11,0.54,1.87,0.028
mol_020_E,nbo,1.5029,BD ( 1) C 9- H 22,BD*( 1) C 6- C 8,3.0,1.06,0.05
mol_020_E,nbo,1.5029,BD ( 1) C 9- H 22,BD*( 1) C 10- C 11,3.89,1.02,0.056
mol_020_E,nbo,1.5029,BD ( 1) C 9- H 22,BD*( 1) C 10- H 25,0.76,1.02,0.025
mol_020_E,nbo,1.5029,BD ( 1) C 9- H 23,BD*( 1) C 8- H 20,3.34,1.03,0.052
mol_020_E,nbo,1.5029,BD ( 1) C 9- H 23,BD*( 1) C 10- H 24,0.61,1.03,0.022
mol_020_E,nbo,1.5029,BD ( 1) C 9- H 23,BD*( 1) C 10- H 25,3.24,1.02,0.051
mol_020_E,nbo,1.5029,BD ( 1) C 9- H 23,RY ( 1) C 8,0.62,1.46,0.027
mol_020_E,nbo,1.5029,BD ( 1) C 10- C 11,BD*( 1) C 4- C 5,2.42,1.3,0.05
mol_020_E,nbo,1.5029,BD ( 1) C 10- C 11,BD*( 1) C 5- C 11,1.28,1.21,0.035
mol_020_E,nbo,1.5029,BD ( 1) C 10- C 11,BD*( 1) C 9- C 10,0.77,1.15,0.027
mol_020_E,nbo,1.5029,BD ( 1) C 10- C 11,BD*( 1) C 9- H 22,1.25,1.18,0.034
mol_020_E,nbo,1.5029,BD ( 1) C 10- C 11,BD*( 1) C 11- N 12,0.66,1.32,0.026
mol_020_E,nbo,1.5029,BD ( 1) C 10- C 11,BD*( 1) N 12- O 13,3.02,0.82,0.044
mol_020_E,nbo,1.5029,BD ( 1) C 10- C 11,RY ( 2) C 5,0.84,1.98,0.036
mol_020_E,nbo,1.5029,BD ( 1) C 10- C 11,RY ( 1) C 9,0.98,1.66,0.036
mol_020_E,nbo,1.5029,BD ( 1) C 10- C 11,RY ( 1) N 12,1.48,1.79,0.046
mol_020_E,nbo,1.5029,BD ( 1) C 10- H 24,BD*( 1) C 5- C 11,2.71,1.1,0.049
mol_020_E,nbo,1.5029,BD ( 1) C 10- H 24,BD*( 1) C 8- C 9,2.91,1.04,0.049
mol_020_E,nbo,1.5029,BD ( 1) C 10- H 24,BD*( 1) C 9- H 23,0.66,1.05,0.023
mol_020_E,nbo,1.5029,BD ( 1) C 10- H 24,BD*( 2) C 11- N 12,6.65,0.62,0.057
mol_020_E,nbo,1.5029,BD ( 1) C 10- H 25,BD*( 1) C 5- C 11,1.67,1.09,0.038
mol_020_E,nbo,1.5029,BD ( 1) C 10- H 25,BD*( 1) C 9- H 22,0.72,1.05,0.025
mol_020_E,nbo,1.5029,BD ( 1) C 10- H 25,BD*( 1) C 9- H 23,3.07,1.04,0.051
mol_020_E,nbo,1.5029,BD ( 1) C 10- H 25,BD*( 2) C 11- N 12,11.49,0.62,0.075
mol_020_E,nbo,1.5029,BD ( 1) C 11- N 12,BD*( 1) C 5- C 6,1.25,1.57,0.04
mol_020_E,nbo,1.5029,BD ( 1) C 11- N 12,BD*( 1) C 5- C 11,1.32,1.45,0.039
mol_020_E,nbo,1.5029,BD ( 1) C 11- N 12,BD*( 1) C 10- C 11,1.37,1.4,0.039
mol_020_E,nbo,1.5029,BD ( 1) C 11- N 12,RY ( 1) C 5,0.92,2.16,0.04
mol_020_E,nbo,1.5029,BD ( 1) C 11- N 12,RY ( 2) C 5,1.04,2.22,0.043
mol_020_E,nbo,1.5029,BD ( 1) C 11- N 12,RY ( 1) O 13,0.8,2.29,0.038
mol_020_E,nbo,1.5029,BD ( 2) C 11- N 12,BD*( 2) C 5- C 6,7.02,0.54,0.055
mol_020_E,nbo,1.5029,BD ( 2) C 11- N 12,BD*( 1) C 10- H 24,1.08,0.95,0.029
mol_020_E,nbo,1.5029,BD ( 2) C 11- N 12,BD*( 1) C 10- H 25,1.56,0.94,0.034
mol_020_E,nbo,1.5029,BD ( 2) C 11- N 12,BD*( 1) O 13- H 26,1.66,0.9,0.035
mol_020_E,nbo,1.5029,BD ( 1) N 12- O 13,BD*( 1) C 5- C 11,4.29,1.37,0.068
mol_020_E,nbo,1.5029,BD ( 1) N 12- O 13,BD*( 1) C 10- C 11,0.75,1.31,0.028
mol_020_E,nbo,1.5029,BD ( 1) N 12- O 13,RY ( 2) C 11,1.8,2.08,0.055
mol_020_E,nbo,1.5029,BD ( 1) O 13- H 26,BD*( 2) C 11- N 12,1.34,0.95,0.032
mol_020_E,nbo,1.5029,BD ( 1) O 13- H 26,RY ( 2) N 12,0.51,1.89,0.028
mol_020_E,nbo,1.5029,BD ( 1) O 13- H 27,BD*( 1) C 11- N 12,1.14,1.53,0.037
mol_020_E,nbo,1.5029,BD ( 1) O 13- H 27,RY ( 2) C 11,0.64,2.13,0.033
mol_020_E,sp2,1.6029,LP ( 1) N 12,BD*( 1) C 10- C 11,6.19,1.03,0.071
mol_020_E,sp2,1.6029,LP ( 1) N 12,RY ( 1) C 11,6.86,1.53,0.091
mol_020_E,sp2,1.6029,LP ( 1) O 13,BD*( 1) C 5- C 11,0.72,1.18,0.026
mol_020_E,sp2,1.6029,LP ( 1) O 13,BD*( 1) C 9- C 10,0.77,1.13,0.026
mol_020_E,sp2,1.6029,LP ( 1) O 13,BD*( 2) C 11- N 12,0.81,0.72,0.021
mol_020_E,sp2,1.6029,LP ( 1) O 13,RY ( 1) H 26,1.29,2.67,0.052
mol_020_E,sp2,1.6029,LP ( 1) O 13,RY ( 1) H 27,1.29,2.61,0.052
mol_020_E,sp2,1.6029,BD ( 1) C 1- C 2,BD*( 1) C 1- H 15,0.5,1.12,0.021
mol_020_E,sp2,1.6029,BD ( 1) C 1- C 2,BD*( 1) C 2- C 3,1.3,1.29,0.037
mol_020_E,sp2,1.6029,BD ( 1) C 1- C 2,BD*( 1) C 2- C 7,1.48,1.3,0.039
mol_020_E,sp2,1.6029,BD ( 1) C 1- C 2,BD*( 1) C 3- C 4,2.34,1.32,0.049
mol_020_E,sp2,1.6029,BD ( 1) C 1- C 2,BD*( 1) C 6- C 7,2.58,1.29,0.052
mol_020_E,sp2,1.6029,BD ( 1) C 1- C 2,BD*( 1) C 7- H 19,0.51,1.16,0.022
mol_020_E,sp2,1.6029,BD ( 1) C 1- C 2,RY ( 1) C 3,1.72,1.91,0.051
mol_020_E,sp2,1.6029,BD ( 1) C 1- C 2,RY ( 1) C 7,1.26,1.9,0.044
mol_020_E,sp2,1.6029,BD ( 1) C 1- C 2,RY ( 2) C 7,0.66,1.67,0.03
mol_020_E,sp2,1.6029,BD ( 1) C 1- H 14,BD*( 1) C 2- C 3,4.64,1.2,0.067
mol_020_E,sp2,1.6029,BD ( 1) C 1- H 15,BD*( 1) C 2- C 7,1.36,1.21,0.036
mol_020_E,sp2,1.6029,BD ( 1) C 1- H 15,BD*( 2) C 2- C 7,7.38,0.64,0.061
mol_020_E,sp2,1.6029,BD ( 1) C 1- H 15,RY ( 3) C 2,0.77,1.44,0.03
mol_020_E,sp2,1.6029,BD ( 1) C 1- H 16,BD*( 1) C 2- C 7,2.64,1.21,0.05
mol_020_E,sp2,1.6029,BD ( 1) C 1- H 16,BD*( 2) C 2- C 7,4.71,0.64,0.049
mol_020_E,sp2,1.6029,BD ( 1) C 2- C 3,BD*( 1) C 1- C 2,1.32,1.19,0.035
mol_020_E,sp2,1.6029,BD ( 1) C 2- C 3,BD*( 1) C 1- H 14,0.92,1.18,0.029
mol_020_E,sp2,1.6029,BD ( 1) C 2- C 3,BD*( 1) C 2- C 7,2.28,1.35,0.049
mol_020_E,sp2,1.6029,BD ( 1) C 2- C 3,BD*( 1) C 3- C 4,2.63,1.36,0.053
mol_020_E,sp2,1.6029,BD ( 1) C 2- C 3,BD*( 1) C 3- H 17,1.06,1.21,0.032
mol_020_E,sp2,1.6029,BD ( 1) C 2- C 3,BD*( 1) C 4- H 18,2.32,1.21,0.047
mol_020_E,sp2,1.6029,BD ( 1) C 2- C 3,BD*( 1) C 7- H 19,2.83,1.21,0.052
mol_020_E,sp2,1.6029,BD ( 1) C 2- C 3,RY ( 1) C 1,1.4,1.36,0.039
mol_020_E,sp2,1.6029,BD ( 1) C 2- C 3,RY ( 1) C 4,0.8,1.95,0.035
mol_020_E,sp2,1.6029,BD ( 1) C 2- C 3,RY ( 2) C 4,1.64,1.85,0.049
mol_020_E,sp2,1.6029,BD ( 1) C 2- C 3,RY ( 1) C 7,1.01,1.94,0.04
mol_020_E,sp2,1.6029,BD ( 1) C 2- C 3,RY ( 2) C 7,0.68,1.72,0.03
mol_020_E,sp2,1.6029,BD ( 1) C 2- C 7,BD*( 1) C 1- C 2,1.46,1.2,0.037
mol_020_E,sp2,1.6029,BD ( 1) C 2- C 7,BD*( 1) C 1- H 16,0.55,1.18,0.023
mol_020_E,sp2,1.6029,BD ( 1) C 2- C 7,BD*( 1) C 2- C 3,2.41,1.34,0.051
mol_020_E,sp2,1.6029,BD ( 1) C 2- C 7,BD*( 1) C 3- H 17,2.55,1.21,0.05
mol_020_E,sp2,1.6029,BD ( 1) C 2- C 7,BD*( 1) C 6- C 7,3.61,1.34,0.062
mol_020_E,sp2,1.6029,BD ( 1) C 2- C 7,BD*( 1) C 6- C 8,2.98,1.2,0.053
mol_020_E,sp2,1.6029,BD ( 1) C 2- C 7,BD*( 1) C 7- H 19,1.29,1.21,0.035
mol_020_E,sp2,1.6029,BD ( 1) C 2- C 7,RY ( 1) C 1,1.0,1.36,0.033
mol_020_E,sp2,1.6029,BD ( 1) C 2- C 7,RY ( 1) C 3,1.14,1.96,0.042
mol_020_E,sp2,1.6029,BD ( 1) C 2- C 7,RY ( 1) C 6,1.38,2.04,0.047
mol_020_E,sp2,1.6029,BD ( 1) C 2- C 7,RY ( 3) C 6,0.85,1.92,0.036
mol_020_E,sp2,1.6029,BD ( 2) C 2- C 7,BD*( 1) C 1- H 15,3.82,0.79,0.049
mol_020_E,sp2,1.6029,BD ( 2) C 2- C 7,BD*( 1) C 1- H 16,2.78,0.8,0.042
mol_020_E,sp2,1.6029,BD ( 2) C 2- C 7,BD*( 2) C 3- C 4,28.45,0.39,0.094
mol_020_E,sp2,1.6029,BD ( 2) C 2- C 7,BD*( 2) C 5- C 6,45.59,0.38,0.118
mol_020_E,sp2,1.6029,BD ( 2) C 2- C 7,RY ( 2) C 1,0.96,1.15,0.03
mol_020_E,sp2,1.6029,BD ( 2) C 2- C 7,RY ( 3) C 3,2.19,0.93,0.04
mol_020_E,sp2,1.6029,BD ( 1) C 3- C 4,BD*( 1) C 1- C 2,3.18,1.2,0.055
mol_020_E,sp2,1.6029,BD ( 1) C 3- C 4,BD*( 1) C 2- C 3,2.82,1.35,0.055
mol_020_E,sp2,1.6029,BD ( 1) C 3- C 4,BD*( 1) C 3- H 17,1.04,1.22,0.032
mol_020_E,sp2,1.6029,BD ( 1) C 3- C 4,BD*( 1) C 4- C 5,2.87,1.33,0.055
mol_020_E,sp2,1.6029,BD ( 1) C 3- C 4,BD*( 1) C 4- H 18,1.15,1.22,0.033
mol_020_E,sp2,1.6029,BD ( 1) C 3- C 4,BD*( 1) C 5- C 11,3.5,1.22,0.058
mol_020_E,sp2,1.6029,BD ( 1) C 3- C 4,RY ( 1) C 2,1.26,2.13,0.046
mol_020_E,sp2,1.6029,BD ( 1) C 3- C 4,RY ( 2) C 2,1.06,2.04,0.042
mol_020_E,sp2,1.6029,BD ( 1) C 3- C 4,RY ( 4) C 4,0.5,2.94,0.034
mol_020_E,sp2,1.6029,BD ( 1) C 3- C 4,RY ( 1) C 5,2.11,1.86,0.056
mol_020_E,sp2,1.6029,BD ( 1) C 3- C 4,RY ( 5) C 5,0.63,2.67,0.037
mol_020_E,sp2,1.6029,BD ( 2) C 3- C 4,BD*( 2) C 2- C 7,37.06,0.41,0.11
mol_020_E,sp2,1.6029,BD ( 2) C 3- C 4,BD*( 2) C 5- C 6,29.27,0.39,0.096
mol_020_E,sp2,1.6029,BD ( 2) C 3- C 4,RY ( 3) C 3,0.5,0.94,0.019
mol_020_E,sp2,1.6029,BD ( 1) C 3- H 17,BD*( 1) C 2- C 3,0.67,1.22,0.026
mol_020_E,sp2,1.6029,BD ( 1) C 3- H 17,BD*( 1) C 2- C 7,4.22,1.23,0.064
mol_020_E,sp2,1.6029,BD ( 1) C 3- H 17,BD*( 1) C 3- C 4,0.66,1.24,0.026
mol_020_E,sp2,1.6029,BD ( 1) C 3- H 17,BD*( 1) C 4- C 5,3.82,1.2,0.06
mol_020_E,sp2,1.6029,BD ( 1) C 3- H 17,BD*( 1) C 4- H 18,0.94,1.09,0.029
mol_020_E,sp2,1.6029,BD ( 1) C 3- H 17,RY ( 1) C 2,1.29,2.0,0.045
mol_020_E,sp2,1.6029,BD ( 1) C 3- H 17,RY ( 1) C 4,0.99,1.83,0.038
mol_020_E,sp2,1.6029,BD ( 1) C 4- C 5,BD*( 1) C 3- C 4,2.65,1.37,0.054
mol_020_E,sp2,1.6029,BD ( 1) C 4- C 5,BD*( 1) C 3- H 17,2.28,1.22,0.047
mol_020_E,sp2,1.6029,BD ( 1) C 4- C 5,BD*( 1) C 4- H 18,0.93,1.22,0.03
mol_020_E,sp2,1.6029,BD ( 1) C 4- C 5,BD*( 1) C 5- C 6,4.5,1.34,0.069
mol_020_E,sp2,1.6029,BD ( 1) C 4- C 5,BD*( 1) C 5- C 11,2.3,1.22,0.047
mol_020_E,sp2,1.6029,BD ( 1) C 4- C 5,BD*( 1) C 6- C 8,2.89,1.2,0.053
mol_020_E,sp2,1.6029,BD ( 1) C 4- C 5,BD*( 1) C 10- C 11,1.91,1.16,0.042
mol_020_E,sp2,1.6029,BD ( 1) C 4- C 5,RY ( 1) C 3,1.05,1.96,0.041
mol_020_E,sp2,1.6029,BD ( 1) C 4- C 5,RY ( 2) C 3,1.79,1.94,0.053
mol_020_E,sp2,1.6029,BD ( 1) C 4- C 5,RY ( 1) C 6,0.91,2.05,0.039
mol_020_E,sp2,1.6029,BD ( 1) C 4- C 5,RY ( 1) C 11,1.34,1.67,0.042
mol_020_E,sp2,1.6029,BD ( 1) C 4- H 18,BD*( 1) C 2- C 3,3.64,1.23,0.06
mol_020_E,sp2,1.6029,BD ( 1) C 4- H 18,BD*( 1) C 3- C 4,0.68,1.25,0.026
mol_020_E,sp2,1.6029,BD ( 1) C 4- H 18,BD*( 1) C 3- H 17,1.0,1.1,0.03
mol_020_E,sp2,1.6029,BD ( 1) C 4- H 18,BD*( 1) C 5- C 6,4.38,1.22,0.065
mol_020_E,sp2,1.6029,BD ( 1) C 4- H 18,BD*( 1) C 5- C 11,0.73,1.1,0.025
mol_020_E,sp2,1.6029,BD ( 1) C 4- H 18,RY ( 1) C 3,1.04,1.85,0.039
mol_020_E,sp2,1.6029,BD ( 1) C 4- H 18,RY ( 1) C 5,0.75,1.75,0.032
mol_020_E,sp2,1.6029,BD ( 1) C 5- C 6,BD*( 1) C 4- C 5,4.24,1.33,0.067
mol_020_E,sp2,1.6029,BD ( 1) C 5- C 6,BD*( 1) C 4- H 18,2.14,1.21,0.045
mol_020_E,sp2,1.6029,BD ( 1) C 5- C 6,BD*( 1) C 5- C 11,2.35,1.22,0.048
mol_020_E,sp2,1.6029,BD ( 1) C 5- C 6,BD*( 1) C 6- C 7,2.65,1.35,0.053
mol_020_E,sp2,1.6029,BD ( 1) C 5- C 6,BD*( 1) C 6- C 8,1.73,1.2,0.041
mol_020_E,sp2,1.6029,BD ( 1) C 5- C 6,BD*( 1) C 7- H 19,2.37,1.21,0.048
mol_020_E,sp2,1.6029,BD ( 1) C 5- C 6,BD*( 1) C 8- H 21,0.79,1.19,0.027
mol_020_E,sp2,1.6029,BD ( 1) C 5- C 6,BD*( 1) C 11- N 12,1.43,1.33,0.039
mol_020_E,sp2,1.6029,BD ( 1) C 5- C 6,RY ( 1) C 4,0.88,1.95,0.037
mol_020_E,sp2,1.6029,BD ( 1) C 5- C 6,RY ( 1) C 7,1.36,1.95,0.046
mol_020_E,sp2,1.6029,BD ( 1) C 5- C 6,RY ( 2) C 7,0.63,1.72,0.029
mol_020_E,sp2,1.6029,BD ( 1) C 5- C 6,RY ( 1) C 8,1.23,1.61,0.04
mol_020_E,sp2,1.6029,BD ( 1) C 5- C 6,RY ( 2) C 11,0.61,1.95,0.031
mol_020_E,sp2,1.6029,BD ( 2) C 5- C 6,BD*( 2) C 2- C 7,25.52,0.41,0.091
mol_020_E,sp2,1.6029,BD ( 2) C 5- C 6,BD*( 2) C 3- C 4,35.14,0.4,0.106
mol_020_E,sp2,1.6029,BD ( 2) C 5- C 6,BD*( 1) C 8- C 9,0.79,0.79,0.022
mol_020_E,sp2,1.6029,BD ( 2) C 5- C 6,BD*( 1) C 8- H 20,3.54,0.8,0.047
mol_020_E,sp2,1.6029,BD ( 2) C 5- C 6,BD*( 1) C 8- H 21,0.71,0.81,0.022
mol_020_E,sp2,1.6029,BD ( 2) C 5- C 6,BD*( 2) C 11- N 12,32.24,0.38,0.099
mol_020_E,sp2,1.6029,BD ( 2) C 5- C 6,RY ( 3) C 4,1.96,1.35,0.046
mol_020_E,sp2,1.6029,BD ( 2) C 5- C 6,RY ( 3) C 7,1.89,0.92,0.037
mol_020_E,sp2,1.6029,BD ( 2) C 5- C 6,RY ( 3) C 11,0.77,1.65,0.032
mol_020_E,sp2,1.6029,BD ( 1) C 5- C 11,BD*( 1) C 3- C 4,1.44,1.36,0.04
mol_020_E,sp2,1.6029,BD ( 1) C 5- C 11,BD*( 1) C 4- C 5,2.02,1.32,0.046
mol_020_E,sp2,1.6029,BD ( 1) C 5- C 11,BD*( 1) C 5- C 6,1.93,1.33,0.045
mol_020_E,sp2,1.6029,BD ( 1) C 5- C 11,BD*( 1) C 6- C 7,2.46,1.34,0.051
mol_020_E,sp2,1.6029,BD ( 1) C 5- C 11,BD*( 1) C 10- C 11,1.07,1.16,0.031
mol_020_E,sp2,1.6029,BD ( 1) C 5- C 11,BD*( 1) C 10- H 24,0.61,1.17,0.024
mol_020_E,sp2,1.6029,BD ( 1) C 5- C 11,BD*( 1) C 11- N 12,1.43,1.33,0.039
mol_020_E,sp2,1.6029,BD ( 1) C 5- C 11,BD*( 1) N 12- O 13,12.75,0.75,0.087
mol_020_E,sp2,1.6029,BD ( 1) C 5- C 11,RY ( 1) C 4,1.55,1.95,0.049
mol_020_E,sp2,1.6029,BD ( 1) C 5- C 11,RY ( 1) C 6,1.52,2.04,0.05
mol_020_E,sp2,1.6029,BD ( 1) C 5- C 11,RY ( 1) C 10,0.95,1.49,0.034
mol_020_E,sp2,1.6029,BD ( 1) C 5- C 11,RY ( 1) N 12,1.35,1.75,0.043
mol_020_E,sp2,1.6029,BD ( 1) C 6- C 7,BD*( 1) C 1- C 2,3.01,1.2,0.054
mol_020_E,sp2,1.6029,BD ( 1) C 6- C 7,BD*( 1) C 2- C 7,3.67,1.35,0.063
mol_020_E,sp2,1.6029,BD ( 1) C 6- C 7,BD*( 1) C 5- C 6,3.17,1.33,0.058
mol_020_E,sp2,1.6029,BD ( 1) C 6- C 7,BD*( 1) C 5- C 11,3.4,1.21,0.057
mol_020_E,sp2,1.6029,BD ( 1) C 6- C 7,BD*( 1) C 6- C 8,1.75,1.2,0.041
mol_020_E,sp2,1.6029,BD ( 1) C 6- C 7,BD*( 1) C 7- H 19,1.24,1.21,0.035
mol_020_E,sp2,1.6029,BD ( 1) C 6- C 7,BD*( 1) C 8- C 9,0.64,1.16,0.024
mol_020_E,sp2,1.6029,BD ( 1) C 6- C 7,RY ( 1) C 2,1.41,2.12,0.049
mol_020_E,sp2,1.6029,BD ( 1) C 6- C 7,RY ( 2) C 2,1.2,2.03,0.044
mol_020_E,sp2,1.6029,BD ( 1) C 6- C 7,RY ( 1) C 5,0.51,1.86,0.027
mol_020_E,sp2,1.6029,BD ( 1) C 6- C 7,RY ( 2) C 5,1.43,2.03,0.048
mol_020_E,sp2,1.6029,BD ( 1) C 6- C 7,RY ( 5) C 5,0.52,2.66,0.033
mol_020_E,sp2,1.6029,BD ( 1) C 6- C 7,RY ( 1) C 8,1.14,1.61,0.038
mol_020_E,sp2,1.6029,BD ( 1) C 6- C 7,RY ( 1) H 19,0.56,1.69,0.028
mol_020_E,sp2,1.6029,BD ( 1) C 6- C 8,BD*( 1) C 2- C 7,2.2,1.29,0.048
mol_020_E,sp2,1.6029,BD ( 1) C 6- C 8,BD*( 1) C 4- C 5,3.12,1.27,0.056
mol_020_E,sp2,1.6029,BD ( 1) C 6- C 8,BD*( 1) C 5- C 6,1.51,1.28,0.039
mol_020_E,sp2,1.6029,BD ( 1) C 6- C 8,BD*( 1) C 6- C 7,1.8,1.29,0.043
mol_020_E,sp2,1.6029,BD ( 1) C 6- C 8,BD*( 1) C 7- H 19,0.54,1.16,0.022
mol_020_E,sp2,1.6029,BD ( 1) C 6- C 8,BD*( 1) C 8- C 9,0.83,1.11,0.027
mol_020_E,sp2,1.6029,BD ( 1) C 6- C 8,BD*( 1) C 8- H 21,0.54,1.13,0.022
mol_020_E,sp2,1.6029,BD ( 1) C 6- C 8,BD*( 1) C 9- H 22,1.76,1.13,0.04
mol_020_E,sp2,1.6029,BD ( 1) C 6- C 8,RY ( 2) C 5,1.0,1.98,0.04
mol_020_E,sp2,1.6029,BD ( 1) C 6- C 8,RY ( 1) C 7,1.64,1.89,0.05
mol_020_E,sp2,1.6029,BD ( 1) C 6- C 8,RY ( 1) C 9,1.25,1.62,0.04
mol_020_E,sp2,1.6029,BD ( 1) C 7- H 19,BD*( 1) C 2- C 3,4.43,1.22,0.066
mol_020_E,sp2,1.6029,BD ( 1) C 7- H 19,BD*( 1) C 2- C 7,0.91,1.22,0.03
mol_020_E,sp2,1.6029,BD ( 1) C 7- H 19,BD*( 1) C 5- C 6,4.67,1.21,0.067
mol_020_E,sp2,1.6029,BD ( 1) C 7- H 19,BD*( 1) C 6- C 7,0.9,1.22,0.03
mol_020_E,sp2,1.6029,BD ( 1) C 7- H 19,BD*( 1) C 6- C 8,0.52,1.07,0.021
mol_020_E,sp2,1.6029,BD ( 1) C 7- H 19,RY ( 1) C 2,1.23,2.0,0.044
mol_020_E,sp2,1.6029,BD ( 1) C 7- H 19,RY ( 1) C 6,1.14,1.92,0.042
mol_020_E,sp2,1.6029,BD ( 1) C 8- C 9,BD*( 2) C 5- C 6,2.02,0.69,0.033
mol_020_E,sp2,1.6029,BD ( 1) C 8- C 9,BD*( 1) C 6- C 7,2.55,1.27,0.051
mol_020_E,sp2,1.6029,BD ( 1) C 8- C 9,BD*( 1) C 6- C 8,0.96,1.12,0.029
mol_020_E,sp2,1.6029,BD ( 1) C 8- C 9,BD*( 1) C 8- H 21,0.51,1.11,0.021
mol_020_E,sp2,1.6029,BD ( 1) C 8- C 9,BD*( 1) C 10- H 24,2.02,1.1,0.042
mol_020_E,sp2,1.6029,BD ( 1) C 8- C 9,RY ( 2) C 6,1.44,1.85,0.046
mol_020_E,sp2,1.6029,BD ( 1) C 8- C 9,RY ( 2) C 10,1.04,1.6,0.036
mol_020_E,sp2,1.6029,BD ( 1) C 8- H 20,BD*( 2) C 5- C 6,8.24,0.62,0.064
mol_020_E,sp2,1.6029,BD ( 1) C 8- H 20,BD*( 1) C 6- C 7,0.6,1.2,0.024
mol_020_E,sp2,1.6029,BD ( 1) C 8- H 20,BD*( 1) C 9- H 23,3.37,1.03,0.053
mol_020_E,sp2,1.6029,BD ( 1) C 8- H 21,BD*( 1) C 5- C 6,4.17,1.19,0.063
mol_020_E,sp2,1.6029,BD ( 1) C 8- H 21,BD*( 2) C 5- C 6,1.57,0.62,0.028
mol_020_E,sp2,1.6029,BD ( 1) C 8- H 21,BD*( 1) C 9- C 10,3.15,1.02,0.051
mol_020_E,sp2,1.6029,BD ( 1) C 9- C 10,BD*( 1) C 8- C 9,0.51,1.1,0.021
mol_020_E,sp2,1.6029,BD ( 1) C 9- C 10,BD*( 1) C 8- H 21,1.98,1.12,0.042
mol_020_E,sp2,1.6029,BD ( 1) C 9- C 10,BD*( 1) C 10- C 11,0.86,1.1,0.027
mol_020_E,sp2,1.6029,BD ( 1) C 9- C 10,BD*( 1) C 10- H 24,0.65,1.11,0.024
mol_020_E,sp2,1.6029,BD ( 1) C 9- C 10,BD*( 1) C 10- H 25,0.58,1.1,0.023
mol_020_E,sp2,1.6029,BD ( 1) C 9- C 10,BD*( 1) C 11- N 12,3.73,1.27,0.061
mol_020_E,sp2,1.6029,BD ( 1) C 9- C 10,RY ( 1) C 8,0.88,1.55,0.033
mol_020_E,sp2,1.6029,BD ( 1) C 9- C 10,RY ( 2) C 11,0.51,1.88,0.028
mol_020_E,sp2,1.6029,BD ( 1) C 9- H 22,BD*( 1) C 6- C 8,3.0,1.06,0.05
mol_020_E,sp2,1.6029,BD ( 1) C 9- H 22,BD*( 1) C 10- C 11,3.98,1.02,0.057
mol_020_E,sp2,1.6029,BD ( 1) C 9- H 22,BD*( 1) C 10- H 25,0.77,1.02,0.025
mol_020_E,sp2,1.6029,BD ( 1) C 9- H 23,BD*( 1) C 8- H 20,3.32,1.03,0.052
mol_020_E,sp2,1.6029,BD ( 1) C 9- H 23,BD*( 1) C 10- H 24,0.62,1.03,0.023
mol_020_E,sp2,1.6029,BD ( 1) C 9- H 23,BD*( 1) C 10- H 25,3.22,1.02,0.051
mol_020_E,sp2,1.6029,BD ( 1) C 9- H 23,RY ( 1) C 8,0.62,1.47,0.027
mol_020_E,sp2,1.6029,BD ( 1) C 10- C 11,BD*( 1) C 4- C 5,2.31,1.32,0.049
mol_020_E,sp2,1.6029,BD ( 1) C 10- C 11,BD*( 1) C 5- C 11,1.32,1.21,0.036
mol_020_E,sp2,1.6029,BD ( 1) C 10- C 11,BD*( 1) C 9- C 10,0.73,1.15,0.026
mol_020_E,sp2,1.6029,BD ( 1) C 10- C 11,BD*( 1) C 9- H 22,1.24,1.18,0.034
mol_020_E,sp2,1.6029,BD ( 1) C 10- C 11,BD*( 1) C 11- N 12,0.73,1.32,0.028
mol_020_E,sp2,1.6029,BD ( 1) C 10- C 11,BD*( 1) N 12- O 13,4.04,0.75,0.049
mol_020_E,sp2,1.6029,BD ( 1) C 10- C 11,RY ( 1) C 5,0.52,1.85,0.028
mol_020_E,sp2,1.6029,BD ( 1) C 10- C 11,RY ( 2) C 5,0.55,2.02,0.03
mol_020_E,sp2,1.6029,BD ( 1) C 10- C 11,RY ( 1) C 9,0.99,1.66,0.036
mol_020_E,sp2,1.6029,BD ( 1) C 10- C 11,RY ( 1) N 12,1.5,1.75,0.046
mol_020_E,sp2,1.6029,BD ( 1) C 10- H 24,BD*( 1) C 5- C 11,2.67,1.09,0.048
mol_020_E,sp2,1.6029,BD ( 1) C 10- H 24,BD*( 1) C 8- C 9,2.89,1.04,0.049
mol_020_E,sp2,1.6029,BD ( 1) C 10- H 24,BD*( 1) C 9- H 23,0.66,1.05,0.024
mol_020_E,sp2,1.6029,BD ( 1) C 10- H 24,BD*( 2) C 11- N 12,6.82,0.62,0.058
mol_020_E,sp2,1.6029,BD ( 1) C 10- H 25,BD*( 1) C 5- C 11,1.73,1.08,0.039
mol_020_E,sp2,1.6029,BD ( 1) C 10- H 25,BD*( 1) C 9- H 22,0.74,1.06,0.025
mol_020_E,sp2,1.6029,BD ( 1) C 10- H 25,BD*( 1) C 9- H 23,3.04,1.05,0.05
mol_020_E,sp2,1.6029,BD ( 1) C 10- H 25,BD*( 2) C 11- N 12,11.4,0.62,0.075
mol_020_E,sp2,1.6029,BD ( 1) C 11- N 12,BD*( 1) C 5- C 6,1.23,1.57,0.039
mol_020_E,sp2,1.6029,BD ( 1) C 11- N 12,BD*( 1) C 5- C 11,1.29,1.45,0.039
mol_020_E,sp2,1.6029,BD ( 1) C 11- N 12,BD*( 1) C 10- C 11,1.57,1.4,0.042
mol_020_E,sp2,1.6029,BD ( 1) C 11- N 12,RY ( 1) C 5,1.44,2.1,0.049
mol_020_E,sp2,1.6029,BD ( 1) C 11- N 12,RY ( 2) C 5,0.6,2.27,0.033
mol_020_E,sp2,1.6029,BD ( 1) C 11- N 12,RY ( 1) O 13,0.59,2.3,0.033
mol_020_E,sp2,1.6029,BD ( 2) C 11- N 12,BD*( 2) C 5- C 6,6.77,0.54,0.054
mol_020_E,sp2,1.6029,BD ( 2) C 11- N 12,BD*( 1) C 10- H 24,1.04,0.95,0.028
mol_020_E,sp2,1.6029,BD ( 2) C 11- N 12,BD*( 1) C 10- H 25,1.46,0.94,0.033
mol_020_E,sp2,1.6029,BD ( 2) C 11- N 12,BD*( 1) O 13- H 26,0.91,0.92,0.026
mol_020_E,sp2,1.6029,BD ( 1) N 12- O 13,BD*( 1) C 5- C 11,4.85,1.28,0.07
mol_020_E,sp2,1.6029,BD ( 1) N 12- O 13,BD*( 1) C 10- C 11,1.12,1.23,0.033
mol_020_E,sp2,1.6029,BD ( 1) N 12- O 13,RY ( 2) C 11,1.19,2.01,0.044
mol_020_E,sp2,1.6029,BD ( 1) O 13- H 26,BD*( 2) C 11- N 12,0.88,0.94,0.026
mol_020_E,sp2,1.6029,BD ( 1) O 13- H 27,BD*( 1) C 11- N 12,0.71,1.52,0.029
mol_020_E,sp2,1.6029,BD ( 1) O 13- H 27,RY ( 1) C 10,0.54,1.68,0.027
mol_020_E,sp3,1.7029,LP ( 1) N 12,BD*( 1) C 10- C 11,5.4,1.04,0.067
mol_020_E,sp3,1.7029,LP ( 1) N 12,RY ( 1) C 11,7.44,1.49,0.094
mol_020_E,sp3,1.7029,LP ( 1) O 13,BD*( 1) C 5- C 11,0.62,1.18,0.024
mol_020_E,sp3,1.7029,LP ( 1) O 13,BD*( 1) C 9- C 10,0.7,1.13,0.025
mol_020_E,sp3,1.7029,LP ( 1) O 13,BD*( 2) C 11- N 12,0.53,0.73,0.018
mol_020_E,sp3,1.7029,LP ( 1) O 13,RY ( 1) H 26,1.32,2.68,0.053
mol_020_E,sp3,1.7029,LP ( 1) O 13,RY ( 1) H 27,1.31,2.6,0.052
mol_020_E,sp3,1.7029,BD ( 1) C 1- C 2,BD*( 1) C 1- H 15,0.51,1.12,0.021
mol_020_E,sp3,1.7029,BD ( 1) C 1- C 2,BD*( 1) C 2- C 3,1.3,1.29,0.037
mol_020_E,sp3,1.7029,BD ( 1) C 1- C 2,BD*( 1) C 2- C 7,1.47,1.3,0.039
mol_020_E,sp3,1.7029,BD ( 1) C 1- C 2,BD*( 1) C 3- C 4,2.35,1.31,0.05
mol_020_E,sp3,1.7029,BD ( 1) C 1- C 2,BD*( 1) C 6- C 7,2.58,1.29,0.052
mol_020_E,sp3,1.7029,BD ( 1) C 1- C 2,BD*( 1) C 7- H 19,0.51,1.16,0.022
mol_020_E,sp3,1.7029,BD ( 1) C 1- C 2,RY ( 1) C 3,1.72,1.91,0.051
mol_020_E,sp3,1.7029,BD ( 1) C 1- C 2,RY ( 1) C 7,1.27,1.89,0.044
mol_020_E,sp3,1.7029,BD ( 1) C 1- C 2,RY ( 2) C 7,0.65,1.67,0.029
mol_020_E,sp3,1.7029,BD ( 1) C 1- H 14,BD*( 1) C 2- C 3,4.64,1.2,0.067
mol_020_E,sp3,1.7029,BD ( 1) C 1- H 15,BD*( 1) C 2- C 7,1.35,1.21,0.036
mol_020_E,sp3,1.7029,BD ( 1) C 1- H 15,BD*( 2) C 2- C 7,7.4,0.64,0.061
mol_020_E,sp3,1.7029,BD ( 1) C 1- H 15,RY ( 3) C 2,0.77,1.44,0.03
mol_020_E,sp3,1.7029,BD ( 1) C 1- H 16,BD*( 1) C 2- C 7,2.66,1.21,0.051
mol_020_E,sp3,1.7029,BD ( 1) C 1- H 16,BD*( 2) C 2- C 7,4.72,0.64,0.049
mol_020_E,sp3,1.7029,BD ( 1) C 2- C 3,BD*( 1) C 1- C 2,1.32,1.19,0.035
mol_020_E,sp3,1.7029,BD ( 1) C 2- C 3,BD*( 1) C 1- H 14,0.92,1.18,0.029
mol_020_E,sp3,1.7029,BD ( 1) C 2- C 3,BD*( 1) C 2- C 7,2.26,1.34,0.049
mol_020_E,sp3,1.7029,BD ( 1) C 2- C 3,BD*( 1) C 3- C 4,2.62,1.36,0.053
mol_020_E,sp3,1.7029,BD ( 1) C 2- C 3,BD*( 1) C 3- H 17,1.07,1.21,0.032
mol_020_E,sp3,1.7029,BD ( 1) C 2- C 3,BD*( 1) C 4- H 18,2.31,1.21,0.047
mol_020_E,sp3,1.7029,BD ( 1) C 2- C 3,BD*( 1) C 7- H 19,2.81,1.21,0.052
mol_020_E,sp3,1.7029,BD ( 1) C 2- C 3,RY ( 1) C 1,1.4,1.36,0.039
mol_020_E,sp3,1.7029,BD ( 1) C 2- C 3,RY ( 1) C 4,0.8,1.94,0.035
mol_020_E,sp3,1.7029,BD ( 1) C 2- C 3,RY ( 2) C 4,1.64,1.85,0.049
mol_020_E,sp3,1.7029,BD ( 1) C 2- C 3,RY ( 1) C 7,1.03,1.94,0.04
mol_020_E,sp3,1.7029,BD ( 1) C 2- C 3,RY ( 2) C 7,0.66,1.71,0.03
mol_020_E,sp3,1.7029,BD ( 1) C 2- C 7,BD*( 1) C 1- C 2,1.45,1.2,0.037
mol_020_E,sp3,1.7029,BD ( 1) C 2- C 7,BD*( 1) C 1- H 16,0.55,1.18,0.023
mol_020_E,sp3,1.7029,BD ( 1) C 2- C 7,BD*( 1) C 2- C 3,2.39,1.34,0.051
mol_020_E,sp3,1.7029,BD ( 1) C 2- C 7,BD*( 1) C 3- H 17,2.55,1.21,0.05
mol_020_E,sp3,1.7029,BD ( 1) C 2- C 7,BD*( 1) C 6- C 7,3.59,1.34,0.062
mol_020_E,sp3,1.7029,BD ( 1) C 2- C 7,BD*( 1) C 6- C 8,3.01,1.2,0.054
mol_020_E,sp3,1.7029,BD ( 1) C 2- C 7,BD*( 1) C 7- H 19,1.28,1.21,0.035
mol_020_E,sp3,1.7029,BD ( 1) C 2- C 7,RY ( 1) C 1,1.01,1.36,0.033
mol_020_E,sp3,1.7029,BD ( 1) C 2- C 7,RY ( 1) C 3,1.14,1.96,0.042
mol_020_E,sp3,1.7029,BD ( 1) C 2- C 7,RY ( 1) C 6,1.38,2.04,0.047
mol_020_E,sp3,1.7029,BD ( 1) C 2- C 7,RY ( 3) C 6,0.91,1.96,0.038
mol_020_E,sp3,1.7029,BD ( 2) C 2- C 7,BD*( 1) C 1- H 15,3.82,0.79,0.049
mol_020_E,sp3,1.7029,BD ( 2) C 2- C 7,BD*( 1) C 1- H 16,2.75,0.8,0.042
mol_020_E,sp3,1.7029,BD ( 2) C 2- C 7,BD*( 2) C 3- C 4,28.56,0.39,0.095
mol_020_E,sp3,1.7029,BD ( 2) C 2- C 7,BD*( 2) C 5- C 6,46.26,0.38,0.118
mol_020_E,sp3,1.7029,BD ( 2) C 2- C 7,RY ( 2) C 1,0.96,1.15,0.03
mol_020_E,sp3,1.7029,BD ( 2) C 2- C 7,RY ( 3) C 3,2.18,0.92,0.04
mol_020_E,sp3,1.7029,BD ( 1) C 3- C 4,BD*( 1) C 1- C 2,3.17,1.2,0.055
mol_020_E,sp3,1.7029,BD ( 1) C 3- C 4,BD*( 1) C 2- C 3,2.82,1.35,0.055
mol_020_E,sp3,1.7029,BD ( 1) C 3- C 4,BD*( 1) C 3- H 17,1.04,1.22,0.032
mol_020_E,sp3,1.7029,BD ( 1) C 3- C 4,BD*( 1) C 4- C 5,2.88,1.33,0.055
mol_020_E,sp3,1.7029,BD ( 1) C 3- C 4,BD*( 1) C 4- H 18,1.15,1.22,0.033
mol_020_E,sp3,1.7029,BD ( 1) C 3- C 4,BD*( 1) C 5- C 11,3.62,1.21,0.059
mol_020_E,sp3,1.7029,BD ( 1) C 3- C 4,RY ( 1) C 2,1.25,2.12,0.046
mol_020_E,sp3,1.7029,BD ( 1) C 3- C 4,RY ( 2) C 2,1.07,2.04,0.042
mol_020_E,sp3,1.7029,BD ( 1) C 3- C 4,RY ( 4) C 4,0.51,2.9,0.034
mol_020_E,sp3,1.7029,BD ( 1) C 3- C 4,RY ( 1) C 5,2.12,1.85,0.056
mol_020_E,sp3,1.7029,BD ( 1) C 3- C 4,RY ( 5) C 5,0.62,2.64,0.036
mol_020_E,sp3,1.7029,BD ( 2) C 3- C 4,BD*( 2) C 2- C 7,37.24,0.41,0.11
mol_020_E,sp3,1.7029,BD ( 2) C 3- C 4,BD*( 2) C 5- C 6,29.54,0.39,0.096
mol_020_E,sp3,1.7029,BD ( 2) C 3- C 4,RY ( 3) C 3,0.5,0.93,0.019
mol_020_E,sp3,1.7029,BD ( 1) C 3- H 17,BD*( 1) C 2- C 3,0.68,1.22,0.026
mol_020_E,sp3,1.7029,BD ( 1) C 3- H 17,BD*( 1) C 2- C 7,4.23,1.23,0.064
mol_020_E,sp3,1.7029,BD ( 1) C 3- H 17,BD*( 1) C 3- C 4,0.66,1.24,0.025
mol_020_E,sp3,1.7029,BD ( 1) C 3- H 17,BD*( 1) C 4- C 5,3.81,1.2,0.06
mol_020_E,sp3,1.7029,BD ( 1) C 3- H 17,BD*( 1) C 4- H 18,0.94,1.09,0.029
mol_020_E,sp3,1.7029,BD ( 1) C 3- H 17,RY ( 1) C 2,1.28,2.0,0.045
mol_020_E,sp3,1.7029,BD ( 1) C 3- H 17,RY ( 1) C 4,0.98,1.82,0.038
mol_020_E,sp3,1.7029,BD ( 1) C 4- C 5,BD*( 1) C 3- C 4,2.66,1.37,0.054
mol_020_E,sp3,1.7029,BD ( 1) C 4- C 5,BD*( 1) C 3- H 17,2.26,1.22,0.047
mol_020_E,sp3,1.7029,BD ( 1) C 4- C 5,BD*( 1) C 4- H 18,0.94,1.22,0.03
mol_020_E,sp3,1.7029,BD ( 1) C 4- C 5,BD*( 1) C 5- C 6,4.58,1.34,0.07
mol_020_E,sp3,1.7029,BD ( 1) C 4- C 5,BD*( 1) C 5- C 11,2.29,1.21,0.047
mol_020_E,sp3,1.7029,BD ( 1) C 4- C 5,BD*( 1) C 6- C 8,2.83,1.2,0.052
mol_020_E,sp3,1.7029,BD ( 1) C 4- C 5,BD*( 1) C 10- C 11,1.84,1.16,0.041
mol_020_E,sp3,1.7029,BD ( 1) C 4- C 5,RY ( 1) C 3,1.08,1.97,0.041
mol_020_E,sp3,1.7029,BD ( 1) C 4- C 5,RY ( 2) C 3,1.8,1.95,0.053
mol_020_E,sp3,1.7029,BD ( 1) C 4- C 5,RY ( 1) C 6,0.9,2.04,0.038
mol_020_E,sp3,1.7029,BD ( 1) C 4- C 5,RY ( 1) C 11,1.26,1.62,0.04
mol_020_E,sp3,1.7029,BD ( 1) C 4- H 18,BD*( 1) C 2- C 3,3.61,1.23,0.059
mol_020_E,sp3,1.7029,BD ( 1) C 4- H 18,BD*( 1) C 3- C 4,0.69,1.25,0.026
mol_020_E,sp3,1.7029,BD ( 1) C 4- H 18,BD*( 1) C 3- H 17,0.99,1.1,0.029
mol_020_E,sp3,1.7029,BD ( 1) C 4- H 18,BD*( 1) C 5- C 6,4.41,1.22,0.066
mol_020_E,sp3,1.7029,BD ( 1) C 4- H 18,BD*( 1) C 5- C 11,0.74,1.09,0.025
mol_020_E,sp3,1.7029,BD ( 1) C 4- H 18,RY ( 1) C 3,1.05,1.85,0.039
mol_020_E,sp3,1.7029,BD ( 1) C 4- H 18,RY ( 1) C 5,0.77,1.73,0.032
mol_020_E,sp3,1.7029,BD ( 1) C 5- C 6,BD*( 1) C 4- C 5,4.28,1.33,0.067
mol_020_E,sp3,1.7029,BD ( 1) C 5- C 6,BD*( 1) C 4- H 18,2.12,1.22,0.045
mol_020_E,sp3,1.7029,BD ( 1) C 5- C 6,BD*( 1) C 5- C 11,2.28,1.21,0.047
mol_020_E,sp3,1.7029,BD ( 1) C 5- C 6,BD*( 1) C 6- C 7,2.64,1.35,0.053
mol_020_E,sp3,1.7029,BD ( 1) C 5- C 6,BD*( 1) C 6- C 8,1.75,1.2,0.041
mol_020_E,sp3,1.7029,BD ( 1) C 5- C 6,BD*( 1) C 7- H 19,2.37,1.22,0.048
mol_020_E,sp3,1.7029,BD ( 1) C 5- C 6,BD*( 1) C 8- H 21,0.8,1.19,0.028
mol_020_E,sp3,1.7029,BD ( 1) C 5- C 6,BD*( 1) C 11- N 12,1.39,1.34,0.039
mol_020_E,sp3,1.7029,BD ( 1) C 5- C 6,RY ( 1) C 4,0.88,1.94,0.037
mol_020_E,sp3,1.7029,BD ( 1) C 5- C 6,RY ( 1) C 7,1.36,1.95,0.046
mol_020_E,sp3,1.7029,BD ( 1) C 5- C 6,RY ( 2) C 7,0.65,1.72,0.03
mol_020_E,sp3,1.7029,BD ( 1) C 5- C 6,RY ( 1) C 8,1.25,1.62,0.04
mol_020_E,sp3,1.7029,BD ( 1) C 5- C 6,RY ( 2) C 11,0.6,1.89,0.03
mol_020_E,sp3,1.7029,BD ( 2) C 5- C 6,BD*( 2) C 2- C 7,25.37,0.41,0.091
mol_020_E,sp3,1.7029,BD ( 2) C 5- C 6,BD*( 2) C 3- C 4,35.15,0.4,0.106
mol_020_E,sp3,1.7029,BD ( 2) C 5- C 6,BD*( 1) C 8- C 9,0.86,0.79,0.023
mol_020_E,sp3,1.7029,BD ( 2) C 5- C 6,BD*( 1) C 8- H 20,3.47,0.8,0.047
mol_020_E,sp3,1.7029,BD ( 2) C 5- C 6,BD*( 1) C 8- H 21,0.61,0.82,0.02
mol_020_E,sp3,1.7029,BD ( 2) C 5- C 6,BD*( 1) C 10- C 11,0.63,0.79,0.02
mol_020_E,sp3,1.7029,BD ( 2) C 5- C 6,BD*( 2) C 11- N 12,31.19,0.38,0.097
mol_020_E,sp3,1.7029,BD ( 2) C 5- C 6,RY ( 3) C 4,2.03,1.33,0.046
mol_020_E,sp3,1.7029,BD ( 2) C 5- C 6,RY ( 3) C 7,1.8,0.93,0.037
mol_020_E,sp3,1.7029,BD ( 1) C 5- C 11,BD*( 1) C 3- C 4,1.43,1.36,0.039
mol_020_E,sp3,1.7029,BD ( 1) C 5- C 11,BD*( 1) C 4- C 5,1.9,1.32,0.045
mol_020_E,sp3,1.7029,BD ( 1) C 5- C 11,BD*( 1) C 5- C 6,1.81,1.33,0.044
mol_020_E,sp3,1.7029,BD ( 1) C 5- C 11,BD*( 1) C 6- C 7,2.48,1.34,0.051
mol_020_E,sp3,1.7029,BD ( 1) C 5- C 11,BD*( 1) C 10- C 11,1.13,1.15,0.032
mol_020_E,sp3,1.7029,BD ( 1) C 5- C 11,BD*( 1) C 10- H 24,0.57,1.17,0.023
mol_020_E,sp3,1.7029,BD ( 1) C 5- C 11,BD*( 1) C 11- N 12,1.44,1.33,0.039
mol_020_E,sp3,1.7029,BD ( 1) C 5- C 11,BD*( 1) N 12- O 13,16.07,0.7,0.095
mol_020_E,sp3,1.7029,BD ( 1) C 5- C 11,RY ( 1) C 4,1.55,1.94,0.049
mol_020_E,sp3,1.7029,BD ( 1) C 5- C 11,RY ( 1) C 6,1.54,2.04,0.05
mol_020_E,sp3,1.7029,BD ( 1) C 5- C 11,RY ( 1) C 10,0.94,1.49,0.033
mol_020_E,sp3,1.7029,BD ( 1) C 5- C 11,RY ( 1) N 12,1.56,1.71,0.046
mol_020_E,sp3,1.7029,BD ( 1) C 6- C 7,BD*( 1) C 1- C 2,2.98,1.2,0.053
mol_020_E,sp3,1.7029,BD ( 1) C 6- C 7,BD*( 1) C 2- C 7,3.65,1.35,0.063
mol_020_E,sp3,1.7029,BD ( 1) C 6- C 7,BD*( 1) C 5- C 6,3.2,1.33,0.058
mol_020_E,sp3,1.7029,BD ( 1) C 6- C 7,BD*( 1) C 5- C 11,3.43,1.21,0.057
mol_020_E,sp3,1.7029,BD ( 1) C 6- C 7,BD*( 1) C 6- C 8,1.78,1.2,0.041
mol_020_E,sp3,1.7029,BD ( 1) C 6- C 7,BD*( 1) C 7- H 19,1.24,1.21,0.035
mol_020_E,sp3,1.7029,BD ( 1) C 6- C 7,BD*( 1) C 8- C 9,0.6,1.16,0.023
mol_020_E,sp3,1.7029,BD ( 1) C 6- C 7,RY ( 1) C 2,1.4,2.12,0.049
mol_020_E,sp3,1.7029,BD ( 1) C 6- C 7,RY ( 2) C 2,1.19,2.04,0.044
mol_020_E,sp3,1.7029,BD ( 1) C 6- C 7,RY ( 1) C 5,0.57,1.84,0.029
mol_020_E,sp3,1.7029,BD ( 1) C 6- C 7,RY ( 2) C 5,1.37,2.01,0.047
mol_020_E,sp3,1.7029,BD ( 1) C 6- C 7,RY ( 3) C 5,0.52,2.01,0.029
mol_020_E,sp3,1.7029,BD ( 1) C 6- C 7,RY ( 1) C 8,1.16,1.62,0.039
mol_020_E,sp3,1.7029,BD ( 1) C 6- C 7,RY ( 1) H 19,0.56,1.7,0.027
mol_020_E,sp3,1.7029,BD ( 1) C 6- C 8,BD*( 1) C 2- C 7,2.18,1.29,0.047
mol_020_E,sp3,1.7029,BD ( 1) C 6- C 8,BD*( 1) C 4- C 5,3.15,1.27,0.056
mol_020_E,sp3,1.7029,BD ( 1) C 6- C 8,BD*( 1) C 5- C 6,1.52,1.28,0.039
mol_020_E,sp3,1.7029,BD ( 1) C 6- C 8,BD*( 1) C 6- C 7,1.84,1.29,0.043
mol_020_E,sp3,1.7029,BD ( 1) C 6- C 8,BD*( 1) C 7- H 19,0.54,1.16,0.022
mol_020_E,sp3,1.7029,BD ( 1) C 6- C 8,BD*( 1) C 8- C 9,0.82,1.11,0.027
mol_020_E,sp3,1.7029,BD ( 1) C 6- C 8,BD*( 1) C 8- H 21,0.54,1.13,0.022
mol_020_E,sp3,1.7029,BD ( 1) C 6- C 8,BD*( 1) C 9- H 22,1.76,1.13,0.04
mol_020_E,sp3,1.7029,BD ( 1) C 6- C 8,RY ( 2) C 5,0.97,1.95,0.039
mol_020_E,sp3,1.7029,BD ( 1) C 6- C 8,RY ( 1) C 7,1.61,1.89,0.049
mol_020_E,sp3,1.7029,BD ( 1) C 6- C 8,RY ( 1) C 9,1.25,1.61,0.04
mol_020_E,sp3,1.7029,BD ( 1) C 7- H 19,BD*( 1) C 2- C 3,4.42,1.22,0.065
mol_020_E,sp3,1.7029,BD ( 1) C 7- H 19,BD*( 1) C 2- C 7,0.91,1.22,0.03
mol_020_E,sp3,1.7029,BD ( 1) C 7- H 19,BD*( 1) C 5- C 6,4.68,1.21,0.067
mol_020_E,sp3,1.7029,BD ( 1) C 7- H 19,BD*( 1) C 6- C 7,0.91,1.22,0.03
mol_020_E,sp3,1.7029,BD ( 1) C 7- H 19,BD*( 1) C 6- C 8,0.52,1.07,0.021
mol_020_E,sp3,1.7029,BD ( 1) C 7- H 19,RY ( 1) C 2,1.22,1.99,0.044
mol_020_E,sp3,1.7029,BD ( 1) C 7- H 19,RY ( 1) C 6,1.14,1.91,0.042
mol_020_E,sp3,1.7029,BD ( 1) C 8- C 9,BD*( 2) C 5- C 6,2.28,0.68,0.035
mol_020_E,sp3,1.7029,BD ( 1) C 8- C 9,BD*( 1) C 6- C 7,2.51,1.27,0.05
mol_020_E,sp3,1.7029,BD ( 1) C 8- C 9,BD*( 1) C 6- C 8,0.95,1.12,0.029
mol_020_E,sp3,1.7029,BD ( 1) C 8- C 9,BD*( 1) C 8- H 21,0.51,1.11,0.021
mol_020_E,sp3,1.7029,BD ( 1) C 8- C 9,BD*( 1) C 10- H 24,2.02,1.1,0.042
mol_020_E,sp3,1.7029,BD ( 1) C 8- C 9,RY ( 2) C 6,1.46,1.79,0.046
mol_020_E,sp3,1.7029,BD ( 1) C 8- C 9,RY ( 2) C 10,1.14,1.6,0.038
mol_020_E,sp3,1.7029,BD ( 1) C 8- H 20,BD*( 2) C 5- C 6,8.14,0.62,0.063
mol_020_E,sp3,1.7029,BD ( 1) C 8- H 20,BD*( 1) C 6- C 7,0.7,1.2,0.026
mol_020_E,sp3,1.7029,BD ( 1) C 8- H 20,BD*( 1) C 9- H 23,3.33,1.03,0.052
mol_020_E,sp3,1.7029,BD ( 1) C 8- H 21,BD*( 1) C 5- C 6,4.27,1.19,0.064
mol_020_E,sp3,1.7029,BD ( 1) C 8- H 21,BD*( 2) C 5- C 6,1.36,0.62,0.026
mol_020_E,sp3,1.7029,BD ( 1) C 8- H 21,BD*( 1) C 9- C 10,3.15,1.02,0.051
mol_020_E,sp3,1.7029,BD ( 1) C 9- C 10,BD*( 1) C 8- H 21,1.95,1.13,0.042
mol_020_E,sp3,1.7029,BD ( 1) C 9- C 10,BD*( 1) C 10- C 11,0.82,1.1,0.027
mol_020_E,sp3,1.7029,BD ( 1) C 9- C 10,BD*( 1) C 10- H 24,0.65,1.11,0.024
mol_020_E,sp3,1.7029,BD ( 1) C 9- C 10,BD*( 1) C 10- H 25,0.58,1.1,0.023
mol_020_E,sp3,1.7029,BD ( 1) C 9- C 10,BD*( 1) C 11- N 12,3.78,1.27,0.062
mol_020_E,sp3,1.7029,BD ( 1) C 9- C 10,RY ( 1) C 8,0.88,1.56,0.033
mol_020_E,sp3,1.7029,BD ( 1) C 9- C 10,RY ( 3) C 11,0.63,2.05,0.032
mol_020_E,sp3,1.7029,BD ( 1) C 9- H 22,BD*( 1) C 6- C 8,2.98,1.06,0.05
mol_020_E,sp3,1.7029,BD ( 1) C 9- H 22,BD*( 1) C 10- C 11,4.06,1.02,0.057
mol_020_E,sp3,1.7029,BD ( 1) C 9- H 22,BD*( 1) C 10- H 25,0.81,1.02,0.026
mol_020_E,sp3,1.7029,BD ( 1) C 9- H 23,BD*( 1) C 8- H 20,3.29,1.03,0.052
mol_020_E,sp3,1.7029,BD ( 1) C 9- H 23,BD*( 1) C 10- H 24,0.65,1.03,0.023
mol_020_E,sp3,1.7029,BD ( 1) C 9- H 23,BD*( 1) C 10- H 25,3.18,1.02,0.051
mol_020_E,sp3,1.7029,BD ( 1) C 9- H 23,RY ( 1) C 8,0.62,1.47,0.027
mol_020_E,sp3,1.7029,BD ( 1) C 10- C 11,BD*( 1) C 4- C 5,2.23,1.32,0.048
mol_020_E,sp3,1.7029,BD ( 1) C 10- C 11,BD*( 1) C 5- C 11,1.33,1.2,0.036
mol_020_E,sp3,1.7029,BD ( 1) C 10- C 11,BD*( 1) C 9- C 10,0.67,1.15,0.025
mol_020_E,sp3,1.7029,BD ( 1) C 10- C 11,BD*( 1) C 9- H 22,1.21,1.18,0.034
mol_020_E,sp3,1.7029,BD ( 1) C 10- C 11,BD*( 1) C 11- N 12,0.78,1.33,0.029
mol_020_E,sp3,1.7029,BD ( 1) C 10- C 11,BD*( 1) N 12- O 13,5.28,0.69,0.054
mol_020_E,sp3,1.7029,BD ( 1) C 10- C 11,RY ( 2) C 5,0.51,2.0,0.028
mol_020_E,sp3,1.7029,BD ( 1) C 10- C 11,RY ( 1) C 9,0.96,1.66,0.036
mol_020_E,sp3,1.7029,BD ( 1) C 10- C 11,RY ( 1) N 12,1.51,1.71,0.045
mol_020_E,sp3,1.7029,BD ( 1) C 10- H 24,BD*( 1) C 5- C 11,2.52,1.08,0.047
mol_020_E,sp3,1.7029,BD ( 1) C 10- H 24,BD*( 1) C 8- C 9,2.85,1.04,0.049
mol_020_E,sp3,1.7029,BD ( 1) C 10- H 24,BD*( 1) C 9- H 23,0.69,1.05,0.024
mol_020_E,sp3,1.7029,BD ( 1) C 10- H 24,BD*( 2) C 11- N 12,7.17,0.63,0.06
mol_020_E,sp3,1.7029,BD ( 1) C 10- H 25,BD*( 1) C 5- C 11,1.88,1.08,0.04
mol_020_E,sp3,1.7029,BD ( 1) C 10- H 25,BD*( 1) C 9- H 22,0.78,1.06,0.026
mol_020_E,sp3,1.7029,BD ( 1) C 10- H 25,BD*( 1) C 9- H 23,2.99,1.05,0.05
mol_020_E,sp3,1.7029,BD ( 1) C 10- H 25,BD*( 2) C 11- N 12,11.13,0.62,0.074
mol_020_E,sp3,1.7029,BD ( 1) C 11- N 12,BD*( 1) C 5- C 6,1.22,1.58,0.039
mol_020_E,sp3,1.7029,BD ( 1) C 11- N 12,BD*( 1) C 5- C 11,1.28,1.45,0.038
mol_020_E,sp3,1.7029,BD ( 1) C 11- N 12,BD*( 1) C 10- C 11,1.75,1.4,0.044
mol_020_E,sp3,1.7029,BD ( 1) C 11- N 12,RY ( 1) C 5,1.48,2.09,0.05
mol_020_E,sp3,1.7029,BD ( 1) C 11- N 12,RY ( 2) C 5,0.64,2.25,0.034
mol_020_E,sp3,1.7029,BD ( 2) C 11- N 12,BD*( 2) C 5- C 6,6.4,0.54,0.053
mol_020_E,sp3,1.7029,BD ( 2) C 11- N 12,BD*( 1) C 10- H 24,1.05,0.96,0.028
mol_020_E,sp3,1.7029,BD ( 2) C 11- N 12,BD*( 1) C 10- H 25,1.33,0.95,0.032
mol_020_E,sp3,1.7029,BD ( 1) N 12- O 13,BD*( 1) C 5- C 11,5.18,1.2,0.071
mol_020_E,sp3,1.7029,BD ( 1) N 12- O 13,BD*( 1) C 10- C 11,1.45,1.16,0.037
mol_020_E,sp3,1.7029,BD ( 1) N 12- O 13,RY ( 3) C 11,0.79,2.11,0.036
mol_020_E,sp3,1.7029,BD ( 1) O 13- H 26,BD*( 2) C 11- N 12,0.57,0.93,0.02
mol_020_E,sp3,1.7029,BD ( 1) O 13- H 27,RY ( 1) C 10,0.67,1.67,0.03
mol_020_E,sp4,1.8029,LP ( 1) N 12,BD*( 1) C 10- C 11,4.77,1.04,0.063
mol_020_E,sp4,1.8029,LP ( 1) N 12,RY ( 1) C 11,8.17,1.47,0.098
mol_020_E,sp4,1.8029,LP ( 1) O 13,BD*( 1) C 5- C 11,0.52,1.18,0.022
mol_020_E,sp4,1.8029,LP ( 1) O 13,BD*( 1) C 9- C 10,0.62,1.14,0.024
mol_020_E,sp4,1.8029,LP ( 1) O 13,RY ( 1) H 26,1.33,2.66,0.053
mol_020_E,sp4,1.8029,LP ( 1) O 13,RY ( 1) H 27,1.3,2.59,0.052
mol_020_E,sp4,1.8029,BD ( 1) C 1- C 2,BD*( 1) C 1- H 15,0.5,1.12,0.021
mol_020_E,sp4,1.8029,BD ( 1) C 1- C 2,BD*( 1) C 2- C 3,1.3,1.29,0.037
mol_020_E,sp4,1.8029,BD ( 1) C 1- C 2,BD*( 1) C 2- C 7,1.46,1.3,0.039
mol_020_E,sp4,1.8029,BD ( 1) C 1- C 2,BD*( 1) C 3- C 4,2.36,1.31,0.05
mol_020_E,sp4,1.8029,BD ( 1) C 1- C 2,BD*( 1) C 6- C 7,2.59,1.29,0.052
mol_020_E,sp4,1.8029,BD ( 1) C 1- C 2,BD*( 1) C 7- H 19,0.51,1.16,0.022
mol_020_E,sp4,1.8029,BD ( 1) C 1- C 2,RY ( 1) C 3,1.72,1.91,0.051
mol_020_E,sp4,1.8029,BD ( 1) C 1- C 2,RY ( 1) C 7,1.29,1.89,0.044
mol_020_E,sp4,1.8029,BD ( 1) C 1- C 2,RY ( 2) C 7,0.64,1.67,0.029
mol_020_E,sp4,1.8029,BD ( 1) C 1- H 14,BD*( 1) C 2- C 3,4.63,1.2,0.067
mol_020_E,sp4,1.8029,BD ( 1) C 1- H 15,BD*( 1) C 2- C 7,1.33,1.2,0.036
mol_020_E,sp4,1.8029,BD ( 1) C 1- H 15,BD*( 2) C 2- C 7,7.46,0.63,0.061
mol_020_E,sp4,1.8029,BD ( 1) C 1- H 15,RY ( 3) C 2,0.77,1.45,0.03
mol_020_E,sp4,1.8029,BD ( 1) C 1- H 16,BD*( 1) C 2- C 7,2.68,1.21,0.051
mol_020_E,sp4,1.8029,BD ( 1) C 1- H 16,BD*( 2) C 2- C 7,4.68,0.64,0.049
mol_020_E,sp4,1.8029,BD ( 1) C 2- C 3,BD*( 1) C 1- C 2,1.32,1.19,0.035
mol_020_E,sp4,1.8029,BD ( 1) C 2- C 3,BD*( 1) C 1- H 14,0.92,1.18,0.029
mol_020_E,sp4,1.8029,BD ( 1) C 2- C 3,BD*( 1) C 2- C 7,2.24,1.34,0.049
mol_020_E,sp4,1.8029,BD ( 1) C 2- C 3,BD*( 1) C 3- C 4,2.61,1.36,0.053
mol_020_E,sp4,1.8029,BD ( 1) C 2- C 3,BD*( 1) C 3- H 17,1.08,1.21,0.032
mol_020_E,sp4,1.8029,BD ( 1) C 2- C 3,BD*( 1) C 4- H 18,2.31,1.21,0.047
mol_020_E,sp4,1.8029,BD ( 1) C 2- C 3,BD*( 1) C 7- H 19,2.79,1.21,0.052
mol_020_E,sp4,1.8029,BD ( 1) C 2- C 3,RY ( 1) C 1,1.39,1.36,0.039
mol_020_E,sp4,1.8029,BD ( 1) C 2- C 3,RY ( 1) C 4,0.78,1.92,0.035
mol_020_E,sp4,1.8029,BD ( 1) C 2- C 3,RY ( 2) C 4,1.65,1.85,0.049
mol_020_E,sp4,1.8029,BD ( 1) C 2- C 3,RY ( 1) C 7,1.04,1.94,0.04
mol_020_E,sp4,1.8029,BD ( 1) C 2- C 3,RY ( 2) C 7,0.65,1.71,0.03
mol_020_E,sp4,1.8029,BD ( 1) C 2- C 7,BD*( 1) C 1- C 2,1.44,1.2,0.037
mol_020_E,sp4,1.8029,BD ( 1) C 2- C 7,BD*( 1) C 1- H 16,0.56,1.18,0.023
mol_020_E,sp4,1.8029,BD ( 1) C 2- C 7,BD*( 1) C 2- C 3,2.37,1.34,0.05
mol_020_E,sp4,1.8029,BD ( 1) C 2- C 7,BD*( 1) C 3- H 17,2.54,1.21,0.05
mol_020_E,sp4,1.8029,BD ( 1) C 2- C 7,BD*( 1) C 6- C 7,3.57,1.34,0.062
mol_020_E,sp4,1.8029,BD ( 1) C 2- C 7,BD*( 1) C 6- C 8,3.04,1.2,0.054
mol_020_E,sp4,1.8029,BD ( 1) C 2- C 7,BD*( 1) C 7- H 19,1.28,1.21,0.035
mol_020_E,sp4,1.8029,BD ( 1) C 2- C 7,RY ( 1) C 1,1.01,1.36,0.033
mol_020_E,sp4,1.8029,BD ( 1) C 2- C 7,RY ( 1) C 3,1.13,1.96,0.042
mol_020_E,sp4,1.8029,BD ( 1) C 2- C 7,RY ( 1) C 6,1.37,2.03,0.047
mol_020_E,sp4,1.8029,BD ( 1) C 2- C 7,RY ( 3) C 6,0.96,1.99,0.039
mol_020_E,sp4,1.8029,BD ( 2) C 2- C 7,BD*( 1) C 1- H 15,3.82,0.79,0.049
mol_020_E,sp4,1.8029,BD ( 2) C 2- C 7,BD*( 1) C 1- H 16,2.72,0.8,0.042
mol_020_E,sp4,1.8029,BD ( 2) C 2- C 7,BD*( 2) C 3- C 4,28.67,0.39,0.095
mol_020_E,sp4,1.8029,BD ( 2) C 2- C 7,BD*( 2) C 5- C 6,46.84,0.38,0.119
mol_020_E,sp4,1.8029,BD ( 2) C 2- C 7,RY ( 2) C 1,0.97,1.15,0.03
mol_020_E,sp4,1.8029,BD ( 2) C 2- C 7,RY ( 3) C 3,2.16,0.91,0.04
mol_020_E,sp4,1.8029,BD ( 1) C 3- C 4,BD*( 1) C 1- C 2,3.15,1.2,0.055
mol_020_E,sp4,1.8029,BD ( 1) C 3- C 4,BD*( 1) C 2- C 3,2.81,1.35,0.055
mol_020_E,sp4,1.8029,BD ( 1) C 3- C 4,BD*( 1) C 3- H 17,1.03,1.22,0.032
mol_020_E,sp4,1.8029,BD ( 1) C 3- C 4,BD*( 1) C 4- C 5,2.9,1.33,0.055
mol_020_E,sp4,1.8029,BD ( 1) C 3- C 4,BD*( 1) C 4- H 18,1.15,1.22,0.033
mol_020_E,sp4,1.8029,BD ( 1) C 3- C 4,BD*( 1) C 5- C 11,3.76,1.2,0.06
mol_020_E,sp4,1.8029,BD ( 1) C 3- C 4,RY ( 1) C 2,1.25,2.12,0.046
mol_020_E,sp4,1.8029,BD ( 1) C 3- C 4,RY ( 2) C 2,1.07,2.05,0.042
mol_020_E,sp4,1.8029,BD ( 1) C 3- C 4,RY ( 4) C 4,0.5,2.85,0.034
mol_020_E,sp4,1.8029,BD ( 1) C 3- C 4,RY ( 1) C 5,2.13,1.83,0.056
mol_020_E,sp4,1.8029,BD ( 2) C 3- C 4,BD*( 2) C 2- C 7,37.38,0.41,0.11
mol_020_E,sp4,1.8029,BD ( 2) C 3- C 4,BD*( 2) C 5- C 6,29.83,0.39,0.096
mol_020_E,sp4,1.8029,BD ( 1) C 3- H 17,BD*( 1) C 2- C 3,0.69,1.22,0.026
mol_020_E,sp4,1.8029,BD ( 1) C 3- H 17,BD*( 1) C 2- C 7,4.25,1.23,0.064
mol_020_E,sp4,1.8029,BD ( 1) C 3- H 17,BD*( 1) C 3- C 4,0.65,1.24,0.025
mol_020_E,sp4,1.8029,BD ( 1) C 3- H 17,BD*( 1) C 4- C 5,3.8,1.2,0.06
mol_020_E,sp4,1.8029,BD ( 1) C 3- H 17,BD*( 1) C 4- H 18,0.94,1.09,0.029
mol_020_E,sp4,1.8029,BD ( 1) C 3- H 17,RY ( 1) C 2,1.27,2.0,0.045
mol_020_E,sp4,1.8029,BD ( 1) C 3- H 17,RY ( 1) C 4,0.97,1.81,0.037
mol_020_E,sp4,1.8029,BD ( 1) C 4- C 5,BD*( 1) C 3- C 4,2.66,1.37,0.054
mol_020_E,sp4,1.8029,BD ( 1) C 4- C 5,BD*( 1) C 3- H 17,2.24,1.22,0.047
mol_020_E,sp4,1.8029,BD ( 1) C 4- C 5,BD*( 1) C 4- H 18,0.95,1.22,0.03
mol_020_E,sp4,1.8029,BD ( 1) C 4- C 5,BD*( 1) C 5- C 6,4.65,1.34,0.07
mol_020_E,sp4,1.8029,BD ( 1) C 4- C 5,BD*( 1) C 5- C 11,2.26,1.21,0.047
mol_020_E,sp4,1.8029,BD ( 1) C 4- C 5,BD*( 1) C 6- C 8,2.78,1.2,0.052
mol_020_E,sp4,1.8029,BD ( 1) C 4- C 5,BD*( 1) C 10- C 11,1.78,1.16,0.041
mol_020_E,sp4,1.8029,BD ( 1) C 4- C 5,RY ( 1) C 3,1.1,1.97,0.042
mol_020_E,sp4,1.8029,BD ( 1) C 4- C 5,RY ( 2) C 3,1.81,1.96,0.053
mol_020_E,sp4,1.8029,BD ( 1) C 4- C 5,RY ( 1) C 6,0.9,2.04,0.038
mol_020_E,sp4,1.8029,BD ( 1) C 4- C 5,RY ( 3) C 6,0.51,2.0,0.028
mol_020_E,sp4,1.8029,BD ( 1) C 4- C 5,RY ( 1) C 11,1.18,1.58,0.039
mol_020_E,sp4,1.8029,BD ( 1) C 4- H 18,BD*( 1) C 2- C 3,3.57,1.23,0.059
mol_020_E,sp4,1.8029,BD ( 1) C 4- H 18,BD*( 1) C 3- C 4,0.71,1.25,0.027
mol_020_E,sp4,1.8029,BD ( 1) C 4- H 18,BD*( 1) C 3- H 17,0.98,1.1,0.029
mol_020_E,sp4,1.8029,BD ( 1) C 4- H 18,BD*( 1) C 5- C 6,4.46,1.22,0.066
mol_020_E,sp4,1.8029,BD ( 1) C 4- H 18,BD*( 1) C 5- C 11,0.76,1.09,0.026
mol_020_E,sp4,1.8029,BD ( 1) C 4- H 18,RY ( 1) C 3,1.06,1.85,0.04
mol_020_E,sp4,1.8029,BD ( 1) C 4- H 18,RY ( 1) C 5,0.78,1.71,0.033
mol_020_E,sp4,1.8029,BD ( 1) C 5- C 6,BD*( 1) C 4- C 5,4.3,1.33,0.067
mol_020_E,sp4,1.8029,BD ( 1) C 5- C 6,BD*( 1) C 4- H 18,2.09,1.22,0.045
mol_020_E,sp4,1.8029,BD ( 1) C 5- C 6,BD*( 1) C 5- C 11,2.2,1.2,0.046
mol_020_E,sp4,1.8029,BD ( 1) C 5- C 6,BD*( 1) C 6- C 7,2.63,1.35,0.053
mol_020_E,sp4,1.8029,BD ( 1) C 5- C 6,BD*( 1) C 6- C 8,1.77,1.2,0.041
mol_020_E,sp4,1.8029,BD ( 1) C 5- C 6,BD*( 1) C 7- H 19,2.38,1.22,0.048
mol_020_E,sp4,1.8029,BD ( 1) C 5- C 6,BD*( 1) C 8- H 21,0.8,1.19,0.028
mol_020_E,sp4,1.8029,BD ( 1) C 5- C 6,BD*( 1) C 11- N 12,1.35,1.35,0.038
mol_020_E,sp4,1.8029,BD ( 1) C 5- C 6,BD*( 1) N 12- O 13,0.6,0.67,0.018
mol_020_E,sp4,1.8029,BD ( 1) C 5- C 6,RY ( 1) C 4,0.9,1.93,0.037
mol_020_E,sp4,1.8029,BD ( 1) C 5- C 6,RY ( 1) C 7,1.35,1.95,0.046
mol_020_E,sp4,1.8029,BD ( 1) C 5- C 6,RY ( 2) C 7,0.66,1.72,0.03
mol_020_E,sp4,1.8029,BD ( 1) C 5- C 6,RY ( 1) C 8,1.24,1.63,0.04
mol_020_E,sp4,1.8029,BD ( 2) C 5- C 6,BD*( 2) C 2- C 7,25.23,0.41,0.091
mol_020_E,sp4,1.8029,BD ( 2) C 5- C 6,BD*( 2) C 3- C 4,35.07,0.4,0.106
mol_020_E,sp4,1.8029,BD ( 2) C 5- C 6,BD*( 1) C 8- C 9,0.9,0.79,0.024
mol_020_E,sp4,1.8029,BD ( 2) C 5- C 6,BD*( 1) C 8- H 20,3.42,0.8,0.047
mol_020_E,sp4,1.8029,BD ( 2) C 5- C 6,BD*( 1) C 8- H 21,0.55,0.82,0.019
mol_020_E,sp4,1.8029,BD ( 2) C 5- C 6,BD*( 1) C 10- C 11,0.78,0.78,0.022
mol_020_E,sp4,1.8029,BD ( 2) C 5- C 6,BD*( 2) C 11- N 12,29.84,0.39,0.096
mol_020_E,sp4,1.8029,BD ( 2) C 5- C 6,BD*( 1) N 12- O 13,0.91,0.29,0.015
mol_020_E,sp4,1.8029,BD ( 2) C 5- C 6,RY ( 3) C 4,2.07,1.32,0.047
mol_020_E,sp4,1.8029,BD ( 2) C 5- C 6,RY ( 3) C 7,1.74,0.95,0.036
mol_020_E,sp4,1.8029,BD ( 2) C 5- C 6,RY ( 2) C 11,0.53,1.5,0.025
mol_020_E,sp4,1.8029,BD ( 1) C 5- C 11,BD*( 1) C 3- C 4,1.42,1.36,0.039
mol_020_E,sp4,1.8029,BD ( 1) C 5- C 11,BD*( 1) C 4- C 5,1.76,1.32,0.043
mol_020_E,sp4,1.8029,BD ( 1) C 5- C 11,BD*( 1) C 5- C 6,1.66,1.33,0.042
mol_020_E,sp4,1.8029,BD ( 1) C 5- C 11,BD*( 1) C 6- C 7,2.51,1.34,0.052
mol_020_E,sp4,1.8029,BD ( 1) C 5- C 11,BD*( 1) C 10- C 11,1.19,1.15,0.033
mol_020_E,sp4,1.8029,BD ( 1) C 5- C 11,BD*( 1) C 10- H 24,0.52,1.17,0.022
mol_020_E,sp4,1.8029,BD ( 1) C 5- C 11,BD*( 1) C 11- N 12,1.41,1.34,0.039
mol_020_E,sp4,1.8029,BD ( 1) C 5- C 11,BD*( 1) N 12- O 13,19.81,0.66,0.102
mol_020_E,sp4,1.8029,BD ( 1) C 5- C 11,RY ( 1) C 4,1.56,1.92,0.049
mol_020_E,sp4,1.8029,BD ( 1) C 5- C 11,RY ( 1) C 6,1.56,2.03,0.05
mol_020_E,sp4,1.8029,BD ( 1) C 5- C 11,RY ( 1) C 10,0.95,1.49,0.034
mol_020_E,sp4,1.8029,BD ( 1) C 5- C 11,RY ( 1) N 12,1.79,1.67,0.049
mol_020_E,sp4,1.8029,BD ( 1) C 6- C 7,BD*( 1) C 1- C 2,2.95,1.2,0.053
mol_020_E,sp4,1.8029,BD ( 1) C 6- C 7,BD*( 1) C 2- C 7,3.63,1.35,0.062
mol_020_E,sp4,1.8029,BD ( 1) C 6- C 7,BD*( 1) C 5- C 6,3.23,1.33,0.059
mol_020_E,sp4,1.8029,BD ( 1) C 6- C 7,BD*( 1) C 5- C 11,3.47,1.2,0.058
mol_020_E,sp4,1.8029,BD ( 1) C 6- C 7,BD*( 1) C 6- C 8,1.8,1.2,0.041
mol_020_E,sp4,1.8029,BD ( 1) C 6- C 7,BD*( 1) C 7- H 19,1.24,1.21,0.035
mol_020_E,sp4,1.8029,BD ( 1) C 6- C 7,BD*( 1) C 8- C 9,0.57,1.16,0.023
mol_020_E,sp4,1.8029,BD ( 1) C 6- C 7,RY ( 1) C 2,1.39,2.12,0.048
mol_020_E,sp4,1.8029,BD ( 1) C 6- C 7,RY ( 2) C 2,1.18,2.04,0.044
mol_020_E,sp4,1.8029,BD ( 1) C 6- C 7,RY ( 1) C 5,0.63,1.83,0.03
mol_020_E,sp4,1.8029,BD ( 1) C 6- C 7,RY ( 2) C 5,1.31,1.98,0.046
mol_020_E,sp4,1.8029,BD ( 1) C 6- C 7,RY ( 3) C 5,0.55,2.1,0.03
mol_020_E,sp4,1.8029,BD ( 1) C 6- C 7,RY ( 6) C 5,0.56,3.27,0.038
mol_020_E,sp4,1.8029,BD ( 1) C 6- C 7,RY ( 1) C 8,1.17,1.62,0.039
mol_020_E,sp4,1.8029,BD ( 1) C 6- C 7,RY ( 1) H 19,0.56,1.7,0.027
mol_020_E,sp4,1.8029,BD ( 1) C 6- C 8,BD*( 1) C 2- C 7,2.16,1.29,0.047
mol_020_E,sp4,1.8029,BD ( 1) C 6- C 8,BD*( 1) C 4- C 5,3.17,1.27,0.057
mol_020_E,sp4,1.8029,BD ( 1) C 6- C 8,BD*( 1) C 5- C 6,1.53,1.28,0.039
mol_020_E,sp4,1.8029,BD ( 1) C 6- C 8,BD*( 1) C 6- C 7,1.87,1.29,0.044
mol_020_E,sp4,1.8029,BD ( 1) C 6- C 8,BD*( 1) C 7- H 19,0.53,1.16,0.022
mol_020_E,sp4,1.8029,BD ( 1) C 6- C 8,BD*( 1) C 8- C 9,0.79,1.11,0.026
mol_020_E,sp4,1.8029,BD ( 1) C 6- C 8,BD*( 1) C 8- H 21,0.54,1.13,0.022
mol_020_E,sp4,1.8029,BD ( 1) C 6- C 8,BD*( 1) C 9- H 22,1.75,1.13,0.04
mol_020_E,sp4,1.8029,BD ( 1) C 6- C 8,RY ( 1) C 5,0.53,1.77,0.027
mol_020_E,sp4,1.8029,BD ( 1) C 6- C 8,RY ( 2) C 5,0.92,1.93,0.038
mol_020_E,sp4,1.8029,BD ( 1) C 6- C 8,RY ( 1) C 7,1.58,1.89,0.049
mol_020_E,sp4,1.8029,BD ( 1) C 6- C 8,RY ( 1) C 9,1.24,1.62,0.04
mol_020_E,sp4,1.8029,BD ( 1) C 7- H 19,BD*( 1) C 2- C 3,4.42,1.22,0.065
mol_020_E,sp4,1.8029,BD ( 1) C 7- H 19,BD*( 1) C 2- C 7,0.91,1.22,0.03
mol_020_E,sp4,1.8029,BD ( 1) C 7- H 19,BD*( 1) C 5- C 6,4.68,1.21,0.067
mol_020_E,sp4,1.8029,BD ( 1) C 7- H 19,BD*( 1) C 6- C 7,0.9,1.22,0.03
mol_020_E,sp4,1.8029,BD ( 1) C 7- H 19,BD*( 1) C 6- C 8,0.52,1.07,0.021
mol_020_E,sp4,1.8029,BD ( 1) C 7- H 19,RY ( 1) C 2,1.21,1.99,0.044
mol_020_E,sp4,1.8029,BD ( 1) C 7- H 19,RY ( 1) C 6,1.14,1.91,0.042
mol_020_E,sp4,1.8029,BD ( 1) C 8- C 9,BD*( 2) C 5- C 6,2.45,0.68,0.036
mol_020_E,sp4,1.8029,BD ( 1) C 8- C 9,BD*( 1) C 6- C 7,2.5,1.27,0.05
mol_020_E,sp4,1.8029,BD ( 1) C 8- C 9,BD*( 1) C 6- C 8,0.93,1.12,0.029
mol_020_E,sp4,1.8029,BD ( 1) C 8- C 9,BD*( 1) C 8- H 21,0.5,1.11,0.021
mol_020_E,sp4,1.8029,BD ( 1) C 8- C 9,BD*( 1) C 10- H 24,2.04,1.1,0.042
mol_020_E,sp4,1.8029,BD ( 1) C 8- C 9,RY ( 2) C 6,1.46,1.74,0.045
mol_020_E,sp4,1.8029,BD ( 1) C 8- C 9,RY ( 2) C 10,1.23,1.6,0.04
mol_020_E,sp4,1.8029,BD ( 1) C 8- H 20,BD*( 2) C 5- C 6,8.08,0.61,0.063
mol_020_E,sp4,1.8029,BD ( 1) C 8- H 20,BD*( 1) C 6- C 7,0.76,1.2,0.027
mol_020_E,sp4,1.8029,BD ( 1) C 8- H 20,BD*( 1) C 9- H 23,3.31,1.03,0.052
mol_020_E,sp4,1.8029,BD ( 1) C 8- H 21,BD*( 1) C 5- C 6,4.33,1.19,0.064
mol_020_E,sp4,1.8029,BD ( 1) C 8- H 21,BD*( 2) C 5- C 6,1.28,0.62,0.025
mol_020_E,sp4,1.8029,BD ( 1) C 8- H 21,BD*( 1) C 9- C 10,3.14,1.02,0.05
mol_020_E,sp4,1.8029,BD ( 1) C 9- C 10,BD*( 1) C 8- H 21,1.91,1.13,0.041
mol_020_E,sp4,1.8029,BD ( 1) C 9- C 10,BD*( 1) C 10- C 11,0.77,1.09,0.026
mol_020_E,sp4,1.8029,BD ( 1) C 9- C 10,BD*( 1) C 10- H 24,0.65,1.11,0.024
mol_020_E,sp4,1.8029,BD ( 1) C 9- C 10,BD*( 1) C 10- H 25,0.57,1.11,0.022
mol_020_E,sp4,1.8029,BD ( 1) C 9- C 10,BD*( 1) C 11- N 12,3.86,1.28,0.063
mol_020_E,sp4,1.8029,BD ( 1) C 9- C 10,RY ( 1) C 8,0.89,1.56,0.033
mol_020_E,sp4,1.8029,BD ( 1) C 9- C 10,RY ( 3) C 11,0.6,2.16,0.032
mol_020_E,sp4,1.8029,BD ( 1) C 9- H 22,BD*( 1) C 6- C 8,2.97,1.05,0.05
mol_020_E,sp4,1.8029,BD ( 1) C 9- H 22,BD*( 1) C 10- C 11,4.14,1.01,0.058
mol_020_E,sp4,1.8029,BD ( 1) C 9- H 22,BD*( 1) C 10- H 25,0.83,1.02,0.026
mol_020_E,sp4,1.8029,BD ( 1) C 9- H 23,BD*( 1) C 8- H 20,3.25,1.03,0.052
mol_020_E,sp4,1.8029,BD ( 1) C 9- H 23,BD*( 1) C 10- H 24,0.66,1.03,0.023
mol_020_E,sp4,1.8029,BD ( 1) C 9- H 23,BD*( 1) C 10- H 25,3.15,1.02,0.051
mol_020_E,sp4,1.8029,BD ( 1) C 9- H 23,RY ( 1) C 8,0.62,1.48,0.027
mol_020_E,sp4,1.8029,BD ( 1) C 10- C 11,BD*( 1) C 4- C 5,2.15,1.32,0.047
mol_020_E,sp4,1.8029,BD ( 1) C 10- C 11,BD*( 1) C 5- C 11,1.3,1.19,0.035
mol_020_E,sp4,1.8029,BD ( 1) C 10- C 11,BD*( 1) C 9- C 10,0.62,1.15,0.024
mol_020_E,sp4,1.8029,BD ( 1) C 10- C 11,BD*( 1) C 9- H 22,1.2,1.18,0.034
mol_020_E,sp4,1.8029,BD ( 1) C 10- C 11,BD*( 1) C 11- N 12,0.82,1.33,0.029
mol_020_E,sp4,1.8029,BD ( 1) C 10- C 11,BD*( 1) N 12- O 13,6.76,0.65,0.059
mol_020_E,sp4,1.8029,BD ( 1) C 10- C 11,RY ( 1) C 9,0.94,1.66,0.035
mol_020_E,sp4,1.8029,BD ( 1) C 10- C 11,RY ( 1) N 12,1.52,1.67,0.045
mol_020_E,sp4,1.8029,BD ( 1) C 10- H 24,BD*( 1) C 5- C 11,2.37,1.07,0.045
mol_020_E,sp4,1.8029,BD ( 1) C 10- H 24,BD*( 1) C 8- C 9,2.8,1.04,0.048
mol_020_E,sp4,1.8029,BD ( 1) C 10- H 24,BD*( 1) C 9- H 23,0.71,1.05,0.024
mol_020_E,sp4,1.8029,BD ( 1) C 10- H 24,BD*( 2) C 11- N 12,7.48,0.63,0.061
mol_020_E,sp4,1.8029,BD ( 1) C 10- H 24,BD*( 1) N 12- O 13,0.53,0.54,0.015
mol_020_E,sp4,1.8029,BD ( 1) C 10- H 25,BD*( 1) C 5- C 11,2.04,1.07,0.042
mol_020_E,sp4,1.8029,BD ( 1) C 10- H 25,BD*( 1) C 9- H 22,0.8,1.06,0.026
mol_020_E,sp4,1.8029,BD ( 1) C 10- H 25,BD*( 1) C 9- H 23,2.95,1.05,0.05
mol_020_E,sp4,1.8029,BD ( 1) C 10- H 25,BD*( 2) C 11- N 12,10.69,0.63,0.073
mol_020_E,sp4,1.8029,BD ( 1) C 11- N 12,BD*( 1) C 5- C 6,1.22,1.58,0.039
mol_020_E,sp4,1.8029,BD ( 1) C 11- N 12,BD*( 1) C 5- C 11,1.28,1.45,0.038
mol_020_E,sp4,1.8029,BD ( 1) C 11- N 12,BD*( 1) C 10- C 11,1.91,1.4,0.046
mol_020_E,sp4,1.8029,BD ( 1) C 11- N 12,RY ( 1) C 5,1.48,2.07,0.05
mol_020_E,sp4,1.8029,BD ( 1) C 11- N 12,RY ( 2) C 5,0.66,2.23,0.034
mol_020_E,sp4,1.8029,BD ( 2) C 11- N 12,BD*( 2) C 5- C 6,6.07,0.55,0.051
mol_020_E,sp4,1.8029,BD ( 2) C 11- N 12,BD*( 1) C 10- H 24,1.07,0.96,0.029
mol_020_E,sp4,1.8029,BD ( 2) C 11- N 12,BD*( 1) C 10- H 25,1.21,0.95,0.03
mol_020_E,sp4,1.8029,BD ( 1) N 12- O 13,BD*( 1) C 5- C 11,5.3,1.14,0.069
mol_020_E,sp4,1.8029,BD ( 1) N 12- O 13,BD*( 1) C 10- C 11,1.69,1.09,0.038
mol_020_E,sp4,1.8029,BD ( 1) N 12- O 13,RY ( 3) C 11,0.59,2.16,0.032
mol_020_E,sp4,1.8029,BD ( 1) N 12- O 13,RY ( 2) H 26,0.58,2.42,0.033
mol_020_E,sp4,1.8029,BD ( 1) O 13- H 27,RY ( 1) C 10,0.78,1.66,0.032
mol_020_E,sp5,1.9029,LP ( 1) N 12,BD*( 1) C 10- C 11,4.25,1.05,0.06
mol_020_E,sp5,1.9029,LP ( 1) N 12,RY ( 1) C 11,8.68,1.46,0.1
mol_020_E,sp5,1.9029,LP ( 1) O 13,BD*( 1) C 9- C 10,0.55,1.13,0.022
mol_020_E,sp5,1.9029,LP ( 1) O 13,RY ( 1) H 26,1.3,2.63,0.052
mol_020_E,sp5,1.9029,LP ( 1) O 13,RY ( 1) H 27,1.26,2.56,0.051
mol_020_E,sp5,1.9029,BD ( 1) C 1- C 2,BD*( 1) C 1- H 15,0.5,1.12,0.021
mol_020_E,sp5,1.9029,BD ( 1) C 1- C 2,BD*( 1) C 2- C 3,1.3,1.29,0.037
mol_020_E,sp5,1.9029,BD ( 1) C 1- C 2,BD*( 1) C 2- C 7,1.46,1.3,0.039
mol_020_E,sp5,1.9029,BD ( 1) C 1- C 2,BD*( 1) C 3- C 4,2.36,1.31,0.05
mol_020_E,sp5,1.9029,BD ( 1) C 1- C 2,BD*( 1) C 6- C 7,2.59,1.29,0.052
mol_020_E,sp5,1.9029,BD ( 1) C 1- C 2,BD*( 1) C 7- H 19,0.51,1.16,0.022
mol_020_E,sp5,1.9029,BD ( 1) C 1- C 2,RY ( 1) C 3,1.72,1.91,0.051
mol_020_E,sp5,1.9029,BD ( 1) C 1- C 2,RY ( 1) C 7,1.3,1.89,0.044
mol_020_E,sp5,1.9029,BD ( 1) C 1- C 2,RY ( 2) C 7,0.63,1.67,0.029
mol_020_E,sp5,1.9029,BD ( 1) C 1- H 14,BD*( 1) C 2- C 3,4.63,1.2,0.067
mol_020_E,sp5,1.9029,BD ( 1) C 1- H 15,BD*( 1) C 2- C 7,1.34,1.2,0.036
mol_020_E,sp5,1.9029,BD ( 1) C 1- H 15,BD*( 2) C 2- C 7,7.5,0.63,0.062
mol_020_E,sp5,1.9029,BD ( 1) C 1- H 15,RY ( 3) C 2,0.77,1.46,0.03
mol_020_E,sp5,1.9029,BD ( 1) C 1- H 16,BD*( 1) C 2- C 7,2.68,1.21,0.051
mol_020_E,sp5,1.9029,BD ( 1) C 1- H 16,BD*( 2) C 2- C 7,4.72,0.64,0.049
mol_020_E,sp5,1.9029,BD ( 1) C 2- C 3,BD*( 1) C 1- C 2,1.31,1.2,0.035
mol_020_E,sp5,1.9029,BD ( 1) C 2- C 3,BD*( 1) C 1- H 14,0.92,1.18,0.029
mol_020_E,sp5,1.9029,BD ( 1) C 2- C 3,BD*( 1) C 2- C 7,2.22,1.34,0.049
mol_020_E,sp5,1.9029,BD ( 1) C 2- C 3,BD*( 1) C 3- C 4,2.59,1.36,0.053
mol_020_E,sp5,1.9029,BD ( 1) C 2- C 3,BD*( 1) C 3- H 17,1.08,1.21,0.032
mol_020_E,sp5,1.9029,BD ( 1) C 2- C 3,BD*( 1) C 4- H 18,2.3,1.21,0.047
mol_020_E,sp5,1.9029,BD ( 1) C 2- C 3,BD*( 1) C 7- H 19,2.79,1.21,0.052
mol_020_E,sp5,1.9029,BD ( 1) C 2- C 3,RY ( 1) C 1,1.4,1.36,0.039
mol_020_E,sp5,1.9029,BD ( 1) C 2- C 3,RY ( 1) C 4,0.78,1.92,0.034
mol_020_E,sp5,1.9029,BD ( 1) C 2- C 3,RY ( 2) C 4,1.65,1.85,0.049
mol_020_E,sp5,1.9029,BD ( 1) C 2- C 3,RY ( 1) C 7,1.05,1.94,0.04
mol_020_E,sp5,1.9029,BD ( 1) C 2- C 3,RY ( 2) C 7,0.65,1.71,0.03
mol_020_E,sp5,1.9029,BD ( 1) C 2- C 7,BD*( 1) C 1- C 2,1.44,1.2,0.037
mol_020_E,sp5,1.9029,BD ( 1) C 2- C 7,BD*( 1) C 1- H 16,0.56,1.18,0.023
mol_020_E,sp5,1.9029,BD ( 1) C 2- C 7,BD*( 1) C 2- C 3,2.35,1.34,0.05
mol_020_E,sp5,1.9029,BD ( 1) C 2- C 7,BD*( 1) C 3- H 17,2.54,1.21,0.05
mol_020_E,sp5,1.9029,BD ( 1) C 2- C 7,BD*( 1) C 6- C 7,3.55,1.34,0.062
mol_020_E,sp5,1.9029,BD ( 1) C 2- C 7,BD*( 1) C 6- C 8,3.03,1.2,0.054
mol_020_E,sp5,1.9029,BD ( 1) C 2- C 7,BD*( 1) C 7- H 19,1.28,1.21,0.035
mol_020_E,sp5,1.9029,BD ( 1) C 2- C 7,RY ( 1) C 1,1.01,1.36,0.033
mol_020_E,sp5,1.9029,BD ( 1) C 2- C 7,RY ( 1) C 3,1.13,1.96,0.042
mol_020_E,sp5,1.9029,BD ( 1) C 2- C 7,RY ( 1) C 6,1.37,2.03,0.047
mol_020_E,sp5,1.9029,BD ( 1) C 2- C 7,RY ( 3) C 6,0.97,2.02,0.04
mol_020_E,sp5,1.9029,BD ( 2) C 2- C 7,BD*( 1) C 1- H 15,3.79,0.79,0.049
mol_020_E,sp5,1.9029,BD ( 2) C 2- C 7,BD*( 1) C 1- H 16,2.7,0.8,0.041
mol_020_E,sp5,1.9029,BD ( 2) C 2- C 7,BD*( 2) C 3- C 4,28.51,0.39,0.094
mol_020_E,sp5,1.9029,BD ( 2) C 2- C 7,BD*( 2) C 5- C 6,47.54,0.38,0.119
mol_020_E,sp5,1.9029,BD ( 2) C 2- C 7,RY ( 2) C 1,0.97,1.14,0.03
mol_020_E,sp5,1.9029,BD ( 2) C 2- C 7,RY ( 3) C 3,2.14,0.91,0.039
mol_020_E,sp5,1.9029,BD ( 1) C 3- C 4,BD*( 1) C 1- C 2,3.14,1.2,0.055
mol_020_E,sp5,1.9029,BD ( 1) C 3- C 4,BD*( 1) C 2- C 3,2.79,1.35,0.055
mol_020_E,sp5,1.9029,BD ( 1) C 3- C 4,BD*( 1) C 3- H 17,1.03,1.22,0.032
mol_020_E,sp5,1.9029,BD ( 1) C 3- C 4,BD*( 1) C 4- C 5,2.9,1.33,0.055
mol_020_E,sp5,1.9029,BD ( 1) C 3- C 4,BD*( 1) C 4- H 18,1.16,1.22,0.033
mol_020_E,sp5,1.9029,BD ( 1) C 3- C 4,BD*( 1) C 5- C 11,3.81,1.2,0.06
mol_020_E,sp5,1.9029,BD ( 1) C 3- C 4,RY ( 1) C 2,1.25,2.12,0.046
mol_020_E,sp5,1.9029,BD ( 1) C 3- C 4,RY ( 2) C 2,1.07,2.05,0.042
mol_020_E,sp5,1.9029,BD ( 1) C 3- C 4,RY ( 4) C 4,0.5,2.83,0.034
mol_020_E,sp5,1.9029,BD ( 1) C 3- C 4,RY ( 1) C 5,2.15,1.83,0.056
mol_020_E,sp5,1.9029,BD ( 2) C 3- C 4,BD*( 2) C 2- C 7,37.48,0.41,0.111
mol_020_E,sp5,1.9029,BD ( 2) C 3- C 4,BD*( 2) C 5- C 6,29.81,0.39,0.096
mol_020_E,sp5,1.9029,BD ( 1) C 3- H 17,BD*( 1) C 2- C 3,0.69,1.22,0.026
mol_020_E,sp5,1.9029,BD ( 1) C 3- H 17,BD*( 1) C 2- C 7,4.25,1.22,0.064
mol_020_E,sp5,1.9029,BD ( 1) C 3- H 17,BD*( 1) C 3- C 4,0.65,1.24,0.025
mol_020_E,sp5,1.9029,BD ( 1) C 3- H 17,BD*( 1) C 4- C 5,3.81,1.2,0.06
mol_020_E,sp5,1.9029,BD ( 1) C 3- H 17,BD*( 1) C 4- H 18,0.95,1.09,0.029
mol_020_E,sp5,1.9029,BD ( 1) C 3- H 17,RY ( 1) C 2,1.26,2.0,0.045
mol_020_E,sp5,1.9029,BD ( 1) C 3- H 17,RY ( 1) C 4,0.96,1.8,0.037
mol_020_E,sp5,1.9029,BD ( 1) C 4- C 5,BD*( 1) C 3- C 4,2.66,1.37,0.054
mol_020_E,sp5,1.9029,BD ( 1) C 4- C 5,BD*( 1) C 3- H 17,2.22,1.22,0.046
mol_020_E,sp5,1.9029,BD ( 1) C 4- C 5,BD*( 1) C 4- H 18,0.95,1.22,0.03
mol_020_E,sp5,1.9029,BD ( 1) C 4- C 5,BD*( 1) C 5- C 6,4.69,1.34,0.071
mol_020_E,sp5,1.9029,BD ( 1) C 4- C 5,BD*( 1) C 5- C 11,2.26,1.2,0.047
mol_020_E,sp5,1.9029,BD ( 1) C 4- C 5,BD*( 1) C 6- C 8,2.76,1.21,0.052
mol_020_E,sp5,1.9029,BD ( 1) C 4- C 5,BD*( 1) C 10- C 11,1.77,1.16,0.04
mol_020_E,sp5,1.9029,BD ( 1) C 4- C 5,RY ( 1) C 3,1.11,1.97,0.042
mol_020_E,sp5,1.9029,BD ( 1) C 4- C 5,RY ( 2) C 3,1.82,1.96,0.053
mol_020_E,sp5,1.9029,BD ( 1) C 4- C 5,RY ( 1) C 6,0.9,2.04,0.038
mol_020_E,sp5,1.9029,BD ( 1) C 4- C 5,RY ( 3) C 6,0.55,2.03,0.03
mol_020_E,sp5,1.9029,BD ( 1) C 4- C 5,RY ( 1) C 11,1.16,1.57,0.038
mol_020_E,sp5,1.9029,BD ( 1) C 4- H 18,BD*( 1) C 2- C 3,3.56,1.23,0.059
mol_020_E,sp5,1.9029,BD ( 1) C 4- H 18,BD*( 1) C 3- C 4,0.72,1.25,0.027
mol_020_E,sp5,1.9029,BD ( 1) C 4- H 18,BD*( 1) C 3- H 17,0.98,1.1,0.029
mol_020_E,sp5,1.9029,BD ( 1) C 4- H 18,BD*( 1) C 5- C 6,4.46,1.22,0.066
mol_020_E,sp5,1.9029,BD ( 1) C 4- H 18,BD*( 1) C 5- C 11,0.77,1.08,0.026
mol_020_E,sp5,1.9029,BD ( 1) C 4- H 18,BD*( 1) N 12- O 13,0.51,0.52,0.015
mol_020_E,sp5,1.9029,BD ( 1) C 4- H 18,RY ( 1) C 3,1.07,1.85,0.04
mol_020_E,sp5,1.9029,BD ( 1) C 4- H 18,RY ( 1) C 5,0.78,1.72,0.033
mol_020_E,sp5,1.9029,BD ( 1) C 5- C 6,BD*( 1) C 4- C 5,4.31,1.33,0.068
mol_020_E,sp5,1.9029,BD ( 1) C 5- C 6,BD*( 1) C 4- H 18,2.07,1.22,0.045
mol_020_E,sp5,1.9029,BD ( 1) C 5- C 6,BD*( 1) C 5- C 11,2.19,1.2,0.046
mol_020_E,sp5,1.9029,BD ( 1) C 5- C 6,BD*( 1) C 6- C 7,2.6,1.35,0.053
mol_020_E,sp5,1.9029,BD ( 1) C 5- C 6,BD*( 1) C 6- C 8,1.79,1.2,0.041
mol_020_E,sp5,1.9029,BD ( 1) C 5- C 6,BD*( 1) C 7- H 19,2.35,1.22,0.048
mol_020_E,sp5,1.9029,BD ( 1) C 5- C 6,BD*( 1) C 8- H 21,0.8,1.19,0.028
mol_020_E,sp5,1.9029,BD ( 1) C 5- C 6,BD*( 1) C 11- N 12,1.4,1.34,0.039
mol_020_E,sp5,1.9029,BD ( 1) C 5- C 6,BD*( 1) N 12- O 13,0.69,0.64,0.019
mol_020_E,sp5,1.9029,BD ( 1) C 5- C 6,RY ( 1) C 4,0.91,1.93,0.037
mol_020_E,sp5,1.9029,BD ( 1) C 5- C 6,RY ( 1) C 7,1.35,1.95,0.046
mol_020_E,sp5,1.9029,BD ( 1) C 5- C 6,RY ( 2) C 7,0.66,1.73,0.03
mol_020_E,sp5,1.9029,BD ( 1) C 5- C 6,RY ( 1) C 8,1.25,1.63,0.04
mol_020_E,sp5,1.9029,BD ( 2) C 5- C 6,BD*( 2) C 2- C 7,24.81,0.41,0.09
mol_020_E,sp5,1.9029,BD ( 2) C 5- C 6,BD*( 2) C 3- C 4,34.91,0.41,0.106
mol_020_E,sp5,1.9029,BD ( 2) C 5- C 6,BD*( 1) C 8- C 9,0.89,0.79,0.024
mol_020_E,sp5,1.9029,BD ( 2) C 5- C 6,BD*( 1) C 8- H 20,3.38,0.8,0.047
mol_020_E,sp5,1.9029,BD ( 2) C 5- C 6,BD*( 1) C 8- H 21,0.53,0.82,0.019
mol_020_E,sp5,1.9029,BD ( 2) C 5- C 6,BD*( 1) C 10- C 11,0.8,0.78,0.022
mol_020_E,sp5,1.9029,BD ( 2) C 5- C 6,BD*( 2) C 11- N 12,30.19,0.39,0.097
mol_020_E,sp5,1.9029,BD ( 2) C 5- C 6,BD*( 1) N 12- O 13,1.21,0.26,0.016
mol_020_E,sp5,1.9029,BD ( 2) C 5- C 6,RY ( 3) C 4,2.1,1.32,0.047
mol_020_E,sp5,1.9029,BD ( 2) C 5- C 6,RY ( 3) C 7,1.7,0.96,0.036
mol_020_E,sp5,1.9029,BD ( 2) C 5- C 6,RY ( 2) C 11,0.55,1.5,0.026
mol_020_E,sp5,1.9029,BD ( 1) C 5- C 11,BD*( 1) C 3- C 4,1.41,1.36,0.039
mol_020_E,sp5,1.9029,BD ( 1) C 5- C 11,BD*( 1) C 4- C 5,1.67,1.32,0.042
mol_020_E,sp5,1.9029,BD ( 1) C 5- C 11,BD*( 1) C 5- C 6,1.59,1.33,0.041
mol_020_E,sp5,1.9029,BD ( 1) C 5- C 11,BD*( 1) C 6- C 7,2.48,1.34,0.051
mol_020_E,sp5,1.9029,BD ( 1) C 5- C 11,BD*( 1) C 10- C 11,1.28,1.15,0.034
mol_020_E,sp5,1.9029,BD ( 1) C 5- C 11,BD*( 1) C 10- H 24,0.52,1.17,0.022
mol_020_E,sp5,1.9029,BD ( 1) C 5- C 11,BD*( 1) C 11- N 12,1.35,1.33,0.038
mol_020_E,sp5,1.9029,BD ( 1) C 5- C 11,BD*( 1) N 12- O 13,22.29,0.63,0.106
mol_020_E,sp5,1.9029,BD ( 1) C 5- C 11,RY ( 1) C 4,1.55,1.92,0.049
mol_020_E,sp5,1.9029,BD ( 1) C 5- C 11,RY ( 1) C 6,1.57,2.03,0.05
mol_020_E,sp5,1.9029,BD ( 1) C 5- C 11,RY ( 1) C 10,0.92,1.49,0.033
mol_020_E,sp5,1.9029,BD ( 1) C 5- C 11,RY ( 1) N 12,1.91,1.63,0.05
mol_020_E,sp5,1.9029,BD ( 1) C 6- C 7,BD*( 1) C 1- C 2,2.94,1.2,0.053
mol_020_E,sp5,1.9029,BD ( 1) C 6- C 7,BD*( 1) C 2- C 7,3.6,1.35,0.062
mol_020_E,sp5,1.9029,BD ( 1) C 6- C 7,BD*( 1) C 5- C 6,3.24,1.33,0.059
mol_020_E,sp5,1.9029,BD ( 1) C 6- C 7,BD*( 1) C 5- C 11,3.53,1.19,0.058
mol_020_E,sp5,1.9029,BD ( 1) C 6- C 7,BD*( 1) C 6- C 8,1.8,1.2,0.041
mol_020_E,sp5,1.9029,BD ( 1) C 6- C 7,BD*( 1) C 7- H 19,1.23,1.21,0.035
mol_020_E,sp5,1.9029,BD ( 1) C 6- C 7,BD*( 1) C 8- C 9,0.57,1.16,0.023
mol_020_E,sp5,1.9029,BD ( 1) C 6- C 7,RY ( 1) C 2,1.38,2.12,0.048
mol_020_E,sp5,1.9029,BD ( 1) C 6- C 7,RY ( 2) C 2,1.17,2.04,0.044
mol_020_E,sp5,1.9029,BD ( 1) C 6- C 7,RY ( 1) C 5,0.66,1.83,0.031
mol_020_E,sp5,1.9029,BD ( 1) C 6- C 7,RY ( 2) C 5,1.29,1.99,0.045
mol_020_E,sp5,1.9029,BD ( 1) C 6- C 7,RY ( 3) C 5,0.53,2.12,0.03
mol_020_E,sp5,1.9029,BD ( 1) C 6- C 7,RY ( 6) C 5,0.63,3.18,0.04
mol_020_E,sp5,1.9029,BD ( 1) C 6- C 7,RY ( 1) C 8,1.17,1.62,0.039
mol_020_E,sp5,1.9029,BD ( 1) C 6- C 7,RY ( 1) H 19,0.56,1.71,0.027
mol_020_E,sp5,1.9029,BD ( 1) C 6- C 8,BD*( 1) C 2- C 7,2.16,1.29,0.047
mol_020_E,sp5,1.9029,BD ( 1) C 6- C 8,BD*( 1) C 4- C 5,3.18,1.27,0.057
mol_020_E,sp5,1.9029,BD ( 1) C 6- C 8,BD*( 1) C 5- C 6,1.51,1.28,0.039
mol_020_E,sp5,1.9029,BD ( 1) C 6- C 8,BD*( 1) C 6- C 7,1.87,1.29,0.044
mol_020_E,sp5,1.9029,BD ( 1) C 6- C 8,BD*( 1) C 7- H 19,0.54,1.16,0.022
mol_020_E,sp5,1.9029,BD ( 1) C 6- C 8,BD*( 1) C 8- C 9,0.78,1.11,0.026
mol_020_E,sp5,1.9029,BD ( 1) C 6- C 8,BD*( 1) C 8- H 21,0.53,1.13,0.022
mol_020_E,sp5,1.9029,BD ( 1) C 6- C 8,BD*( 1) C 9- H 22,1.74,1.13,0.04
mol_020_E,sp5,1.9029,BD ( 1) C 6- C 8,RY ( 1) C 5,0.55,1.77,0.028
mol_020_E,sp5,1.9029,BD ( 1) C 6- C 8,RY ( 2) C 5,0.88,1.94,0.037
mol_020_E,sp5,1.9029,BD ( 1) C 6- C 8,RY ( 1) C 7,1.58,1.89,0.049
mol_020_E,sp5,1.9029,BD ( 1) C 6- C 8,RY ( 1) C 9,1.24,1.62,0.04
mol_020_E,sp5,1.9029,BD ( 1) C 7- H 19,BD*( 1) C 2- C 3,4.41,1.22,0.065
mol_020_E,sp5,1.9029,BD ( 1) C 7- H 19,BD*( 1) C 2- C 7,0.91,1.22,0.03
mol_020_E,sp5,1.9029,BD ( 1) C 7- H 19,BD*( 1) C 5- C 6,4.7,1.21,0.067
mol_020_E,sp5,1.9029,BD ( 1) C 7- H 19,BD*( 1) C 6- C 7,0.91,1.22,0.03
mol_020_E,sp5,1.9029,BD ( 1) C 7- H 19,BD*( 1) C 6- C 8,0.53,1.07,0.021
mol_020_E,sp5,1.9029,BD ( 1) C 7- H 19,RY ( 1) C 2,1.21,1.99,0.044
mol_020_E,sp5,1.9029,BD ( 1) C 7- H 19,RY ( 1) C 6,1.13,1.91,0.042
mol_020_E,sp5,1.9029,BD ( 1) C 8- C 9,BD*( 2) C 5- C 6,2.48,0.68,0.037
mol_020_E,sp5,1.9029,BD ( 1) C 8- C 9,BD*( 1) C 6- C 7,2.49,1.27,0.05
mol_020_E,sp5,1.9029,BD ( 1) C 8- C 9,BD*( 1) C 6- C 8,0.92,1.12,0.029
mol_020_E,sp5,1.9029,BD ( 1) C 8- C 9,BD*( 1) C 8- H 21,0.5,1.11,0.021
mol_020_E,sp5,1.9029,BD ( 1) C 8- C 9,BD*( 1) C 9- H 22,0.5,1.11,0.021
mol_020_E,sp5,1.9029,BD ( 1) C 8- C 9,BD*( 1) C 10- H 24,2.03,1.1,0.042
mol_020_E,sp5,1.9029,BD ( 1) C 8- C 9,RY ( 2) C 6,1.45,1.71,0.044
mol_020_E,sp5,1.9029,BD ( 1) C 8- C 9,RY ( 2) C 10,1.21,1.62,0.039
mol_020_E,sp5,1.9029,BD ( 1) C 8- H 20,BD*( 2) C 5- C 6,8.16,0.61,0.063
mol_020_E,sp5,1.9029,BD ( 1) C 8- H 20,BD*( 1) C 6- C 7,0.76,1.2,0.027
mol_020_E,sp5,1.9029,BD ( 1) C 8- H 20,BD*( 1) C 9- H 23,3.3,1.03,0.052
mol_020_E,sp5,1.9029,BD ( 1) C 8- H 21,BD*( 1) C 5- C 6,4.35,1.19,0.064
mol_020_E,sp5,1.9029,BD ( 1) C 8- H 21,BD*( 2) C 5- C 6,1.27,0.62,0.025
mol_020_E,sp5,1.9029,BD ( 1) C 8- H 21,BD*( 1) C 9- C 10,3.14,1.02,0.05
mol_020_E,sp5,1.9029,BD ( 1) C 9- C 10,BD*( 1) C 8- H 21,1.91,1.13,0.041
mol_020_E,sp5,1.9029,BD ( 1) C 9- C 10,BD*( 1) C 10- C 11,0.74,1.09,0.025
mol_020_E,sp5,1.9029,BD ( 1) C 9- C 10,BD*( 1) C 10- H 24,0.65,1.11,0.024
mol_020_E,sp5,1.9029,BD ( 1) C 9- C 10,BD*( 1) C 10- H 25,0.56,1.11,0.022
mol_020_E,sp5,1.9029,BD ( 1) C 9- C 10,BD*( 1) C 11- N 12,3.87,1.28,0.063
mol_020_E,sp5,1.9029,BD ( 1) C 9- C 10,RY ( 1) C 8,0.89,1.56,0.033
mol_020_E,sp5,1.9029,BD ( 1) C 9- C 10,RY ( 4) C 11,0.8,2.18,0.037
mol_020_E,sp5,1.9029,BD ( 1) C 9- H 22,BD*( 1) C 6- C 8,2.97,1.05,0.05
mol_020_E,sp5,1.9029,BD ( 1) C 9- H 22,BD*( 1) C 10- C 11,4.21,1.01,0.058
mol_020_E,sp5,1.9029,BD ( 1) C 9- H 22,BD*( 1) C 10- H 25,0.83,1.02,0.026
mol_020_E,sp5,1.9029,BD ( 1) C 9- H 23,BD*( 1) C 8- H 20,3.24,1.03,0.052
mol_020_E,sp5,1.9029,BD ( 1) C 9- H 23,BD*( 1) C 10- H 24,0.66,1.03,0.023
mol_020_E,sp5,1.9029,BD ( 1) C 9- H 23,BD*( 1) C 10- H 25,3.15,1.02,0.051
mol_020_E,sp5,1.9029,BD ( 1) C 9- H 23,RY ( 1) C 8,0.62,1.48,0.027
mol_020_E,sp5,1.9029,BD ( 1) C 10- C 11,BD*( 1) C 4- C 5,2.16,1.32,0.048
mol_020_E,sp5,1.9029,BD ( 1) C 10- C 11,BD*( 1) C 5- C 11,1.29,1.19,0.035
mol_020_E,sp5,1.9029,BD ( 1) C 10- C 11,BD*( 1) C 9- C 10,0.58,1.15,0.023
mol_020_E,sp5,1.9029,BD ( 1) C 10- C 11,BD*( 1) C 9- H 22,1.19,1.18,0.033
mol_020_E,sp5,1.9029,BD ( 1) C 10- C 11,BD*( 1) C 11- N 12,0.79,1.33,0.029
mol_020_E,sp5,1.9029,BD ( 1) C 10- C 11,BD*( 1) N 12- O 13,8.29,0.62,0.064
mol_020_E,sp5,1.9029,BD ( 1) C 10- C 11,RY ( 1) C 9,0.93,1.66,0.035
mol_020_E,sp5,1.9029,BD ( 1) C 10- C 11,RY ( 1) N 12,1.55,1.62,0.045
mol_020_E,sp5,1.9029,BD ( 1) C 10- H 24,BD*( 1) C 5- C 11,2.33,1.07,0.045
mol_020_E,sp5,1.9029,BD ( 1) C 10- H 24,BD*( 1) C 8- C 9,2.8,1.04,0.048
mol_020_E,sp5,1.9029,BD ( 1) C 10- H 24,BD*( 1) C 9- H 23,0.71,1.05,0.024
mol_020_E,sp5,1.9029,BD ( 1) C 10- H 24,BD*( 2) C 11- N 12,7.48,0.63,0.061
mol_020_E,sp5,1.9029,BD ( 1) C 10- H 24,BD*( 1) N 12- O 13,0.62,0.5,0.016
mol_020_E,sp5,1.9029,BD ( 1) C 10- H 25,BD*( 1) C 5- C 11,2.02,1.07,0.041
mol_020_E,sp5,1.9029,BD ( 1) C 10- H 25,BD*( 1) C 9- H 22,0.8,1.06,0.026
mol_020_E,sp5,1.9029,BD ( 1) C 10- H 25,BD*( 1) C 9- H 23,2.94,1.05,0.05
mol_020_E,sp5,1.9029,BD ( 1) C 10- H 25,BD*( 2) C 11- N 12,10.65,0.63,0.073
mol_020_E,sp5,1.9029,BD ( 1) C 11- N 12,BD*( 1) C 5- C 6,1.22,1.58,0.039
mol_020_E,sp5,1.9029,BD ( 1) C 11- N 12,BD*( 1) C 5- C 11,1.26,1.44,0.038
mol_020_E,sp5,1.9029,BD ( 1) C 11- N 12,BD*( 1) C 10- C 11,1.95,1.4,0.047
mol_020_E,sp5,1.9029,BD ( 1) C 11- N 12,RY ( 1) C 5,1.44,2.08,0.049
mol_020_E,sp5,1.9029,BD ( 1) C 11- N 12,RY ( 2) C 5,0.7,2.24,0.035
mol_020_E,sp5,1.9029,BD ( 2) C 11- N 12,BD*( 2) C 5- C 6,5.98,0.55,0.051
mol_020_E,sp5,1.9029,BD ( 2) C 11- N 12,BD*( 1) C 10- H 24,1.03,0.96,0.028
mol_020_E,sp5,1.9029,BD ( 2) C 11- N 12,BD*( 1) C 10- H 25,1.19,0.96,0.03
mol_020_E,sp5,1.9029,BD ( 1) N 12- O 13,BD*( 1) C 5- C 11,5.03,1.09,0.066
mol_020_E,sp5,1.9029,BD ( 1) N 12- O 13,BD*( 1) C 10- C 11,1.73,1.05,0.038
mol_020_E,sp5,1.9029,BD ( 1) N 12- O 13,RY ( 2) H 26,0.69,2.43,0.037
mol_020_E,sp5,1.9029,BD ( 1) O 13- H 27,RY ( 1) C 10,0.74,1.65,0.031
mol_020_E,sp5,1.9029,LP ( 1) N 12,BD*( 1) C 10- C 11,4.38,1.05,0.06
mol_020_E,sp5,1.9029,LP ( 1) N 12,RY ( 1) C 11,8.94,1.45,0.101
mol_020_E,sp5,1.9029,LP ( 1) O 13,RY ( 1) H 26,1.34,2.62,0.053
mol_020_E,sp5,1.9029,LP ( 1) O 13,RY ( 1) H 27,1.28,2.57,0.051
mol_020_E,sp5,1.9029,BD ( 1) C 1- C 2,BD*( 1) C 1- H 15,0.51,1.12,0.021
mol_020_E,sp5,1.9029,BD ( 1) C 1- C 2,BD*( 1) C 2- C 3,1.32,1.29,0.037
mol_020_E,sp5,1.9029,BD ( 1) C 1- C 2,BD*( 1) C 2- C 7,1.44,1.29,0.038
mol_020_E,sp5,1.9029,BD ( 1) C 1- C 2,BD*( 1) C 3- C 4,2.37,1.31,0.05
mol_020_E,sp5,1.9029,BD ( 1) C 1- C 2,BD*( 1) C 6- C 7,2.58,1.3,0.052
mol_020_E,sp5,1.9029,BD ( 1) C 1- C 2,BD*( 1) C 7- H 19,0.51,1.16,0.022
mol_020_E,sp5,1.9029,BD ( 1) C 1- C 2,RY ( 1) C 3,1.67,1.91,0.05
mol_020_E,sp5,1.9029,BD ( 1) C 1- C 2,RY ( 1) C 7,1.37,1.89,0.045
mol_020_E,sp5,1.9029,BD ( 1) C 1- C 2,RY ( 2) C 7,0.65,1.66,0.029
mol_020_E,sp5,1.9029,BD ( 1) C 1- H 14,BD*( 1) C 2- C 3,4.27,1.2,0.064
mol_020_E,sp5,1.9029,BD ( 1) C 1- H 14,BD*( 2) C 2- C 7,0.96,0.64,0.022
mol_020_E,sp5,1.9029,BD ( 1) C 1- H 15,BD*( 1) C 2- C 7,0.67,1.2,0.025
mol_020_E,sp5,1.9029,BD ( 1) C 1- H 15,BD*( 2) C 2- C 7,8.35,0.63,0.065
mol_020_E,sp5,1.9029,BD ( 1) C 1- H 15,RY ( 3) C 2,0.91,1.42,0.032
mol_020_E,sp5,1.9029,BD ( 1) C 1- H 16,BD*( 1) C 2- C 7,3.46,1.2,0.058
mol_020_E,sp5,1.9029,BD ( 1) C 1- H 16,BD*( 2) C 2- C 7,2.84,0.64,0.038
mol_020_E,sp5,1.9029,BD ( 1) C 2- C 3,BD*( 1) C 1- C 2,1.34,1.2,0.036
mol_020_E,sp5,1.9029,BD ( 1) C 2- C 3,BD*( 1) C 1- H 14,0.85,1.18,0.028
mol_020_E,sp5,1.9029,BD ( 1) C 2- C 3,BD*( 1) C 2- C 7,2.23,1.34,0.049
mol_020_E,sp5,1.9029,BD ( 1) C 2- C 3,BD*( 1) C 3- C 4,2.6,1.36,0.053
mol_020_E,sp5,1.9029,BD ( 1) C 2- C 3,BD*( 1) C 3- H 17,1.1,1.21,0.033
mol_020_E,sp5,1.9029,BD ( 1) C 2- C 3,BD*( 1) C 4- H 18,2.29,1.21,0.047
mol_020_E,sp5,1.9029,BD ( 1) C 2- C 3,BD*( 1) C 7- H 19,2.74,1.21,0.051
mol_020_E,sp5,1.9029,BD ( 1) C 2- C 3,RY ( 1) C 1,1.28,1.35,0.037
mol_020_E,sp5,1.9029,BD ( 1) C 2- C 3,RY ( 1) C 4,0.77,1.92,0.034
mol_020_E,sp5,1.9029,BD ( 1) C 2- C 3,RY ( 2) C 4,1.67,1.84,0.049
mol_020_E,sp5,1.9029,BD ( 1) C 2- C 3,RY ( 1) C 7,1.05,1.94,0.04
mol_020_E,sp5,1.9029,BD ( 1) C 2- C 3,RY ( 2) C 7,0.58,1.71,0.028
mol_020_E,sp5,1.9029,BD ( 1) C 2- C 7,BD*( 1) C 1- C 2,1.41,1.2,0.037
mol_020_E,sp5,1.9029,BD ( 1) C 2- C 7,BD*( 1) C 1- H 16,0.71,1.18,0.026
mol_020_E,sp5,1.9029,BD ( 1) C 2- C 7,BD*( 1) C 2- C 3,2.34,1.34,0.05
mol_020_E,sp5,1.9029,BD ( 1) C 2- C 7,BD*( 1) C 3- H 17,2.56,1.21,0.05
mol_020_E,sp5,1.9029,BD ( 1) C 2- C 7,BD*( 1) C 6- C 7,3.54,1.35,0.062
mol_020_E,sp5,1.9029,BD ( 1) C 2- C 7,BD*( 1) C 6- C 8,3.12,1.19,0.054
mol_020_E,sp5,1.9029,BD ( 1) C 2- C 7,BD*( 1) C 7- H 19,1.26,1.21,0.035
mol_020_E,sp5,1.9029,BD ( 1) C 2- C 7,RY ( 1) C 1,1.11,1.35,0.035
mol_020_E,sp5,1.9029,BD ( 1) C 2- C 7,RY ( 1) C 3,1.15,1.96,0.042
mol_020_E,sp5,1.9029,BD ( 1) C 2- C 7,RY ( 1) C 6,1.36,2.04,0.047
mol_020_E,sp5,1.9029,BD ( 1) C 2- C 7,RY ( 3) C 6,1.07,2.03,0.042
mol_020_E,sp5,1.9029,BD ( 2) C 2- C 7,BD*( 1) C 1- H 15,4.01,0.79,0.05
mol_020_E,sp5,1.9029,BD ( 2) C 2- C 7,BD*( 1) C 1- H 16,1.78,0.8,0.034
mol_020_E,sp5,1.9029,BD ( 2) C 2- C 7,BD*( 2) C 3- C 4,29.16,0.39,0.095
mol_020_E,sp5,1.9029,BD ( 2) C 2- C 7,BD*( 2) C 5- C 6,47.86,0.37,0.119
mol_020_E,sp5,1.9029,BD ( 2) C 2- C 7,RY ( 2) C 1,1.02,1.16,0.031
mol_020_E,sp5,1.9029,BD ( 2) C 2- C 7,RY ( 3) C 3,2.06,0.9,0.038
mol_020_E,sp5,1.9029,BD ( 1) C 3- C 4,BD*( 1) C 1- C 2,3.17,1.2,0.055
mol_020_E,sp5,1.9029,BD ( 1) C 3- C 4,BD*( 1) C 2- C 3,2.79,1.35,0.055
mol_020_E,sp5,1.9029,BD ( 1) C 3- C 4,BD*( 1) C 3- H 17,1.01,1.22,0.031
mol_020_E,sp5,1.9029,BD ( 1) C 3- C 4,BD*( 1) C 4- C 5,2.91,1.33,0.056
mol_020_E,sp5,1.9029,BD ( 1) C 3- C 4,BD*( 1) C 4- H 18,1.14,1.22,0.033
mol_020_E,sp5,1.9029,BD ( 1) C 3- C 4,BD*( 1) C 5- C 11,4.01,1.19,0.062
mol_020_E,sp5,1.9029,BD ( 1) C 3- C 4,RY ( 1) C 2,1.24,2.12,0.046
mol_020_E,sp5,1.9029,BD ( 1) C 3- C 4,RY ( 2) C 2,1.13,2.05,0.043
mol_020_E,sp5,1.9029,BD ( 1) C 3- C 4,RY ( 4) C 4,0.5,2.79,0.033
mol_020_E,sp5,1.9029,BD ( 1) C 3- C 4,RY ( 1) C 5,2.12,1.8,0.055
mol_020_E,sp5,1.9029,BD ( 2) C 3- C 4,BD*( 2) C 2- C 7,38.07,0.41,0.111
mol_020_E,sp5,1.9029,BD ( 2) C 3- C 4,BD*( 2) C 5- C 6,30.59,0.39,0.097
mol_020_E,sp5,1.9029,BD ( 1) C 3- H 17,BD*( 1) C 2- C 3,0.71,1.22,0.026
mol_020_E,sp5,1.9029,BD ( 1) C 3- H 17,BD*( 1) C 2- C 7,4.3,1.22,0.065
mol_020_E,sp5,1.9029,BD ( 1) C 3- H 17,BD*( 1) C 3- C 4,0.63,1.24,0.025
mol_020_E,sp5,1.9029,BD ( 1) C 3- H 17,BD*( 1) C 4- C 5,3.76,1.2,0.06
mol_020_E,sp5,1.9029,BD ( 1) C 3- H 17,BD*( 1) C 4- H 18,0.93,1.09,0.028
mol_020_E,sp5,1.9029,BD ( 1) C 3- H 17,RY ( 1) C 2,1.24,1.99,0.044
mol_020_E,sp5,1.9029,BD ( 1) C 3- H 17,RY ( 1) C 4,0.95,1.8,0.037
mol_020_E,sp5,1.9029,BD ( 1) C 4- C 5,BD*( 1) C 3- C 4,2.64,1.37,0.054
mol_020_E,sp5,1.9029,BD ( 1) C 4- C 5,BD*( 1) C 3- H 17,2.21,1.23,0.046
mol_020_E,sp5,1.9029,BD ( 1) C 4- C 5,BD*( 1) C 4- H 18,0.98,1.22,0.031
mol_020_E,sp5,1.9029,BD ( 1) C 4- C 5,BD*( 1) C 5- C 6,4.72,1.34,0.071
mol_020_E,sp5,1.9029,BD ( 1) C 4- C 5,BD*( 1) C 5- C 11,2.22,1.2,0.046
mol_020_E,sp5,1.9029,BD ( 1) C 4- C 5,BD*( 1) C 6- C 8,2.67,1.21,0.051
mol_020_E,sp5,1.9029,BD ( 1) C 4- C 5,BD*( 1) C 10- C 11,1.65,1.16,0.039
mol_020_E,sp5,1.9029,BD ( 1) C 4- C 5,RY ( 1) C 3,1.14,1.97,0.042
mol_020_E,sp5,1.9029,BD ( 1) C 4- C 5,RY ( 2) C 3,1.78,1.96,0.053
mol_020_E,sp5,1.9029,BD ( 1) C 4- C 5,RY ( 1) C 6,0.89,2.05,0.038
mol_020_E,sp5,1.9029,BD ( 1) C 4- C 5,RY ( 3) C 6,0.56,2.05,0.03
mol_020_E,sp5,1.9029,BD ( 1) C 4- C 5,RY ( 1) C 11,1.02,1.56,0.036
mol_020_E,sp5,1.9029,BD ( 1) C 4- H 18,BD*( 1) C 2- C 3,3.51,1.23,0.059
mol_020_E,sp5,1.9029,BD ( 1) C 4- H 18,BD*( 1) C 3- C 4,0.72,1.25,0.027
mol_020_E,sp5,1.9029,BD ( 1) C 4- H 18,BD*( 1) C 3- H 17,0.97,1.1,0.029
mol_020_E,sp5,1.9029,BD ( 1) C 4- H 18,BD*( 1) C 5- C 6,4.55,1.22,0.066
mol_020_E,sp5,1.9029,BD ( 1) C 4- H 18,BD*( 1) C 5- C 11,0.77,1.08,0.026
mol_020_E,sp5,1.9029,BD ( 1) C 4- H 18,RY ( 1) C 3,1.06,1.85,0.04
mol_020_E,sp5,1.9029,BD ( 1) C 4- H 18,RY ( 1) C 5,0.8,1.69,0.033
mol_020_E,sp5,1.9029,BD ( 1) C 5- C 6,BD*( 1) C 4- C 5,4.28,1.33,0.067
mol_020_E,sp5,1.9029,BD ( 1) C 5- C 6,BD*( 1) C 4- H 18,2.07,1.22,0.045
mol_020_E,sp5,1.9029,BD ( 1) C 5- C 6,BD*( 1) C 5- C 11,2.04,1.19,0.044
mol_020_E,sp5,1.9029,BD ( 1) C 5- C 6,BD*( 1) C 6- C 7,2.61,1.35,0.053
mol_020_E,sp5,1.9029,BD ( 1) C 5- C 6,BD*( 1) C 6- C 8,1.78,1.2,0.041
mol_020_E,sp5,1.9029,BD ( 1) C 5- C 6,BD*( 1) C 7- H 19,2.41,1.22,0.048
mol_020_E,sp5,1.9029,BD ( 1) C 5- C 6,BD*( 1) C 8- H 21,0.81,1.2,0.028
mol_020_E,sp5,1.9029,BD ( 1) C 5- C 6,BD*( 1) C 11- N 12,1.26,1.35,0.037
mol_020_E,sp5,1.9029,BD ( 1) C 5- C 6,BD*( 2) C 11- N 12,0.56,0.77,0.019
mol_020_E,sp5,1.9029,BD ( 1) C 5- C 6,BD*( 1) N 12- O 13,0.7,0.63,0.019
mol_020_E,sp5,1.9029,BD ( 1) C 5- C 6,RY ( 1) C 4,0.96,1.92,0.038
mol_020_E,sp5,1.9029,BD ( 1) C 5- C 6,RY ( 1) C 7,1.32,1.95,0.045
mol_020_E,sp5,1.9029,BD ( 1) C 5- C 6,RY ( 2) C 7,0.7,1.72,0.031
mol_020_E,sp5,1.9029,BD ( 1) C 5- C 6,RY ( 1) C 8,1.25,1.64,0.04
mol_020_E,sp5,1.9029,BD ( 1) C 5- C 6,RY ( 2) C 11,0.61,1.81,0.03
mol_020_E,sp5,1.9029,BD ( 2) C 5- C 6,BD*( 2) C 2- C 7,25.61,0.41,0.091
mol_020_E,sp5,1.9029,BD ( 2) C 5- C 6,BD*( 2) C 3- C 4,35.44,0.4,0.107
mol_020_E,sp5,1.9029,BD ( 2) C 5- C 6,BD*( 1) C 8- C 9,1.0,0.79,0.025
mol_020_E,sp5,1.9029,BD ( 2) C 5- C 6,BD*( 1) C 8- H 20,3.35,0.8,0.046
mol_020_E,sp5,1.9029,BD ( 2) C 5- C 6,BD*( 1) C 10- C 11,1.13,0.78,0.026
mol_020_E,sp5,1.9029,BD ( 2) C 5- C 6,BD*( 1) C 11- N 12,0.68,0.98,0.023
mol_020_E,sp5,1.9029,BD ( 2) C 5- C 6,BD*( 2) C 11- N 12,26.47,0.39,0.091
mol_020_E,sp5,1.9029,BD ( 2) C 5- C 6,BD*( 1) N 12- O 13,2.05,0.26,0.021
mol_020_E,sp5,1.9029,BD ( 2) C 5- C 6,RY ( 3) C 4,2.13,1.31,0.047
mol_020_E,sp5,1.9029,BD ( 2) C 5- C 6,RY ( 3) C 7,1.5,1.0,0.035
mol_020_E,sp5,1.9029,BD ( 1) C 5- C 11,BD*( 1) C 3- C 4,1.41,1.35,0.039
mol_020_E,sp5,1.9029,BD ( 1) C 5- C 11,BD*( 1) C 4- C 5,1.64,1.32,0.041
mol_020_E,sp5,1.9029,BD ( 1) C 5- C 11,BD*( 1) C 5- C 6,1.45,1.32,0.039
mol_020_E,sp5,1.9029,BD ( 1) C 5- C 11,BD*( 1) C 6- C 7,2.6,1.34,0.053
mol_020_E,sp5,1.9029,BD ( 1) C 5- C 11,BD*( 1) C 10- C 11,1.27,1.14,0.034
mol_020_E,sp5,1.9029,BD ( 1) C 5- C 11,BD*( 1) C 10- H 25,0.54,1.16,0.022
mol_020_E,sp5,1.9029,BD ( 1) C 5- C 11,BD*( 1) C 11- N 12,1.33,1.34,0.038
mol_020_E,sp5,1.9029,BD ( 1) C 5- C 11,BD*( 1) N 12- O 13,24.9,0.62,0.111
mol_020_E,sp5,1.9029,BD ( 1) C 5- C 11,RY ( 1) C 4,1.6,1.91,0.049
mol_020_E,sp5,1.9029,BD ( 1) C 5- C 11,RY ( 1) C 6,1.58,2.03,0.051
mol_020_E,sp5,1.9029,BD ( 1) C 5- C 11,RY ( 1) C 10,0.98,1.53,0.034
mol_020_E,sp5,1.9029,BD ( 1) C 5- C 11,RY ( 1) N 12,2.11,1.62,0.052
mol_020_E,sp5,1.9029,BD ( 1) C 6- C 7,BD*( 1) C 1- C 2,2.87,1.2,0.052
mol_020_E,sp5,1.9029,BD ( 1) C 6- C 7,BD*( 1) C 2- C 7,3.59,1.34,0.062
mol_020_E,sp5,1.9029,BD ( 1) C 6- C 7,BD*( 1) C 5- C 6,3.28,1.33,0.059
mol_020_E,sp5,1.9029,BD ( 1) C 6- C 7,BD*( 1) C 5- C 11,3.48,1.19,0.057
mol_020_E,sp5,1.9029,BD ( 1) C 6- C 7,BD*( 1) C 6- C 8,1.85,1.2,0.042
mol_020_E,sp5,1.9029,BD ( 1) C 6- C 7,BD*( 1) C 7- H 19,1.26,1.21,0.035
mol_020_E,sp5,1.9029,BD ( 1) C 6- C 7,BD*( 1) C 8- C 9,0.52,1.16,0.022
mol_020_E,sp5,1.9029,BD ( 1) C 6- C 7,RY ( 1) C 2,1.39,2.11,0.048
mol_020_E,sp5,1.9029,BD ( 1) C 6- C 7,RY ( 2) C 2,1.13,2.04,0.043
mol_020_E,sp5,1.9029,BD ( 1) C 6- C 7,RY ( 1) C 5,0.72,1.8,0.032
mol_020_E,sp5,1.9029,BD ( 1) C 6- C 7,RY ( 2) C 5,1.21,1.93,0.043
mol_020_E,sp5,1.9029,BD ( 1) C 6- C 7,RY ( 3) C 5,0.62,2.25,0.033
mol_020_E,sp5,1.9029,BD ( 1) C 6- C 7,RY ( 6) C 5,0.55,3.26,0.038
mol_020_E,sp5,1.9029,BD ( 1) C 6- C 7,RY ( 1) C 8,1.18,1.63,0.039
mol_020_E,sp5,1.9029,BD ( 1) C 6- C 7,RY ( 1) H 19,0.56,1.71,0.027
mol_020_E,sp5,1.9029,BD ( 1) C 6- C 8,BD*( 1) C 2- C 7,2.13,1.29,0.047
mol_020_E,sp5,1.9029,BD ( 1) C 6- C 8,BD*( 1) C 4- C 5,3.22,1.27,0.057
mol_020_E,sp5,1.9029,BD ( 1) C 6- C 8,BD*( 1) C 5- C 6,1.53,1.28,0.04
mol_020_E,sp5,1.9029,BD ( 1) C 6- C 8,BD*( 1) C 6- C 7,1.93,1.3,0.045
mol_020_E,sp5,1.9029,BD ( 1) C 6- C 8,BD*( 1) C 7- H 19,0.53,1.16,0.022
mol_020_E,sp5,1.9029,BD ( 1) C 6- C 8,BD*( 1) C 8- C 9,0.76,1.1,0.026
mol_020_E,sp5,1.9029,BD ( 1) C 6- C 8,BD*( 1) C 8- H 21,0.54,1.14,0.022
mol_020_E,sp5,1.9029,BD ( 1) C 6- C 8,BD*( 1) C 9- H 22,1.73,1.14,0.04
mol_020_E,sp5,1.9029,BD ( 1) C 6- C 8,RY ( 1) C 5,0.6,1.75,0.029
mol_020_E,sp5,1.9029,BD ( 1) C 6- C 8,RY ( 2) C 5,0.86,1.87,0.036
mol_020_E,sp5,1.9029,BD ( 1) C 6- C 8,RY ( 1) C 7,1.53,1.89,0.048
mol_020_E,sp5,1.9029,BD ( 1) C 6- C 8,RY ( 1) C 9,1.22,1.61,0.04
mol_020_E,sp5,1.9029,BD ( 1) C 7- H 19,BD*( 1) C 2- C 3,4.4,1.22,0.065
mol_020_E,sp5,1.9029,BD ( 1) C 7- H 19,BD*( 1) C 2- C 7,0.89,1.22,0.029
mol_020_E,sp5,1.9029,BD ( 1) C 7- H 19,BD*( 1) C 5- C 6,4.7,1.2,0.067
mol_020_E,sp5,1.9029,BD ( 1) C 7- H 19,BD*( 1) C 6- C 7,0.92,1.22,0.03
mol_020_E,sp5,1.9029,BD ( 1) C 7- H 19,BD*( 1) C 6- C 8,0.52,1.07,0.021
mol_020_E,sp5,1.9029,BD ( 1) C 7- H 19,RY ( 1) C 2,1.21,1.99,0.044
mol_020_E,sp5,1.9029,BD ( 1) C 7- H 19,RY ( 1) C 6,1.13,1.91,0.041
mol_020_E,sp5,1.9029,BD ( 1) C 8- C 9,BD*( 2) C 5- C 6,2.8,0.68,0.039
mol_020_E,sp5,1.9029,BD ( 1) C 8- C 9,BD*( 1) C 6- C 7,2.45,1.27,0.05
mol_020_E,sp5,1.9029,BD ( 1) C 8- C 9,BD*( 1) C 6- C 8,0.91,1.12,0.028
mol_020_E,sp5,1.9029,BD ( 1) C 8- C 9,BD*( 1) C 8- H 21,0.5,1.11,0.021
mol_020_E,sp5,1.9029,BD ( 1) C 8- C 9,BD*( 1) C 10- H 24,1.99,1.09,0.042
mol_020_E,sp5,1.9029,BD ( 1) C 8- C 9,RY ( 2) C 6,1.46,1.68,0.044
mol_020_E,sp5,1.9029,BD ( 1) C 8- C 9,RY ( 2) C 10,1.38,1.54,0.041
mol_020_E,sp5,1.9029,BD ( 1) C 8- H 20,BD*( 2) C 5- C 6,7.83,0.61,0.062
mol_020_E,sp5,1.9029,BD ( 1) C 8- H 20,BD*( 1) C 6- C 7,0.89,1.2,0.029
mol_020_E,sp5,1.9029,BD ( 1) C 8- H 20,BD*( 1) C 9- H 23,3.24,1.04,0.052
mol_020_E,sp5,1.9029,BD ( 1) C 8- H 21,BD*( 1) C 5- C 6,4.41,1.19,0.065
mol_020_E,sp5,1.9029,BD ( 1) C 8- H 21,BD*( 2) C 5- C 6,1.07,0.61,0.023
mol_020_E,sp5,1.9029,BD ( 1) C 8- H 21,BD*( 1) C 9- C 10,3.14,1.02,0.05
mol_020_E,sp5,1.9029,BD ( 1) C 9- C 10,BD*( 1) C 8- H 21,1.85,1.13,0.041
mol_020_E,sp5,1.9029,BD ( 1) C 9- C 10,BD*( 1) C 10- C 11,0.71,1.09,0.025
mol_020_E,sp5,1.9029,BD ( 1) C 9- C 10,BD*( 1) C 10- H 24,0.65,1.11,0.024
mol_020_E,sp5,1.9029,BD ( 1) C 9- C 10,BD*( 1) C 10- H 25,0.56,1.11,0.022
mol_020_E,sp5,1.9029,BD ( 1) C 9- C 10,BD*( 1) C 11- N 12,4.09,1.29,0.065
mol_020_E,sp5,1.9029,BD ( 1) C 9- C 10,RY ( 1) C 8,0.87,1.57,0.033
mol_020_E,sp5,1.9029,BD ( 1) C 9- C 10,RY ( 4) C 11,0.55,2.2,0.031
mol_020_E,sp5,1.9029,BD ( 1) C 9- H 22,BD*( 1) C 6- C 8,2.93,1.05,0.05
mol_020_E,sp5,1.9029,BD ( 1) C 9- H 22,BD*( 1) C 10- C 11,4.11,1.0,0.057
mol_020_E,sp5,1.9029,BD ( 1) C 9- H 22,BD*( 1) C 10- H 25,0.91,1.02,0.027
mol_020_E,sp5,1.9029,BD ( 1) C 9- H 23,BD*( 1) C 8- H 20,3.2,1.03,0.051
mol_020_E,sp5,1.9029,BD ( 1) C 9- H 23,BD*( 1) C 10- H 24,0.74,1.03,0.025
mol_020_E,sp5,1.9029,BD ( 1) C 9- H 23,BD*( 1) C 10- H 25,3.02,1.03,0.05
mol_020_E,sp5,1.9029,BD ( 1) C 9- H 23,RY ( 1) C 8,0.63,1.49,0.027
mol_020_E,sp5,1.9029,BD ( 1) C 9- H 23,RY ( 2) C 10,0.55,1.47,0.025
mol_020_E,sp5,1.9029,BD ( 1) C 10- C 11,BD*( 1) C 4- C 5,2.0,1.32,0.046
mol_020_E,sp5,1.9029,BD ( 1) C 10- C 11,BD*( 2) C 5- C 6,0.55,0.75,0.018
mol_020_E,sp5,1.9029,BD ( 1) C 10- C 11,BD*( 1) C 5- C 11,1.26,1.18,0.034
mol_020_E,sp5,1.9029,BD ( 1) C 10- C 11,BD*( 1) C 9- C 10,0.57,1.15,0.023
mol_020_E,sp5,1.9029,BD ( 1) C 10- C 11,BD*( 1) C 9- H 22,1.15,1.18,0.033
mol_020_E,sp5,1.9029,BD ( 1) C 10- C 11,BD*( 1) C 11- N 12,0.87,1.34,0.03
mol_020_E,sp5,1.9029,BD ( 1) C 10- C 11,BD*( 1) N 12- O 13,8.25,0.62,0.064
mol_020_E,sp5,1.9029,BD ( 1) C 10- C 11,RY ( 1) C 9,0.86,1.66,0.034
mol_020_E,sp5,1.9029,BD ( 1) C 10- C 11,RY ( 1) N 12,1.49,1.62,0.044
mol_020_E,sp5,1.9029,BD ( 1) C 10- H 24,BD*( 1) C 5- C 11,1.91,1.06,0.04
mol_020_E,sp5,1.9029,BD ( 1) C 10- H 24,BD*( 1) C 8- C 9,2.73,1.03,0.047
mol_020_E,sp5,1.9029,BD ( 1) C 10- H 24,BD*( 1) C 9- H 23,0.78,1.06,0.026
mol_020_E,sp5,1.9029,BD ( 1) C 10- H 24,BD*( 2) C 11- N 12,8.8,0.64,0.067
mol_020_E,sp5,1.9029,BD ( 1) C 10- H 24,BD*( 1) N 12- O 13,0.7,0.5,0.017
mol_020_E,sp5,1.9029,BD ( 1) C 10- H 25,BD*( 1) C 5- C 11,2.54,1.06,0.046
mol_020_E,sp5,1.9029,BD ( 1) C 10- H 25,BD*( 1) C 9- H 22,0.87,1.06,0.027
mol_020_E,sp5,1.9029,BD ( 1) C 10- H 25,BD*( 1) C 9- H 23,2.78,1.05,0.048
mol_020_E,sp5,1.9029,BD ( 1) C 10- H 25,BD*( 2) C 11- N 12,9.16,0.64,0.068
mol_020_E,sp5,1.9029,BD ( 1) C 11- N 12,BD*( 1) C 5- C 6,1.23,1.58,0.039
mol_020_E,sp5,1.9029,BD ( 1) C 11- N 12,BD*( 1) C 5- C 11,1.29,1.44,0.038
mol_020_E,sp5,1.9029,BD ( 1) C 11- N 12,BD*( 1) C 10- C 11,2.08,1.4,0.048
mol_020_E,sp5,1.9029,BD ( 1) C 11- N 12,RY ( 1) C 5,1.46,2.05,0.049
mol_020_E,sp5,1.9029,BD ( 1) C 11- N 12,RY ( 2) C 5,0.65,2.18,0.034
mol_020_E,sp5,1.9029,BD ( 2) C 11- N 12,BD*( 1) C 5- C 6,0.52,1.13,0.022
mol_020_E,sp5,1.9029,BD ( 2) C 11- N 12,BD*( 2) C 5- C 6,5.5,0.55,0.049
mol_020_E,sp5,1.9029,BD ( 2) C 11- N 12,BD*( 1) C 10- H 24,1.22,0.97,0.031
mol_020_E,sp5,1.9029,BD ( 2) C 11- N 12,BD*( 1) C 10- H 25,0.97,0.96,0.027
mol_020_E,sp5,1.9029,BD ( 1) N 12- O 13,BD*( 1) C 5- C 11,5.21,1.08,0.067
mol_020_E,sp5,1.9029,BD ( 1) N 12- O 13,BD*( 1) C 10- C 11,1.83,1.04,0.039
mol_020_E,sp5,1.9029,BD ( 1) N 12- O 13,RY ( 2) H 26,0.74,2.39,0.037
mol_020_E,sp5,1.9029,BD ( 1) O 13- H 27,RY ( 1) C 10,0.86,1.69,0.034
mol_021_E,nbo,1.5033,LP ( 1) O 2,BD*( 1) C 1- H 15,3.24,1.07,0.053
mol_021_E,nbo,1.5033,LP ( 1) O 2,BD*( 1) C 1- H 16,0.84,1.06,0.027
mol_021_E,nbo,1.5033,LP ( 1) O 2,BD*( 1) C 1- H 17,0.75,1.06,0.025
mol_021_E,nbo,1.5033,LP ( 1) O 2,BD*( 1) C 3- C 4,1.25,1.21,0.035
mol_021_E,nbo,1.5033,LP ( 1) O 2,BD*( 1) C 3- C 8,7.68,1.23,0.087
mol_021_E,nbo,1.5033,LP ( 1) O 2,RY ( 1) C 1,2.13,2.15,0.06
mol_021_E,nbo,1.5033,LP ( 1) O 2,RY ( 1) C 3,3.02,2.0,0.069
mol_021_E,nbo,1.5033,LP ( 2) O 2,BD*( 1) C 1- H 16,6.34,0.88,0.067
mol_021_E,nbo,1.5033,LP ( 2) O 2,BD*( 1) C 1- H 17,6.57,0.88,0.068
mol_021_E,nbo,1.5033,LP ( 2) O 2,BD*( 2) C 3- C 8,47.18,0.47,0.133
mol_021_E,nbo,1.5033,LP ( 2) O 2,RY ( 3) C 1,1.61,2.0,0.051
mol_021_E,nbo,1.5033,LP ( 2) O 2,RY ( 3) C 3,2.54,2.02,0.064
mol_021_E,nbo,1.5033,LP ( 1) N 13,BD*( 1) C 6- C 12,0.6,1.07,0.023
mol_021_E,nbo,1.5033,LP ( 1) N 13,BD*( 1) C 11- C 12,7.14,1.01,0.076
mol_021_E,nbo,1.5033,LP ( 1) N 13,RY ( 1) C 12,6.5,1.58,0.091
mol_021_E,nbo,1.5033,LP ( 1) N 13,RY (10) N 13,0.55,3.92,0.042
mol_021_E,nbo,1.5033,LP ( 1) N 13,RY (12) N 13,0.52,13.83,0.076
mol_021_E,nbo,1.5033,LP ( 1) N 13,RY (14) N 13,0.6,7.95,0.062
mol_021_E,nbo,1.5033,LP ( 1) N 13,RY (16) N 13,0.64,6.65,0.058
mol_021_E,nbo,1.5033,LP ( 1) N 13,RY ( 3) O 14,0.51,2.58,0.033
mol_021_E,nbo,1.5033,LP ( 1) O 14,BD*( 1) C 6- C 12,0.78,1.19,0.027
mol_021_E,nbo,1.5033,LP ( 1) O 14,BD*( 1) C 10- C 11,0.77,1.12,0.026
mol_021_E,nbo,1.5033,LP ( 1) O 14,BD*( 2) C 12- N 13,1.39,0.7,0.028
mol_021_E,nbo,1.5033,LP ( 1) O 14,RY ( 1) H 27,1.25,2.61,0.051
mol_021_E,nbo,1.5033,LP ( 1) O 14,RY ( 1) H 28,1.23,2.65,0.051
mol_021_E,nbo,1.5033,BD ( 1) C 1- O 2,BD*( 1) C 3- C 4,2.81,1.46,0.057
mol_021_E,nbo,1.5033,BD ( 1) C 1- O 2,RY ( 2) C 3,2.4,2.55,0.07
mol_021_E,nbo,1.5033,BD ( 1) C 1- H 15,BD*( 1) O 2- C 3,3.44,1.04,0.053
mol_021_E,nbo,1.5033,BD ( 1) C 1- H 16,RY ( 2) O 2,0.67,1.22,0.026
mol_021_E,nbo,1.5033,BD ( 1) C 1- H 17,RY ( 2) O 2,0.76,1.22,0.027
mol_021_E,nbo,1.5033,BD ( 1) O 2- C 3,BD*( 1) C 4- C 5,1.02,1.6,0.036
mol_021_E,nbo,1.5033,BD ( 1) O 2- C 3,BD*( 1) C 7- C 8,0.95,1.57,0.034
mol_021_E,nbo,1.5033,BD ( 1) O 2- C 3,RY ( 2) C 1,1.24,1.96,0.044
mol_021_E,nbo,1.5033,BD ( 1) O 2- C 3,RY ( 1) C 4,0.79,2.33,0.038
mol_021_E,nbo,1.5033,BD ( 1) C 3- C 4,BD*( 1) C 1- O 2,3.27,1.07,0.053
mol_021_E,nbo,1.5033,BD ( 1) C 3- C 4,BD*( 1) C 3- C 8,2.87,1.34,0.055
mol_021_E,nbo,1.5033,BD ( 1) C 3- C 4,BD*( 1) C 4- C 5,2.23,1.39,0.05
mol_021_E,nbo,1.5033,BD ( 1) C 3- C 4,BD*( 1) C 4- H 18,0.92,1.22,0.03
mol_021_E,nbo,1.5033,BD ( 1) C 3- C 4,BD*( 1) C 5- H 19,2.4,1.23,0.048
mol_021_E,nbo,1.5033,BD ( 1) C 3- C 4,BD*( 1) C 8- H 20,2.5,1.23,0.049
mol_021_E,nbo,1.5033,BD ( 1) C 3- C 4,RY ( 1) O 2,1.19,1.44,0.037
mol_021_E,nbo,1.5033,BD ( 1) C 3- C 4,RY ( 1) C 5,0.67,2.02,0.033
mol_021_E,nbo,1.5033,BD ( 1) C 3- C 4,RY ( 2) C 5,1.72,1.98,0.052
mol_021_E,nbo,1.5033,BD ( 1) C 3- C 4,RY ( 1) C 8,0.62,2.01,0.032
mol_021_E,nbo,1.5033,BD ( 1) C 3- C 4,RY ( 2) C 8,0.92,2.04,0.039
mol_021_E,nbo,1.5033,BD ( 1) C 3- C 8,BD*( 1) C 3- C 4,3.03,1.34,0.057
mol_021_E,nbo,1.5033,BD ( 1) C 3- C 8,BD*( 1) C 4- H 18,1.99,1.23,0.044
mol_021_E,nbo,1.5033,BD ( 1) C 3- C 8,BD*( 1) C 7- C 8,3.3,1.37,0.06
mol_021_E,nbo,1.5033,BD ( 1) C 3- C 8,BD*( 1) C 7- C 9,2.99,1.22,0.054
mol_021_E,nbo,1.5033,BD ( 1) C 3- C 8,BD*( 1) C 8- H 20,1.26,1.24,0.035
mol_021_E,nbo,1.5033,BD ( 1) C 3- C 8,RY ( 2) C 1,0.51,1.75,0.027
mol_021_E,nbo,1.5033,BD ( 1) C 3- C 8,RY ( 1) O 2,0.98,1.45,0.034
mol_021_E,nbo,1.5033,BD ( 1) C 3- C 8,RY ( 1) C 4,1.27,2.13,0.046
mol_021_E,nbo,1.5033,BD ( 1) C 3- C 8,RY ( 1) C 7,1.25,2.15,0.046
mol_021_E,nbo,1.5033,BD ( 1) C 3- C 8,RY ( 2) C 7,0.58,2.14,0.032
mol_021_E,nbo,1.5033,BD ( 1) C 3- C 8,RY ( 3) C 7,0.74,1.97,0.034
mol_021_E,nbo,1.5033,BD ( 2) C 3- C 8,BD*( 2) C 3- C 8,1.21,0.39,0.019
mol_021_E,nbo,1.5033,BD ( 2) C 3- C 8,BD*( 2) C 4- C 5,24.5,0.41,0.089
mol_021_E,nbo,1.5033,BD ( 2) C 3- C 8,BD*( 2) C 6- C 7,47.04,0.4,0.122
mol_021_E,nbo,1.5033,BD ( 2) C 3- C 8,RY ( 2) O 2,1.55,0.96,0.034
mol_021_E,nbo,1.5033,BD ( 2) C 3- C 8,RY ( 3) C 4,1.88,0.93,0.037
mol_021_E,nbo,1.5033,BD ( 2) C 3- C 8,RY ( 3) C 8,0.5,0.95,0.02
mol_021_E,nbo,1.5033,BD ( 1) C 4- C 5,BD*( 1) O 2- C 3,3.3,1.16,0.055
mol_021_E,nbo,1.5033,BD ( 1) C 4- C 5,BD*( 1) C 3- C 4,2.27,1.33,0.049
mol_021_E,nbo,1.5033,BD ( 1) C 4- C 5,BD*( 1) C 4- H 18,1.38,1.22,0.037
mol_021_E,nbo,1.5033,BD ( 1) C 4- C 5,BD*( 1) C 5- C 6,2.79,1.33,0.054
mol_021_E,nbo,1.5033,BD ( 1) C 4- C 5,BD*( 1) C 5- H 19,1.07,1.23,0.032
mol_021_E,nbo,1.5033,BD ( 1) C 4- C 5,BD*( 1) C 6- C 12,3.29,1.24,0.057
mol_021_E,nbo,1.5033,BD ( 1) C 4- C 5,RY ( 1) C 3,1.29,2.12,0.047
mol_021_E,nbo,1.5033,BD ( 1) C 4- C 5,RY ( 2) C 3,0.76,2.42,0.038
mol_021_E,nbo,1.5033,BD ( 1) C 4- C 5,RY ( 1) C 6,2.03,1.88,0.055
mol_021_E,nbo,1.5033,BD ( 1) C 4- C 5,RY ( 4) C 6,0.57,2.84,0.036
mol_021_E,nbo,1.5033,BD ( 2) C 4- C 5,BD*( 2) C 3- C 8,37.5,0.4,0.109
mol_021_E,nbo,1.5033,BD ( 2) C 4- C 5,BD*( 2) C 6- C 7,25.35,0.4,0.09
mol_021_E,nbo,1.5033,BD ( 2) C 4- C 5,RY ( 5) C 3,0.68,2.02,0.033
mol_021_E,nbo,1.5033,BD ( 1) C 4- H 18,BD*( 1) O 2- C 3,2.1,1.03,0.041
mol_021_E,nbo,1.5033,BD ( 1) C 4- H 18,BD*( 1) C 3- C 8,4.12,1.21,0.063
mol_021_E,nbo,1.5033,BD ( 1) C 4- H 18,BD*( 1) C 4- C 5,0.92,1.25,0.03
mol_021_E,nbo,1.5033,BD ( 1) C 4- H 18,BD*( 1) C 5- C 6,3.8,1.21,0.06
mol_021_E,nbo,1.5033,BD ( 1) C 4- H 18,BD*( 1) C 5- H 19,0.94,1.1,0.029
mol_021_E,nbo,1.5033,BD ( 1) C 4- H 18,RY ( 1) C 3,0.58,1.99,0.03
mol_021_E,nbo,1.5033,BD ( 1) C 4- H 18,RY ( 9) C 3,0.54,3.89,0.041
mol_021_E,nbo,1.5033,BD ( 1) C 4- H 18,RY ( 1) C 5,1.2,1.89,0.043
mol_021_E,nbo,1.5033,BD ( 1) C 5- C 6,BD*( 1) C 4- C 5,2.52,1.37,0.052
mol_021_E,nbo,1.5033,BD ( 1) C 5- C 6,BD*( 1) C 4- H 18,2.38,1.21,0.048
mol_021_E,nbo,1.5033,BD ( 1) C 5- C 6,BD*( 1) C 5- H 19,0.92,1.21,0.03
mol_021_E,nbo,1.5033,BD ( 1) C 5- C 6,BD*( 1) C 6- C 7,4.33,1.34,0.068
mol_021_E,nbo,1.5033,BD ( 1) C 5- C 6,BD*( 1) C 6- C 12,2.41,1.23,0.049
mol_021_E,nbo,1.5033,BD ( 1) C 5- C 6,BD*( 1) C 7- C 9,2.97,1.2,0.053
mol_021_E,nbo,1.5033,BD ( 1) C 5- C 6,BD*( 1) C 11- C 12,1.99,1.17,0.043
mol_021_E,nbo,1.5033,BD ( 1) C 5- C 6,RY ( 1) C 4,0.69,2.11,0.034
mol_021_E,nbo,1.5033,BD ( 1) C 5- C 6,RY ( 2) C 4,2.0,1.93,0.055
mol_021_E,nbo,1.5033,BD ( 1) C 5- C 6,RY ( 1) C 7,0.85,2.13,0.038
mol_021_E,nbo,1.5033,BD ( 1) C 5- C 6,RY ( 1) C 12,1.4,1.74,0.044
mol_021_E,nbo,1.5033,BD ( 1) C 5- H 19,BD*( 1) C 3- C 4,3.74,1.2,0.06
mol_021_E,nbo,1.5033,BD ( 1) C 5- H 19,BD*( 1) C 4- C 5,0.68,1.26,0.026
mol_021_E,nbo,1.5033,BD ( 1) C 5- H 19,BD*( 1) C 4- H 18,1.02,1.1,0.03
mol_021_E,nbo,1.5033,BD ( 1) C 5- H 19,BD*( 1) C 6- C 7,4.31,1.23,0.065
mol_021_E,nbo,1.5033,BD ( 1) C 5- H 19,BD*( 1) C 6- C 12,0.71,1.12,0.025
mol_021_E,nbo,1.5033,BD ( 1) C 5- H 19,RY ( 1) C 4,1.23,1.99,0.044
mol_021_E,nbo,1.5033,BD ( 1) C 5- H 19,RY ( 1) C 6,0.77,1.76,0.033
mol_021_E,nbo,1.5033,BD ( 1) C 5- H 19,RY ( 2) C 6,0.5,1.93,0.028
mol_021_E,nbo,1.5033,BD ( 1) C 6- C 7,BD*( 1) C 5- C 6,4.17,1.32,0.066
mol_021_E,nbo,1.5033,BD ( 1) C 6- C 7,BD*( 1) C 5- H 19,2.13,1.22,0.045
mol_021_E,nbo,1.5033,BD ( 1) C 6- C 7,BD*( 1) C 6- C 12,2.6,1.23,0.051
mol_021_E,nbo,1.5033,BD ( 1) C 6- C 7,BD*( 1) C 7- C 8,2.57,1.35,0.053
mol_021_E,nbo,1.5033,BD ( 1) C 6- C 7,BD*( 1) C 7- C 9,1.7,1.2,0.04
mol_021_E,nbo,1.5033,BD ( 1) C 6- C 7,BD*( 1) C 8- H 20,2.33,1.22,0.047
mol_021_E,nbo,1.5033,BD ( 1) C 6- C 7,BD*( 1) C 9- H 21,0.8,1.19,0.028
mol_021_E,nbo,1.5033,BD ( 1) C 6- C 7,BD*( 1) C 12- N 13,1.45,1.33,0.039
mol_021_E,nbo,1.5033,BD ( 1) C 6- C 7,RY ( 1) C 5,0.93,2.01,0.039
mol_021_E,nbo,1.5033,BD ( 1) C 6- C 7,RY ( 1) C 8,1.53,2.0,0.049
mol_021_E,nbo,1.5033,BD ( 1) C 6- C 7,RY ( 1) C 9,1.27,1.6,0.04
mol_021_E,nbo,1.5033,BD ( 1) C 6- C 7,RY ( 2) C 12,0.58,1.95,0.03
mol_021_E,nbo,1.5033,BD ( 2) C 6- C 7,BD*( 2) C 3- C 8,23.79,0.38,0.085
mol_021_E,nbo,1.5033,BD ( 2) C 6- C 7,BD*( 2) C 4- C 5,36.83,0.4,0.108
mol_021_E,nbo,1.5033,BD ( 2) C 6- C 7,BD*( 2) C 6- C 7,0.71,0.39,0.015
mol_021_E,nbo,1.5033,BD ( 2) C 6- C 7,BD*( 1) C 9- C 10,0.69,0.79,0.021
mol_021_E,nbo,1.5033,BD ( 2) C 6- C 7,BD*( 1) C 9- H 21,0.78,0.81,0.022
mol_021_E,nbo,1.5033,BD ( 2) C 6- C 7,BD*( 1) C 9- H 22,3.46,0.8,0.047
mol_021_E,nbo,1.5033,BD ( 2) C 6- C 7,BD*( 2) C 12- N 13,35.29,0.38,0.103
mol_021_E,nbo,1.5033,BD ( 2) C 6- C 7,RY ( 3) C 5,1.93,1.39,0.046
mol_021_E,nbo,1.5033,BD ( 2) C 6- C 7,RY ( 3) C 8,1.82,0.94,0.037
mol_021_E,nbo,1.5033,BD ( 2) C 6- C 7,RY ( 3) C 12,0.98,1.71,0.036
mol_021_E,nbo,1.5033,BD ( 1) C 6- C 12,BD*( 1) C 4- C 5,1.42,1.37,0.039
mol_021_E,nbo,1.5033,BD ( 1) C 6- C 12,BD*( 1) C 5- C 6,2.24,1.32,0.048
mol_021_E,nbo,1.5033,BD ( 1) C 6- C 12,BD*( 1) C 6- C 7,2.23,1.33,0.049
mol_021_E,nbo,1.5033,BD ( 1) C 6- C 12,BD*( 1) C 7- C 8,2.53,1.34,0.052
mol_021_E,nbo,1.5033,BD ( 1) C 6- C 12,BD*( 1) C 11- C 12,1.04,1.16,0.031
mol_021_E,nbo,1.5033,BD ( 1) C 6- C 12,BD*( 1) C 11- H 25,0.64,1.17,0.024
mol_021_E,nbo,1.5033,BD ( 1) C 6- C 12,BD*( 1) C 12- N 13,1.4,1.33,0.038
mol_021_E,nbo,1.5033,BD ( 1) C 6- C 12,BD*( 1) N 13- O 14,9.68,0.83,0.08
mol_021_E,nbo,1.5033,BD ( 1) C 6- C 12,RY ( 1) C 5,1.57,2.01,0.05
mol_021_E,nbo,1.5033,BD ( 1) C 6- C 12,RY ( 1) C 7,1.49,2.12,0.05
mol_021_E,nbo,1.5033,BD ( 1) C 6- C 12,RY ( 1) C 11,0.97,1.5,0.034
mol_021_E,nbo,1.5033,BD ( 1) C 6- C 12,RY ( 1) N 13,1.12,1.79,0.04
mol_021_E,nbo,1.5033,BD ( 1) C 7- C 8,BD*( 1) O 2- C 3,4.08,1.15,0.061
mol_021_E,nbo,1.5033,BD ( 1) C 7- C 8,BD*( 1) C 3- C 8,3.35,1.33,0.06
mol_021_E,nbo,1.5033,BD ( 1) C 7- C 8,BD*( 1) C 6- C 7,3.19,1.34,0.058
mol_021_E,nbo,1.5033,BD ( 1) C 7- C 8,BD*( 1) C 6- C 12,3.3,1.23,0.057
mol_021_E,nbo,1.5033,BD ( 1) C 7- C 8,BD*( 1) C 7- C 9,1.61,1.2,0.039
mol_021_E,nbo,1.5033,BD ( 1) C 7- C 8,BD*( 1) C 8- H 20,1.72,1.22,0.041
mol_021_E,nbo,1.5033,BD ( 1) C 7- C 8,BD*( 1) C 9- C 10,0.69,1.17,0.025
mol_021_E,nbo,1.5033,BD ( 1) C 7- C 8,RY ( 2) C 3,1.89,2.41,0.06
mol_021_E,nbo,1.5033,BD ( 1) C 7- C 8,RY ( 2) C 6,1.64,2.05,0.052
mol_021_E,nbo,1.5033,BD ( 1) C 7- C 8,RY ( 7) C 7,0.74,5.19,0.055
mol_021_E,nbo,1.5033,BD ( 1) C 7- C 8,RY (14) C 7,0.51,6.39,0.051
mol_021_E,nbo,1.5033,BD ( 1) C 7- C 8,RY (15) C 7,0.64,7.98,0.064
mol_021_E,nbo,1.5033,BD ( 1) C 7- C 8,RY ( 1) C 9,1.18,1.6,0.039
mol_021_E,nbo,1.5033,BD ( 1) C 7- C 8,RY ( 1) H 20,0.7,1.61,0.03
mol_021_E,nbo,1.5033,BD ( 1) C 7- C 9,BD*( 1) C 3- C 8,2.34,1.28,0.049
mol_021_E,nbo,1.5033,BD ( 1) C 7- C 9,BD*( 1) C 5- C 6,3.14,1.27,0.056
mol_021_E,nbo,1.5033,BD ( 1) C 7- C 9,BD*( 1) C 6- C 7,1.48,1.28,0.039
mol_021_E,nbo,1.5033,BD ( 1) C 7- C 9,BD*( 1) C 7- C 8,1.75,1.29,0.042
mol_021_E,nbo,1.5033,BD ( 1) C 7- C 9,BD*( 1) C 8- H 20,0.55,1.16,0.023
mol_021_E,nbo,1.5033,BD ( 1) C 7- C 9,BD*( 1) C 9- C 10,0.84,1.11,0.027
mol_021_E,nbo,1.5033,BD ( 1) C 7- C 9,BD*( 1) C 9- H 21,0.52,1.13,0.022
mol_021_E,nbo,1.5033,BD ( 1) C 7- C 9,BD*( 1) C 10- H 23,1.74,1.13,0.04
mol_021_E,nbo,1.5033,BD ( 1) C 7- C 9,RY ( 2) C 6,1.14,1.99,0.043
mol_021_E,nbo,1.5033,BD ( 1) C 7- C 9,RY ( 1) C 8,2.1,1.95,0.057
mol_021_E,nbo,1.5033,BD ( 1) C 7- C 9,RY ( 1) C 10,1.27,1.62,0.041
mol_021_E,nbo,1.5033,BD ( 1) C 8- H 20,BD*( 1) O 2- C 3,1.59,1.03,0.036
mol_021_E,nbo,1.5033,BD ( 1) C 8- H 20,BD*( 1) C 3- C 4,3.97,1.2,0.062
mol_021_E,nbo,1.5033,BD ( 1) C 8- H 20,BD*( 1) C 3- C 8,0.73,1.21,0.027
mol_021_E,nbo,1.5033,BD ( 1) C 8- H 20,BD*( 1) C 6- C 7,4.76,1.22,0.068
mol_021_E,nbo,1.5033,BD ( 1) C 8- H 20,BD*( 1) C 7- C 8,1.2,1.23,0.034
mol_021_E,nbo,1.5033,BD ( 1) C 8- H 20,BD*( 1) C 7- C 9,0.51,1.08,0.021
mol_021_E,nbo,1.5033,BD ( 1) C 8- H 20,RY ( 1) C 3,0.99,1.99,0.04
mol_021_E,nbo,1.5033,BD ( 1) C 8- H 20,RY ( 1) C 7,1.39,2.01,0.047
mol_021_E,nbo,1.5033,BD ( 1) C 9- C 10,BD*( 2) C 6- C 7,1.86,0.69,0.032
mol_021_E,nbo,1.5033,BD ( 1) C 9- C 10,BD*( 1) C 7- C 8,2.59,1.27,0.051
mol_021_E,nbo,1.5033,BD ( 1) C 9- C 10,BD*( 1) C 7- C 9,0.98,1.12,0.03
mol_021_E,nbo,1.5033,BD ( 1) C 9- C 10,BD*( 1) C 9- H 21,0.52,1.11,0.021
mol_021_E,nbo,1.5033,BD ( 1) C 9- C 10,BD*( 1) C 10- C 11,0.51,1.08,0.021
mol_021_E,nbo,1.5033,BD ( 1) C 9- C 10,BD*( 1) C 11- H 25,2.01,1.1,0.042
mol_021_E,nbo,1.5033,BD ( 1) C 9- C 10,RY ( 2) C 7,1.41,2.04,0.048
mol_021_E,nbo,1.5033,BD ( 1) C 9- C 10,RY ( 2) C 11,1.0,1.6,0.036
mol_021_E,nbo,1.5033,BD ( 1) C 9- H 21,BD*( 1) C 6- C 7,4.04,1.2,0.062
mol_021_E,nbo,1.5033,BD ( 1) C 9- H 21,BD*( 2) C 6- C 7,1.71,0.62,0.029
mol_021_E,nbo,1.5033,BD ( 1) C 9- H 21,BD*( 1) C 10- C 11,3.16,1.02,0.051
mol_021_E,nbo,1.5033,BD ( 1) C 9- H 22,BD*( 2) C 6- C 7,8.57,0.62,0.065
mol_021_E,nbo,1.5033,BD ( 1) C 9- H 22,BD*( 1) C 7- C 8,0.55,1.2,0.023
mol_021_E,nbo,1.5033,BD ( 1) C 9- H 22,BD*( 1) C 10- H 24,3.38,1.03,0.053
mol_021_E,nbo,1.5033,BD ( 1) C 10- C 11,BD*( 1) C 9- C 10,0.52,1.1,0.021
mol_021_E,nbo,1.5033,BD ( 1) C 10- C 11,BD*( 1) C 9- H 21,1.99,1.12,0.042
mol_021_E,nbo,1.5033,BD ( 1) C 10- C 11,BD*( 1) C 11- C 12,0.89,1.1,0.028
mol_021_E,nbo,1.5033,BD ( 1) C 10- C 11,BD*( 1) C 11- H 25,0.64,1.11,0.024
mol_021_E,nbo,1.5033,BD ( 1) C 10- C 11,BD*( 1) C 11- H 26,0.58,1.1,0.023
mol_021_E,nbo,1.5033,BD ( 1) C 10- C 11,BD*( 1) C 12- N 13,3.69,1.27,0.061
mol_021_E,nbo,1.5033,BD ( 1) C 10- C 11,RY ( 1) C 9,0.89,1.54,0.033
mol_021_E,nbo,1.5033,BD ( 1) C 10- C 11,RY ( 2) C 12,0.55,1.89,0.029
mol_021_E,nbo,1.5033,BD ( 1) C 10- H 23,BD*( 1) C 7- C 9,3.04,1.06,0.051
mol_021_E,nbo,1.5033,BD ( 1) C 10- H 23,BD*( 1) C 11- C 12,3.9,1.02,0.056
mol_021_E,nbo,1.5033,BD ( 1) C 10- H 23,BD*( 1) C 11- H 26,0.74,1.02,0.025
mol_021_E,nbo,1.5033,BD ( 1) C 10- H 24,BD*( 1) C 9- H 22,3.36,1.02,0.052
mol_021_E,nbo,1.5033,BD ( 1) C 10- H 24,BD*( 1) C 11- H 25,0.6,1.03,0.022
mol_021_E,nbo,1.5033,BD ( 1) C 10- H 24,BD*( 1) C 11- H 26,3.26,1.02,0.052
mol_021_E,nbo,1.5033,BD ( 1) C 10- H 24,RY ( 1) C 9,0.62,1.46,0.027
mol_021_E,nbo,1.5033,BD ( 1) C 11- C 12,BD*( 1) C 5- C 6,2.44,1.31,0.05
mol_021_E,nbo,1.5033,BD ( 1) C 11- C 12,BD*( 1) C 6- C 12,1.3,1.22,0.036
mol_021_E,nbo,1.5033,BD ( 1) C 11- C 12,BD*( 1) C 10- C 11,0.76,1.15,0.026
mol_021_E,nbo,1.5033,BD ( 1) C 11- C 12,BD*( 1) C 10- H 23,1.27,1.17,0.034
mol_021_E,nbo,1.5033,BD ( 1) C 11- C 12,BD*( 1) C 12- N 13,0.65,1.32,0.026
mol_021_E,nbo,1.5033,BD ( 1) C 11- C 12,BD*( 1) N 13- O 14,3.0,0.82,0.044
mol_021_E,nbo,1.5033,BD ( 1) C 11- C 12,RY ( 1) C 6,0.55,1.86,0.029
mol_021_E,nbo,1.5033,BD ( 1) C 11- C 12,RY ( 2) C 6,0.61,2.03,0.031
mol_021_E,nbo,1.5033,BD ( 1) C 11- C 12,RY ( 1) C 10,1.0,1.66,0.036
mol_021_E,nbo,1.5033,BD ( 1) C 11- C 12,RY ( 1) N 13,1.51,1.78,0.046
mol_021_E,nbo,1.5033,BD ( 1) C 11- H 25,BD*( 1) C 6- C 12,2.76,1.1,0.049
mol_021_E,nbo,1.5033,BD ( 1) C 11- H 25,BD*( 1) C 9- C 10,2.93,1.04,0.049
mol_021_E,nbo,1.5033,BD ( 1) C 11- H 25,BD*( 1) C 10- H 24,0.65,1.05,0.023
mol_021_E,nbo,1.5033,BD ( 1) C 11- H 25,BD*( 2) C 12- N 13,6.42,0.62,0.056
mol_021_E,nbo,1.5033,BD ( 1) C 11- H 26,BD*( 1) C 6- C 12,1.56,1.1,0.037
mol_021_E,nbo,1.5033,BD ( 1) C 11- H 26,BD*( 1) C 10- H 23,0.71,1.05,0.024
mol_021_E,nbo,1.5033,BD ( 1) C 11- H 26,BD*( 1) C 10- H 24,3.08,1.04,0.051
mol_021_E,nbo,1.5033,BD ( 1) C 11- H 26,BD*( 2) C 12- N 13,11.59,0.61,0.075
mol_021_E,nbo,1.5033,BD ( 1) C 12- N 13,BD*( 1) C 6- C 7,1.29,1.57,0.04
mol_021_E,nbo,1.5033,BD ( 1) C 12- N 13,BD*( 1) C 6- C 12,1.33,1.46,0.039
mol_021_E,nbo,1.5033,BD ( 1) C 12- N 13,BD*( 1) C 11- C 12,1.35,1.39,0.039
mol_021_E,nbo,1.5033,BD ( 1) C 12- N 13,RY ( 1) C 6,1.43,2.1,0.049
mol_021_E,nbo,1.5033,BD ( 1) C 12- N 13,RY ( 2) C 6,0.53,2.27,0.031
mol_021_E,nbo,1.5033,BD ( 1) C 12- N 13,RY ( 1) O 14,0.82,2.29,0.039
mol_021_E,nbo,1.5033,BD ( 2) C 12- N 13,BD*( 2) C 6- C 7,6.97,0.53,0.054
mol_021_E,nbo,1.5033,BD ( 2) C 12- N 13,BD*( 1) C 11- H 25,1.02,0.94,0.028
mol_021_E,nbo,1.5033,BD ( 2) C 12- N 13,BD*( 1) C 11- H 26,1.57,0.93,0.034
mol_021_E,nbo,1.5033,BD ( 2) C 12- N 13,BD*( 1) O 14- H 28,1.69,0.9,0.035
mol_021_E,nbo,1.5033,BD ( 2) C 12- N 13,RY ( 3) C 6,0.52,1.56,0.025
mol_021_E,nbo,1.5033,BD ( 1) N 13- O 14,BD*( 1) C 6- C 12,4.25,1.38,0.068
mol_021_E,nbo,1.5033,BD ( 1) N 13- O 14,BD*( 1) C 11- C 12,0.74,1.31,0.028
mol_021_E,nbo,1.5033,BD ( 1) N 13- O 14,RY ( 2) C 12,1.82,2.1,0.055
mol_021_E,nbo,1.5033,BD ( 1) O 14- H 27,BD*( 1) C 12- N 13,1.13,1.53,0.037
mol_021_E,nbo,1.5033,BD ( 1) O 14- H 27,RY ( 2) C 12,0.64,2.15,0.033
mol_021_E,nbo,1.5033,BD ( 1) O 14- H 28,BD*( 2) C 12- N 13,1.31,0.95,0.031
mol_021_E,nbo,1.5033,BD ( 1) O 14- H 28,RY ( 2) N 13,0.56,1.86,0.029
mol_021_E,scan_1,1.5033,LP ( 1) O 2,BD*( 1) C 1- H 15,3.24,1.07,0.053
mol_021_E,scan_1,1.5033,LP ( 1) O 2,BD*( 1) C 1- H 16,0.84,1.06,0.027
mol_021_E,scan_1,1.5033,LP ( 1) O 2,BD*( 1) C 1- H 17,0.75,1.06,0.025
mol_021_E,scan_1,1.5033,LP ( 1) O 2,BD*( 1) C 3- C 4,1.25,1.21,0.035
mol_021_E,scan_1,1.5033,LP ( 1) O 2,BD*( 1) C 3- C 8,7.68,1.23,0.087
mol_021_E,scan_1,1.5033,LP ( 1) O 2,RY ( 1) C 1,2.13,2.15,0.06
mol_021_E,scan_1,1.5033,LP ( 1) O 2,RY ( 1) C 3,3.02,2.0,0.069
mol_021_E,scan_1,1.5033,LP ( 2) O 2,BD*( 1) C 1- H 16,6.34,0.88,0.067
mol_021_E,scan_1,1.5033,LP ( 2) O 2,BD*( 1) C 1- H 17,6.57,0.88,0.068
mol_021_E,scan_1,1.5033,LP ( 2) O 2,BD*( 2) C 3- C 8,47.18,0.47,0.133
mol_021_E,scan_1,1.5033,LP ( 2) O 2,RY ( 3) C 1,1.61,2.0,0.051
mol_021_E,scan_1,1.5033,LP ( 2) O 2,RY ( 3) C 3,2.54,2.02,0.064
mol_021_E,scan_1,1.5033,LP ( 1) N 13,BD*( 1) C 6- C 12,0.6,1.07,0.023
mol_021_E,scan_1,1.5033,LP ( 1) N 13,BD*( 1) C 11- C 12,7.14,1.01,0.076
mol_021_E,scan_1,1.5033,LP ( 1) N 13,RY ( 1) C 12,6.5,1.58,0.091
mol_021_E,scan_1,1.5033,LP ( 1) N 13,RY (10) N 13,0.55,3.92,0.042
mol_021_E,scan_1,1.5033,LP ( 1) N 13,RY (12) N 13,0.52,13.83,0.076
mol_021_E,scan_1,1.5033,LP ( 1) N 13,RY (14) N 13,0.6,7.95,0.062
mol_021_E,scan_1,1.5033,LP ( 1) N 13,RY (16) N 13,0.64,6.65,0.058
mol_021_E,scan_1,1.5033,LP ( 1) N 13,RY ( 3) O 14,0.51,2.58,0.033
mol_021_E,scan_1,1.5033,LP ( 1) O 14,BD*( 1) C 6- C 12,0.78,1.19,0.027
mol_021_E,scan_1,1.5033,LP ( 1) O 14,BD*( 1) C 10- C 11,0.77,1.12,0.026
mol_021_E,scan_1,1.5033,LP ( 1) O 14,BD*( 2) C 12- N 13,1.39,0.7,0.028
mol_021_E,scan_1,1.5033,LP ( 1) O 14,RY ( 1) H 27,1.25,2.61,0.051
mol_021_E,scan_1,1.5033,LP ( 1) O 14,RY ( 1) H 28,1.23,2.65,0.051
mol_021_E,scan_1,1.5033,BD ( 1) C 1- O 2,BD*( 1) C 3- C 4,2.81,1.46,0.057
mol_021_E,scan_1,1.5033,BD ( 1) C 1- O 2,RY ( 2) C 3,2.4,2.55,0.07
mol_021_E,scan_1,1.5033,BD ( 1) C 1- H 15,BD*( 1) O 2- C 3,3.44,1.04,0.053
mol_021_E,scan_1,1.5033,BD ( 1) C 1- H 16,RY ( 2) O 2,0.67,1.22,0.026
mol_021_E,scan_1,1.5033,BD ( 1) C 1- H 17,RY ( 2) O 2,0.76,1.22,0.027
mol_021_E,scan_1,1.5033,BD ( 1) O 2- C 3,BD*( 1) C 4- C 5,1.02,1.6,0.036
mol_021_E,scan_1,1.5033,BD ( 1) O 2- C 3,BD*( 1) C 7- C 8,0.95,1.57,0.034
mol_021_E,scan_1,1.5033,BD ( 1) O 2- C 3,RY ( 2) C 1,1.24,1.96,0.044
mol_021_E,scan_1,1.5033,BD ( 1) O 2- C 3,RY ( 1) C 4,0.79,2.33,0.038
mol_021_E,scan_1,1.5033,BD ( 1) C 3- C 4,BD*( 1) C 1- O 2,3.27,1.07,0.053
mol_021_E,scan_1,1.5033,BD ( 1) C 3- C 4,BD*( 1) C 3- C 8,2.87,1.34,0.055
mol_021_E,scan_1,1.5033,BD ( 1) C 3- C 4,BD*( 1) C 4- C 5,2.23,1.39,0.05
mol_021_E,scan_1,1.5033,BD ( 1) C 3- C 4,BD*( 1) C 4- H 18,0.92,1.22,0.03
mol_021_E,scan_1,1.5033,BD ( 1) C 3- C 4,BD*( 1) C 5- H 19,2.4,1.23,0.048
mol_021_E,scan_1,1.5033,BD ( 1) C 3- C 4,BD*( 1) C 8- H 20,2.5,1.23,0.049
mol_021_E,scan_1,1.5033,BD ( 1) C 3- C 4,RY ( 1) O 2,1.19,1.44,0.037
mol_021_E,scan_1,1.5033,BD ( 1) C 3- C 4,RY ( 1) C 5,0.67,2.02,0.033
mol_021_E,scan_1,1.5033,BD ( 1) C 3- C 4,RY ( 2) C 5,1.72,1.98,0.052
mol_021_E,scan_1,1.5033,BD ( 1) C 3- C 4,RY ( 1) C 8,0.62,2.01,0.032
mol_021_E,scan_1,1.5033,BD ( 1) C 3- C 4,RY ( 2) C 8,0.92,2.04,0.039
mol_021_E,scan_1,1.5033,BD ( 1) C 3- C 8,BD*( 1) C 3- C 4,3.03,1.34,0.057
mol_021_E,scan_1,1.5033,BD ( 1) C 3- C 8,BD*( 1) C 4- H 18,1.99,1.23,0.044
mol_021_E,scan_1,1.5033,BD ( 1) C 3- C 8,BD*( 1) C 7- C 8,3.3,1.37,0.06
mol_021_E,scan_1,1.5033,BD ( 1) C 3- C 8,BD*( 1) C 7- C 9,2.99,1.22,0.054
mol_021_E,scan_1,1.5033,BD ( 1) C 3- C 8,BD*( 1) C 8- H 20,1.26,1.24,0.035
mol_021_E,scan_1,1.5033,BD ( 1) C 3- C 8,RY ( 2) C 1,0.51,1.75,0.027
mol_021_E,scan_1,1.5033,BD ( 1) C 3- C 8,RY ( 1) O 2,0.98,1.45,0.034
mol_021_E,scan_1,1.5033,BD ( 1) C 3- C 8,RY ( 1) C 4,1.27,2.13,0.046
mol_021_E,scan_1,1.5033,BD ( 1) C 3- C 8,RY ( 1) C 7,1.25,2.15,0.046
mol_021_E,scan_1,1.5033,BD ( 1) C 3- C 8,RY ( 2) C 7,0.58,2.14,0.032
mol_021_E,scan_1,1.5033,BD ( 1) C 3- C 8,RY ( 3) C 7,0.74,1.97,0.034
mol_021_E,scan_1,1.5033,BD ( 2) C 3- C 8,BD*( 2) C 3- C 8,1.21,0.39,0.019
mol_021_E,scan_1,1.5033,BD ( 2) C 3- C 8,BD*( 2) C 4- C 5,24.5,0.41,0.089
mol_021_E,scan_1,1.5033,BD ( 2) C 3- C 8,BD*( 2) C 6- C 7,47.04,0.4,0.122
mol_021_E,scan_1,1.5033,BD ( 2) C 3- C 8,RY ( 2) O 2,1.55,0.96,0.034
mol_021_E,scan_1,1.5033,BD ( 2) C 3- C 8,RY ( 3) C 4,1.88,0.93,0.037
mol_021_E,scan_1,1.5033,BD ( 2) C 3- C 8,RY ( 3) C 8,0.5,0.95,0.02
mol_021_E,scan_1,1.5033,BD ( 1) C 4- C 5,BD*( 1) O 2- C 3,3.3,1.16,0.055
mol_021_E,scan_1,1.5033,BD ( 1) C 4- C 5,BD*( 1) C 3- C 4,2.27,1.33,0.049
mol_021_E,scan_1,1.5033,BD ( 1) C 4- C 5,BD*( 1) C 4- H 18,1.38,1.22,0.037
mol_021_E,scan_1,1.5033,BD ( 1) C 4- C 5,BD*( 1) C 5- C 6,2.79,1.33,0.054
mol_021_E,scan_1,1.5033,BD ( 1) C 4- C 5,BD*( 1) C 5- H 19,1.07,1.23,0.032
mol_021_E,scan_1,1.5033,BD ( 1) C 4- C 5,BD*( 1) C 6- C 12,3.29,1.24,0.057
mol_021_E,scan_1,1.5033,BD ( 1) C 4- C 5,RY ( 1) C 3,1.29,2.12,0.047
mol_021_E,scan_1,1.5033,BD ( 1) C 4- C 5,RY ( 2) C 3,0.76,2.42,0.038
mol_021_E,scan_1,1.5033,BD ( 1) C 4- C 5,RY ( 1) C 6,2.03,1.88,0.055
mol_021_E,scan_1,1.5033,BD ( 1) C 4- C 5,RY ( 4) C 6,0.57,2.84,0.036
mol_021_E,scan_1,1.5033,BD ( 2) C 4- C 5,BD*( 2) C 3- C 8,37.5,0.4,0.109
mol_021_E,scan_1,1.5033,BD ( 2) C 4- C 5,BD*( 2) C 6- C 7,25.35,0.4,0.09
mol_021_E,scan_1,1.5033,BD ( 2) C 4- C 5,RY ( 5) C 3,0.68,2.02,0.033
mol_021_E,scan_1,1.5033,BD ( 1) C 4- H 18,BD*( 1) O 2- C 3,2.1,1.03,0.041
mol_021_E,scan_1,1.5033,BD ( 1) C 4- H 18,BD*( 1) C 3- C 8,4.12,1.21,0.063
mol_021_E,scan_1,1.5033,BD ( 1) C 4- H 18,BD*( 1) C 4- C 5,0.92,1.25,0.03
mol_021_E,scan_1,1.5033,BD ( 1) C 4- H 18,BD*( 1) C 5- C 6,3.8,1.21,0.06
mol_021_E,scan_1,1.5033,BD ( 1) C 4- H 18,BD*( 1) C 5- H 19,0.94,1.1,0.029
mol_021_E,scan_1,1.5033,BD ( 1) C 4- H 18,RY ( 1) C 3,0.58,1.99,0.03
mol_021_E,scan_1,1.5033,BD ( 1) C 4- H 18,RY ( 9) C 3,0.54,3.89,0.041
mol_021_E,scan_1,1.5033,BD ( 1) C 4- H 18,RY ( 1) C 5,1.2,1.89,0.043
mol_021_E,scan_1,1.5033,BD ( 1) C 5- C 6,BD*( 1) C 4- C 5,2.52,1.37,0.052
mol_021_E,scan_1,1.5033,BD ( 1) C 5- C 6,BD*( 1) C 4- H 18,2.38,1.21,0.048
mol_021_E,scan_1,1.5033,BD ( 1) C 5- C 6,BD*( 1) C 5- H 19,0.92,1.21,0.03
mol_021_E,scan_1,1.5033,BD ( 1) C 5- C 6,BD*( 1) C 6- C 7,4.33,1.34,0.068
mol_021_E,scan_1,1.5033,BD ( 1) C 5- C 6,BD*( 1) C 6- C 12,2.41,1.23,0.049
mol_021_E,scan_1,1.5033,BD ( 1) C 5- C 6,BD*( 1) C 7- C 9,2.97,1.2,0.053
mol_021_E,scan_1,1.5033,BD ( 1) C 5- C 6,BD*( 1) C 11- C 12,1.99,1.17,0.043
mol_021_E,scan_1,1.5033,BD ( 1) C 5- C 6,RY ( 1) C 4,0.69,2.11,0.034
mol_021_E,scan_1,1.5033,BD ( 1) C 5- C 6,RY ( 2) C 4,2.0,1.93,0.055
mol_021_E,scan_1,1.5033,BD ( 1) C 5- C 6,RY ( 1) C 7,0.85,2.13,0.038
mol_021_E,scan_1,1.5033,BD ( 1) C 5- C 6,RY ( 1) C 12,1.4,1.74,0.044
mol_021_E,scan_1,1.5033,BD ( 1) C 5- H 19,BD*( 1) C 3- C 4,3.74,1.2,0.06
mol_021_E,scan_1,1.5033,BD ( 1) C 5- H 19,BD*( 1) C 4- C 5,0.68,1.26,0.026
mol_021_E,scan_1,1.5033,BD ( 1) C 5- H 19,BD*( 1) C 4- H 18,1.02,1.1,0.03
mol_021_E,scan_1,1.5033,BD ( 1) C 5- H 19,BD*( 1) C 6- C 7,4.31,1.23,0.065
mol_021_E,scan_1,1.5033,BD ( 1) C 5- H 19,BD*( 1) C 6- C 12,0.71,1.12,0.025
mol_021_E,scan_1,1.5033,BD ( 1) C 5- H 19,RY ( 1) C 4,1.23,1.99,0.044
mol_021_E,scan_1,1.5033,BD ( 1) C 5- H 19,RY ( 1) C 6,0.77,1.76,0.033
mol_021_E,scan_1,1.5033,BD ( 1) C 5- H 19,RY ( 2) C 6,0.5,1.93,0.028
mol_021_E,scan_1,1.5033,BD ( 1) C 6- C 7,BD*( 1) C 5- C 6,4.17,1.32,0.066
mol_021_E,scan_1,1.5033,BD ( 1) C 6- C 7,BD*( 1) C 5- H 19,2.13,1.22,0.045
mol_021_E,scan_1,1.5033,BD ( 1) C 6- C 7,BD*( 1) C 6- C 12,2.6,1.23,0.051
mol_021_E,scan_1,1.5033,BD ( 1) C 6- C 7,BD*( 1) C 7- C 8,2.57,1.35,0.053
mol_021_E,scan_1,1.5033,BD ( 1) C 6- C 7,BD*( 1) C 7- C 9,1.7,1.2,0.04
mol_021_E,scan_1,1.5033,BD ( 1) C 6- C 7,BD*( 1) C 8- H 20,2.33,1.22,0.047
mol_021_E,scan_1,1.5033,BD ( 1) C 6- C 7,BD*( 1) C 9- H 21,0.8,1.19,0.028
mol_021_E,scan_1,1.5033,BD ( 1) C 6- C 7,BD*( 1) C 12- N 13,1.45,1.33,0.039
mol_021_E,scan_1,1.5033,BD ( 1) C 6- C 7,RY ( 1) C 5,0.93,2.01,0.039
mol_021_E,scan_1,1.5033,BD ( 1) C 6- C 7,RY ( 1) C 8,1.53,2.0,0.049
mol_021_E,scan_1,1.5033,BD ( 1) C 6- C 7,RY ( 1) C 9,1.27,1.6,0.04
mol_021_E,scan_1,1.5033,BD ( 1) C 6- C 7,RY ( 2) C 12,0.58,1.95,0.03
mol_021_E,scan_1,1.5033,BD ( 2) C 6- C 7,BD*( 2) C 3- C 8,23.79,0.38,0.085
mol_021_E,scan_1,1.5033,BD ( 2) C 6- C 7,BD*( 2) C 4- C 5,36.83,0.4,0.108
mol_021_E,scan_1,1.5033,BD ( 2) C 6- C 7,BD*( 2) C 6- C 7,0.71,0.39,0.015
mol_021_E,scan_1,1.5033,BD ( 2) C 6- C 7,BD*( 1) C 9- C 10,0.69,0.79,0.021
mol_021_E,scan_1,1.5033,BD ( 2) C 6- C 7,BD*( 1) C 9- H 21,0.78,0.81,0.022
mol_021_E,scan_1,1.5033,BD ( 2) C 6- C 7,BD*( 1) C 9- H 22,3.46,0.8,0.047
mol_021_E,scan_1,1.5033,BD ( 2) C 6- C 7,BD*( 2) C 12- N 13,35.29,0.38,0.103
mol_021_E,scan_1,1.5033,BD ( 2) C 6- C 7,RY ( 3) C 5,1.93,1.39,0.046
mol_021_E,scan_1,1.5033,BD ( 2) C 6- C 7,RY ( 3) C 8,1.82,0.94,0.037
mol_021_E,scan_1,1.5033,BD ( 2) C 6- C 7,RY ( 3) C 12,0.98,1.71,0.036
mol_021_E,scan_1,1.5033,BD ( 1) C 6- C 12,BD*( 1) C 4- C 5,1.42,1.37,0.039
mol_021_E,scan_1,1.5033,BD ( 1) C 6- C 12,BD*( 1) C 5- C 6,2.24,1.32,0.048
mol_021_E,scan_1,1.5033,BD ( 1) C 6- C 12,BD*( 1) C 6- C 7,2.23,1.33,0.049
mol_021_E,scan_1,1.5033,BD ( 1) C 6- C 12,BD*( 1) C 7- C 8,2.53,1.34,0.052
mol_021_E,scan_1,1.5033,BD ( 1) C 6- C 12,BD*( 1) C 11- C 12,1.04,1.16,0.031
mol_021_E,scan_1,1.5033,BD ( 1) C 6- C 12,BD*( 1) C 11- H 25,0.64,1.17,0.024
mol_021_E,scan_1,1.5033,BD ( 1) C 6- C 12,BD*( 1) C 12- N 13,1.4,1.33,0.038
mol_021_E,scan_1,1.5033,BD ( 1) C 6- C 12,BD*( 1) N 13- O 14,9.68,0.83,0.08
mol_021_E,scan_1,1.5033,BD ( 1) C 6- C 12,RY ( 1) C 5,1.57,2.01,0.05
mol_021_E,scan_1,1.5033,BD ( 1) C 6- C 12,RY ( 1) C 7,1.49,2.12,0.05
mol_021_E,scan_1,1.5033,BD ( 1) C 6- C 12,RY ( 1) C 11,0.97,1.5,0.034
mol_021_E,scan_1,1.5033,BD ( 1) C 6- C 12,RY ( 1) N 13,1.12,1.79,0.04
mol_021_E,scan_1,1.5033,BD ( 1) C 7- C 8,BD*( 1) O 2- C 3,4.08,1.15,0.061
mol_021_E,scan_1,1.5033,BD ( 1) C 7- C 8,BD*( 1) C 3- C 8,3.35,1.33,0.06
mol_021_E,scan_1,1.5033,BD ( 1) C 7- C 8,BD*( 1) C 6- C 7,3.19,1.34,0.058
mol_021_E,scan_1,1.5033,BD ( 1) C 7- C 8,BD*( 1) C 6- C 12,3.3,1.23,0.057
mol_021_E,scan_1,1.5033,BD ( 1) C 7- C 8,BD*( 1) C 7- C 9,1.61,1.2,0.039
mol_021_E,scan_1,1.5033,BD ( 1) C 7- C 8,BD*( 1) C 8- H 20,1.72,1.22,0.041
mol_021_E,scan_1,1.5033,BD ( 1) C 7- C 8,BD*( 1) C 9- C 10,0.69,1.17,0.025
mol_021_E,scan_1,1.5033,BD ( 1) C 7- C 8,RY ( 2) C 3,1.89,2.41,0.06
mol_021_E,scan_1,1.5033,BD ( 1) C 7- C 8,RY ( 2) C 6,1.64,2.05,0.052
mol_021_E,scan_1,1.5033,BD ( 1) C 7- C 8,RY ( 7) C 7,0.74,5.19,0.055
mol_021_E,scan_1,1.5033,BD ( 1) C 7- C 8,RY (14) C 7,0.51,6.4,0.051
mol_021_E,scan_1,1.5033,BD ( 1) C 7- C 8,RY (15) C 7,0.64,7.98,0.064
mol_021_E,scan_1,1.5033,BD ( 1) C 7- C 8,RY ( 1) C 9,1.18,1.6,0.039
mol_021_E,scan_1,1.5033,BD ( 1) C 7- C 8,RY ( 1) H 20,0.7,1.61,0.03
mol_021_E,scan_1,1.5033,BD ( 1) C 7- C 9,BD*( 1) C 3- C 8,2.34,1.28,0.049
mol_021_E,scan_1,1.5033,BD ( 1) C 7- C 9,BD*( 1) C 5- C 6,3.14,1.27,0.056
mol_021_E,scan_1,1.5033,BD ( 1) C 7- C 9,BD*( 1) C 6- C 7,1.48,1.28,0.039
mol_021_E,scan_1,1.5033,BD ( 1) C 7- C 9,BD*( 1) C 7- C 8,1.75,1.29,0.042
mol_021_E,scan_1,1.5033,BD ( 1) C 7- C 9,BD*( 1) C 8- H 20,0.55,1.16,0.023
mol_021_E,scan_1,1.5033,BD ( 1) C 7- C 9,BD*( 1) C 9- C 10,0.84,1.11,0.027
mol_021_E,scan_1,1.5033,BD ( 1) C 7- C 9,BD*( 1) C 9- H 21,0.52,1.13,0.022
mol_021_E,scan_1,1.5033,BD ( 1) C 7- C 9,BD*( 1) C 10- H 23,1.74,1.13,0.04
mol_021_E,scan_1,1.5033,BD ( 1) C 7- C 9,RY ( 2) C 6,1.14,1.99,0.043
mol_021_E,scan_1,1.5033,BD ( 1) C 7- C 9,RY ( 1) C 8,2.1,1.95,0.057
mol_021_E,scan_1,1.5033,BD ( 1) C 7- C 9,RY ( 1) C 10,1.27,1.62,0.041
mol_021_E,scan_1,1.5033,BD ( 1) C 8- H 20,BD*( 1) O 2- C 3,1.59,1.03,0.036
mol_021_E,scan_1,1.5033,BD ( 1) C 8- H 20,BD*( 1) C 3- C 4,3.97,1.2,0.062
mol_021_E,scan_1,1.5033,BD ( 1) C 8- H 20,BD*( 1) C 3- C 8,0.73,1.21,0.027
mol_021_E,scan_1,1.5033,BD ( 1) C 8- H 20,BD*( 1) C 6- C 7,4.76,1.22,0.068
mol_021_E,scan_1,1.5033,BD ( 1) C 8- H 20,BD*( 1) C 7- C 8,1.2,1.23,0.034
mol_021_E,scan_1,1.5033,BD ( 1) C 8- H 20,BD*( 1) C 7- C 9,0.51,1.08,0.021
mol_021_E,scan_1,1.5033,BD ( 1) C 8- H 20,RY ( 1) C 3,0.99,1.99,0.04
mol_021_E,scan_1,1.5033,BD ( 1) C 8- H 20,RY ( 1) C 7,1.39,2.01,0.047
mol_021_E,scan_1,1.5033,BD ( 1) C 9- C 10,BD*( 2) C 6- C 7,1.86,0.69,0.032
mol_021_E,scan_1,1.5033,BD ( 1) C 9- C 10,BD*( 1) C 7- C 8,2.59,1.27,0.051
mol_021_E,scan_1,1.5033,BD ( 1) C 9- C 10,BD*( 1) C 7- C 9,0.98,1.12,0.03
mol_021_E,scan_1,1.5033,BD ( 1) C 9- C 10,BD*( 1) C 9- H 21,0.52,1.11,0.021
mol_021_E,scan_1,1.5033,BD ( 1) C 9- C 10,BD*( 1) C 10- C 11,0.51,1.08,0.021
mol_021_E,scan_1,1.5033,BD ( 1) C 9- C 10,BD*( 1) C 11- H 25,2.01,1.1,0.042
mol_021_E,scan_1,1.5033,BD ( 1) C 9- C 10,RY ( 2) C 7,1.41,2.04,0.048
mol_021_E,scan_1,1.5033,BD ( 1) C 9- C 10,RY ( 2) C 11,1.0,1.6,0.036
mol_021_E,scan_1,1.5033,BD ( 1) C 9- H 21,BD*( 1) C 6- C 7,4.04,1.2,0.062
mol_021_E,scan_1,1.5033,BD ( 1) C 9- H 21,BD*( 2) C 6- C 7,1.71,0.62,0.029
mol_021_E,scan_1,1.5033,BD ( 1) C 9- H 21,BD*( 1) C 10- C 11,3.16,1.02,0.051
mol_021_E,scan_1,1.5033,BD ( 1) C 9- H 22,BD*( 2) C 6- C 7,8.57,0.62,0.065
mol_021_E,scan_1,1.5033,BD ( 1) C 9- H 22,BD*( 1) C 7- C 8,0.55,1.2,0.023
mol_021_E,scan_1,1.5033,BD ( 1) C 9- H 22,BD*( 1) C 10- H 24,3.38,1.03,0.053
mol_021_E,scan_1,1.5033,BD ( 1) C 10- C 11,BD*( 1) C 9- C 10,0.52,1.1,0.021
mol_021_E,scan_1,1.5033,BD ( 1) C 10- C 11,BD*( 1) C 9- H 21,1.99,1.12,0.042
mol_021_E,scan_1,1.5033,BD ( 1) C 10- C 11,BD*( 1) C 11- C 12,0.89,1.1,0.028
mol_021_E,scan_1,1.5033,BD ( 1) C 10- C 11,BD*( 1) C 11- H 25,0.64,1.11,0.024
mol_021_E,scan_1,1.5033,BD ( 1) C 10- C 11,BD*( 1) C 11- H 26,0.58,1.1,0.023
mol_021_E,scan_1,1.5033,BD ( 1) C 10- C 11,BD*( 1) C 12- N 13,3.69,1.27,0.061
mol_021_E,scan_1,1.5033,BD ( 1) C 10- C 11,RY ( 1) C 9,0.89,1.54,0.033
mol_021_E,scan_1,1.5033,BD ( 1) C 10- C 11,RY ( 2) C 12,0.55,1.89,0.029
mol_021_E,scan_1,1.5033,BD ( 1) C 10- H 23,BD*( 1) C 7- C 9,3.04,1.06,0.051
mol_021_E,scan_1,1.5033,BD ( 1) C 10- H 23,BD*( 1) C 11- C 12,3.9,1.02,0.056
mol_021_E,scan_1,1.5033,BD ( 1) C 10- H 23,BD*( 1) C 11- H 26,0.74,1.02,0.025
mol_021_E,scan_1,1.5033,BD ( 1) C 10- H 24,BD*( 1) C 9- H 22,3.36,1.02,0.052
mol_021_E,scan_1,1.5033,BD ( 1) C 10- H 24,BD*( 1) C 11- H 25,0.6,1.03,0.022
mol_021_E,scan_1,1.5033,BD ( 1) C 10- H 24,BD*( 1) C 11- H 26,3.26,1.02,0.052
mol_021_E,scan_1,1.5033,BD ( 1) C 10- H 24,RY ( 1) C 9,0.62,1.46,0.027
mol_021_E,scan_1,1.5033,BD ( 1) C 11- C 12,BD*( 1) C 5- C 6,2.44,1.31,0.05
mol_021_E,scan_1,1.5033,BD ( 1) C 11- C 12,BD*( 1) C 6- C 12,1.3,1.22,0.036
mol_021_E,scan_1,1.5033,BD ( 1) C 11- C 12,BD*( 1) C 10- C 11,0.76,1.15,0.026
mol_021_E,scan_1,1.5033,BD ( 1) C 11- C 12,BD*( 1) C 10- H 23,1.27,1.17,0.034
mol_021_E,scan_1,1.5033,BD ( 1) C 11- C 12,BD*( 1) C 12- N 13,0.65,1.32,0.026
mol_021_E,scan_1,1.5033,BD ( 1) C 11- C 12,BD*( 1) N 13- O 14,3.0,0.82,0.044
mol_021_E,scan_1,1.5033,BD ( 1) C 11- C 12,RY ( 1) C 6,0.55,1.86,0.029
mol_021_E,scan_1,1.5033,BD ( 1) C 11- C 12,RY ( 2) C 6,0.61,2.03,0.031
mol_021_E,scan_1,1.5033,BD ( 1) C 11- C 12,RY ( 1) C 10,1.0,1.66,0.036
mol_021_E,scan_1,1.5033,BD ( 1) C 11- C 12,RY ( 1) N 13,1.51,1.78,0.046
mol_021_E,scan_1,1.5033,BD ( 1) C 11- H 25,BD*( 1) C 6- C 12,2.76,1.1,0.049
mol_021_E,scan_1,1.5033,BD ( 1) C 11- H 25,BD*( 1) C 9- C 10,2.93,1.04,0.049
mol_021_E,scan_1,1.5033,BD ( 1) C 11- H 25,BD*( 1) C 10- H 24,0.65,1.05,0.023
mol_021_E,scan_1,1.5033,BD ( 1) C 11- H 25,BD*( 2) C 12- N 13,6.42,0.62,0.056
mol_021_E,scan_1,1.5033,BD ( 1) C 11- H 26,BD*( 1) C 6- C 12,1.56,1.1,0.037
mol_021_E,scan_1,1.5033,BD ( 1) C 11- H 26,BD*( 1) C 10- H 23,0.71,1.05,0.024
mol_021_E,scan_1,1.5033,BD ( 1) C 11- H 26,BD*( 1) C 10- H 24,3.08,1.04,0.051
mol_021_E,scan_1,1.5033,BD ( 1) C 11- H 26,BD*( 2) C 12- N 13,11.59,0.61,0.075
mol_021_E,scan_1,1.5033,BD ( 1) C 12- N 13,BD*( 1) C 6- C 7,1.29,1.57,0.04
mol_021_E,scan_1,1.5033,BD ( 1) C 12- N 13,BD*( 1) C 6- C 12,1.33,1.46,0.039
mol_021_E,scan_1,1.5033,BD ( 1) C 12- N 13,BD*( 1) C 11- C 12,1.35,1.39,0.039
mol_021_E,scan_1,1.5033,BD ( 1) C 12- N 13,RY ( 1) C 6,1.43,2.1,0.049
mol_021_E,scan_1,1.5033,BD ( 1) C 12- N 13,RY ( 2) C 6,0.53,2.27,0.031
mol_021_E,scan_1,1.5033,BD ( 1) C 12- N 13,RY ( 1) O 14,0.82,2.29,0.039
mol_021_E,scan_1,1.5033,BD ( 2) C 12- N 13,BD*( 2) C 6- C 7,6.97,0.53,0.054
mol_021_E,scan_1,1.5033,BD ( 2) C 12- N 13,BD*( 1) C 11- H 25,1.02,0.94,0.028
mol_021_E,scan_1,1.5033,BD ( 2) C 12- N 13,BD*( 1) C 11- H 26,1.57,0.93,0.034
mol_021_E,scan_1,1.5033,BD ( 2) C 12- N 13,BD*( 1) O 14- H 28,1.69,0.9,0.035
mol_021_E,scan_1,1.5033,BD ( 2) C 12- N 13,RY ( 3) C 6,0.52,1.56,0.025
mol_021_E,scan_1,1.5033,BD ( 1) N 13- O 14,BD*( 1) C 6- C 12,4.25,1.38,0.068
mol_021_E,scan_1,1.5033,BD ( 1) N 13- O 14,BD*( 1) C 11- C 12,0.74,1.31,0.028
mol_021_E,scan_1,1.5033,BD ( 1) N 13- O 14,RY ( 2) C 12,1.82,2.1,0.055
mol_021_E,scan_1,1.5033,BD ( 1) O 14- H 27,BD*( 1) C 12- N 13,1.13,1.53,0.037
mol_021_E,scan_1,1.5033,BD ( 1) O 14- H 27,RY ( 2) C 12,0.64,2.15,0.033
mol_021_E,scan_1,1.5033,BD ( 1) O 14- H 28,BD*( 2) C 12- N 13,1.31,0.95,0.031
mol_021_E,scan_1,1.5033,BD ( 1) O 14- H 28,RY ( 2) N 13,0.56,1.86,0.029
mol_021_E,scan_2,1.9033,LP ( 1) O 2,BD*( 1) C 1- H 15,3.23,1.07,0.053
mol_021_E,scan_2,1.9033,LP ( 1) O 2,BD*( 1) C 1- H 16,0.84,1.06,0.027
mol_021_E,scan_2,1.9033,LP ( 1) O 2,BD*( 1) C 1- H 17,0.74,1.06,0.025
mol_021_E,scan_2,1.9033,LP ( 1) O 2,BD*( 1) C 3- C 4,1.3,1.21,0.035
mol_021_E,scan_2,1.9033,LP ( 1) O 2,BD*( 1) C 3- C 8,7.78,1.22,0.087
mol_021_E,scan_2,1.9033,LP ( 1) O 2,RY ( 1) C 1,2.11,2.16,0.06
mol_021_E,scan_2,1.9033,LP ( 1) O 2,RY ( 1) C 3,3.05,1.99,0.07
mol_021_E,scan_2,1.9033,LP ( 2) O 2,BD*( 1) C 1- H 16,6.28,0.88,0.066
mol_021_E,scan_2,1.9033,LP ( 2) O 2,BD*( 1) C 1- H 17,6.44,0.88,0.067
mol_021_E,scan_2,1.9033,LP ( 2) O 2,BD*( 2) C 3- C 8,48.43,0.47,0.135
mol_021_E,scan_2,1.9033,LP ( 2) O 2,RY ( 3) C 1,1.59,1.99,0.05
mol_021_E,scan_2,1.9033,LP ( 2) O 2,RY ( 3) C 3,2.63,2.02,0.065
mol_021_E,scan_2,1.9033,LP ( 1) N 13,BD*( 1) C 11- C 12,4.32,1.05,0.06
mol_021_E,scan_2,1.9033,LP ( 1) N 13,RY ( 1) C 12,8.87,1.45,0.101
mol_021_E,scan_2,1.9033,LP ( 1) O 14,BD*( 1) C 10- C 11,0.5,1.13,0.021
mol_021_E,scan_2,1.9033,LP ( 1) O 14,RY ( 1) H 27,1.27,2.57,0.051
mol_021_E,scan_2,1.9033,LP ( 1) O 14,RY ( 1) H 28,1.33,2.63,0.053
mol_021_E,scan_2,1.9033,BD ( 1) C 1- O 2,BD*( 1) C 3- C 4,2.84,1.46,0.057
mol_021_E,scan_2,1.9033,BD ( 1) C 1- O 2,RY ( 2) C 3,2.38,2.56,0.07
mol_021_E,scan_2,1.9033,BD ( 1) C 1- H 15,BD*( 1) O 2- C 3,3.44,1.04,0.053
mol_021_E,scan_2,1.9033,BD ( 1) C 1- H 17,RY ( 2) O 2,0.8,1.23,0.028
mol_021_E,scan_2,1.9033,BD ( 1) O 2- C 3,BD*( 1) C 4- C 5,1.02,1.6,0.036
mol_021_E,scan_2,1.9033,BD ( 1) O 2- C 3,BD*( 1) C 7- C 8,0.93,1.58,0.034
mol_021_E,scan_2,1.9033,BD ( 1) O 2- C 3,RY ( 2) C 1,1.24,1.96,0.044
mol_021_E,scan_2,1.9033,BD ( 1) O 2- C 3,RY ( 1) C 4,0.79,2.33,0.038
mol_021_E,scan_2,1.9033,BD ( 1) C 3- C 4,BD*( 1) C 1- O 2,3.31,1.07,0.053
mol_021_E,scan_2,1.9033,BD ( 1) C 3- C 4,BD*( 1) C 3- C 8,2.76,1.34,0.054
mol_021_E,scan_2,1.9033,BD ( 1) C 3- C 4,BD*( 1) C 4- C 5,2.19,1.38,0.049
mol_021_E,scan_2,1.9033,BD ( 1) C 3- C 4,BD*( 1) C 4- H 18,0.94,1.23,0.03
mol_021_E,scan_2,1.9033,BD ( 1) C 3- C 4,BD*( 1) C 5- H 19,2.39,1.23,0.048
mol_021_E,scan_2,1.9033,BD ( 1) C 3- C 4,BD*( 1) C 8- H 20,2.43,1.23,0.049
mol_021_E,scan_2,1.9033,BD ( 1) C 3- C 4,RY ( 1) O 2,1.06,1.43,0.035
mol_021_E,scan_2,1.9033,BD ( 1) C 3- C 4,RY ( 1) C 5,0.64,1.97,0.032
mol_021_E,scan_2,1.9033,BD ( 1) C 3- C 4,RY ( 2) C 5,1.75,1.96,0.052
mol_021_E,scan_2,1.9033,BD ( 1) C 3- C 4,RY ( 1) C 8,0.66,1.99,0.032
mol_021_E,scan_2,1.9033,BD ( 1) C 3- C 4,RY ( 2) C 8,0.88,1.98,0.037
mol_021_E,scan_2,1.9033,BD ( 1) C 3- C 8,BD*( 1) C 3- C 4,2.94,1.34,0.056
mol_021_E,scan_2,1.9033,BD ( 1) C 3- C 8,BD*( 1) C 4- H 18,1.97,1.23,0.044
mol_021_E,scan_2,1.9033,BD ( 1) C 3- C 8,BD*( 1) C 7- C 8,3.24,1.37,0.059
mol_021_E,scan_2,1.9033,BD ( 1) C 3- C 8,BD*( 1) C 7- C 9,3.12,1.22,0.055
mol_021_E,scan_2,1.9033,BD ( 1) C 3- C 8,BD*( 1) C 8- H 20,1.23,1.24,0.035
mol_021_E,scan_2,1.9033,BD ( 1) C 3- C 8,RY ( 2) C 1,0.51,1.75,0.027
mol_021_E,scan_2,1.9033,BD ( 1) C 3- C 8,RY ( 1) O 2,0.88,1.44,0.032
mol_021_E,scan_2,1.9033,BD ( 1) C 3- C 8,RY ( 1) C 4,1.24,2.12,0.046
mol_021_E,scan_2,1.9033,BD ( 1) C 3- C 8,RY ( 1) C 7,1.27,2.12,0.046
mol_021_E,scan_2,1.9033,BD ( 1) C 3- C 8,RY ( 3) C 7,0.93,2.07,0.039
mol_021_E,scan_2,1.9033,BD ( 2) C 3- C 8,BD*( 2) C 3- C 8,1.28,0.39,0.02
mol_021_E,scan_2,1.9033,BD ( 2) C 3- C 8,BD*( 2) C 4- C 5,24.69,0.4,0.089
mol_021_E,scan_2,1.9033,BD ( 2) C 3- C 8,BD*( 2) C 6- C 7,49.8,0.39,0.124
mol_021_E,scan_2,1.9033,BD ( 2) C 3- C 8,RY ( 2) O 2,1.38,0.97,0.033
mol_021_E,scan_2,1.9033,BD ( 2) C 3- C 8,RY ( 3) C 4,1.79,0.91,0.036
mol_021_E,scan_2,1.9033,BD ( 1) C 4- C 5,BD*( 1) O 2- C 3,3.2,1.16,0.054
mol_021_E,scan_2,1.9033,BD ( 1) C 4- C 5,BD*( 1) C 3- C 4,2.23,1.33,0.049
mol_021_E,scan_2,1.9033,BD ( 1) C 4- C 5,BD*( 1) C 4- H 18,1.37,1.22,0.037
mol_021_E,scan_2,1.9033,BD ( 1) C 4- C 5,BD*( 1) C 5- C 6,2.85,1.33,0.055
mol_021_E,scan_2,1.9033,BD ( 1) C 4- C 5,BD*( 1) C 5- H 19,1.09,1.23,0.033
mol_021_E,scan_2,1.9033,BD ( 1) C 4- C 5,BD*( 1) C 6- C 12,3.77,1.21,0.06
mol_021_E,scan_2,1.9033,BD ( 1) C 4- C 5,RY ( 1) C 3,1.28,2.11,0.046
mol_021_E,scan_2,1.9033,BD ( 1) C 4- C 5,RY ( 2) C 3,0.78,2.43,0.039
mol_021_E,scan_2,1.9033,BD ( 1) C 4- C 5,RY ( 1) C 6,2.08,1.81,0.055
mol_021_E,scan_2,1.9033,BD ( 2) C 4- C 5,BD*( 2) C 3- C 8,37.92,0.39,0.109
mol_021_E,scan_2,1.9033,BD ( 2) C 4- C 5,BD*( 2) C 6- C 7,26.19,0.39,0.091
mol_021_E,scan_2,1.9033,BD ( 2) C 4- C 5,RY ( 5) C 3,0.66,2.01,0.032
mol_021_E,scan_2,1.9033,BD ( 2) C 4- C 5,RY ( 7) C 3,0.61,1.12,0.023
mol_021_E,scan_2,1.9033,BD ( 1) C 4- H 18,BD*( 1) O 2- C 3,2.11,1.03,0.042
mol_021_E,scan_2,1.9033,BD ( 1) C 4- H 18,BD*( 1) C 3- C 8,4.17,1.21,0.063
mol_021_E,scan_2,1.9033,BD ( 1) C 4- H 18,BD*( 1) C 4- C 5,0.91,1.25,0.03
mol_021_E,scan_2,1.9033,BD ( 1) C 4- H 18,BD*( 1) C 5- C 6,3.78,1.2,0.06
mol_021_E,scan_2,1.9033,BD ( 1) C 4- H 18,BD*( 1) C 5- H 19,0.95,1.1,0.029
mol_021_E,scan_2,1.9033,BD ( 1) C 4- H 18,RY ( 1) C 3,0.56,1.98,0.03
mol_021_E,scan_2,1.9033,BD ( 1) C 4- H 18,RY ( 9) C 3,0.5,3.53,0.038
mol_021_E,scan_2,1.9033,BD ( 1) C 4- H 18,RY ( 1) C 5,1.15,1.84,0.041
mol_021_E,scan_2,1.9033,BD ( 1) C 5- C 6,BD*( 1) C 4- C 5,2.55,1.38,0.053
mol_021_E,scan_2,1.9033,BD ( 1) C 5- C 6,BD*( 1) C 4- H 18,2.32,1.22,0.047
mol_021_E,scan_2,1.9033,BD ( 1) C 5- C 6,BD*( 1) C 5- H 19,0.94,1.22,0.03
mol_021_E,scan_2,1.9033,BD ( 1) C 5- C 6,BD*( 1) C 6- C 7,4.61,1.34,0.07
mol_021_E,scan_2,1.9033,BD ( 1) C 5- C 6,BD*( 1) C 6- C 12,2.33,1.21,0.047
mol_021_E,scan_2,1.9033,BD ( 1) C 5- C 6,BD*( 1) C 7- C 9,2.73,1.21,0.051
mol_021_E,scan_2,1.9033,BD ( 1) C 5- C 6,BD*( 1) C 11- C 12,1.73,1.16,0.04
mol_021_E,scan_2,1.9033,BD ( 1) C 5- C 6,RY ( 1) C 4,0.75,2.11,0.036
mol_021_E,scan_2,1.9033,BD ( 1) C 5- C 6,RY ( 2) C 4,2.04,1.95,0.056
mol_021_E,scan_2,1.9033,BD ( 1) C 5- C 6,RY ( 1) C 7,0.83,2.11,0.037
mol_021_E,scan_2,1.9033,BD ( 1) C 5- C 6,RY ( 3) C 7,0.56,2.05,0.03
mol_021_E,scan_2,1.9033,BD ( 1) C 5- C 6,RY ( 1) C 12,1.09,1.56,0.037
mol_021_E,scan_2,1.9033,BD ( 1) C 5- H 19,BD*( 1) C 3- C 4,3.63,1.21,0.059
mol_021_E,scan_2,1.9033,BD ( 1) C 5- H 19,BD*( 1) C 4- C 5,0.74,1.26,0.027
mol_021_E,scan_2,1.9033,BD ( 1) C 5- H 19,BD*( 1) C 4- H 18,0.99,1.1,0.03
mol_021_E,scan_2,1.9033,BD ( 1) C 5- H 19,BD*( 1) C 6- C 7,4.46,1.22,0.066
mol_021_E,scan_2,1.9033,BD ( 1) C 5- H 19,BD*( 1) C 6- C 12,0.76,1.09,0.026
mol_021_E,scan_2,1.9033,BD ( 1) C 5- H 19,RY ( 1) C 4,1.26,1.99,0.045
mol_021_E,scan_2,1.9033,BD ( 1) C 5- H 19,RY ( 1) C 6,0.79,1.69,0.033
mol_021_E,scan_2,1.9033,BD ( 1) C 6- C 7,BD*( 1) C 5- C 6,4.23,1.33,0.067
mol_021_E,scan_2,1.9033,BD ( 1) C 6- C 7,BD*( 1) C 5- H 19,2.04,1.22,0.045
mol_021_E,scan_2,1.9033,BD ( 1) C 6- C 7,BD*( 1) C 6- C 12,2.26,1.21,0.047
mol_021_E,scan_2,1.9033,BD ( 1) C 6- C 7,BD*( 1) C 7- C 8,2.53,1.36,0.052
mol_021_E,scan_2,1.9033,BD ( 1) C 6- C 7,BD*( 1) C 7- C 9,1.78,1.2,0.041
mol_021_E,scan_2,1.9033,BD ( 1) C 6- C 7,BD*( 1) C 8- H 20,2.36,1.22,0.048
mol_021_E,scan_2,1.9033,BD ( 1) C 6- C 7,BD*( 1) C 9- H 21,0.82,1.2,0.028
mol_021_E,scan_2,1.9033,BD ( 1) C 6- C 7,BD*( 1) C 12- N 13,1.29,1.36,0.037
mol_021_E,scan_2,1.9033,BD ( 1) C 6- C 7,BD*( 1) N 13- O 14,0.69,0.64,0.019
mol_021_E,scan_2,1.9033,BD ( 1) C 6- C 7,RY ( 1) C 5,0.98,1.97,0.039
mol_021_E,scan_2,1.9033,BD ( 1) C 6- C 7,RY ( 1) C 8,1.49,1.99,0.049
mol_021_E,scan_2,1.9033,BD ( 1) C 6- C 7,RY ( 1) C 9,1.28,1.63,0.041
mol_021_E,scan_2,1.9033,BD ( 1) C 6- C 7,RY ( 2) C 12,0.5,1.86,0.027
mol_021_E,scan_2,1.9033,BD ( 2) C 6- C 7,BD*( 2) C 3- C 8,23.36,0.39,0.085
mol_021_E,scan_2,1.9033,BD ( 2) C 6- C 7,BD*( 2) C 4- C 5,36.63,0.4,0.109
mol_021_E,scan_2,1.9033,BD ( 2) C 6- C 7,BD*( 2) C 6- C 7,0.55,0.39,0.013
mol_021_E,scan_2,1.9033,BD ( 2) C 6- C 7,BD*( 1) C 9- C 10,0.88,0.79,0.024
mol_021_E,scan_2,1.9033,BD ( 2) C 6- C 7,BD*( 1) C 9- H 22,3.23,0.8,0.046
mol_021_E,scan_2,1.9033,BD ( 2) C 6- C 7,BD*( 1) C 11- C 12,1.05,0.78,0.026
mol_021_E,scan_2,1.9033,BD ( 2) C 6- C 7,BD*( 1) C 12- N 13,0.6,0.98,0.022
mol_021_E,scan_2,1.9033,BD ( 2) C 6- C 7,BD*( 2) C 12- N 13,30.03,0.39,0.097
mol_021_E,scan_2,1.9033,BD ( 2) C 6- C 7,BD*( 1) N 13- O 14,1.97,0.26,0.02
mol_021_E,scan_2,1.9033,BD ( 2) C 6- C 7,RY ( 3) C 5,2.03,1.39,0.047
mol_021_E,scan_2,1.9033,BD ( 2) C 6- C 7,RY ( 3) C 8,1.57,1.01,0.036
mol_021_E,scan_2,1.9033,BD ( 1) C 6- C 12,BD*( 1) C 4- C 5,1.36,1.36,0.038
mol_021_E,scan_2,1.9033,BD ( 1) C 6- C 12,BD*( 1) C 5- C 6,1.76,1.31,0.043
mol_021_E,scan_2,1.9033,BD ( 1) C 6- C 12,BD*( 1) C 6- C 7,1.65,1.33,0.042
mol_021_E,scan_2,1.9033,BD ( 1) C 6- C 12,BD*( 1) C 7- C 8,2.65,1.34,0.053
mol_021_E,scan_2,1.9033,BD ( 1) C 6- C 12,BD*( 1) C 11- C 12,1.34,1.14,0.035
mol_021_E,scan_2,1.9033,BD ( 1) C 6- C 12,BD*( 1) C 12- N 13,1.36,1.34,0.038
mol_021_E,scan_2,1.9033,BD ( 1) C 6- C 12,BD*( 1) N 13- O 14,23.56,0.63,0.108
mol_021_E,scan_2,1.9033,BD ( 1) C 6- C 12,RY ( 1) C 5,1.57,1.95,0.05
mol_021_E,scan_2,1.9033,BD ( 1) C 6- C 12,RY ( 1) C 7,1.52,2.09,0.05
mol_021_E,scan_2,1.9033,BD ( 1) C 6- C 12,RY ( 1) C 11,0.98,1.51,0.034
mol_021_E,scan_2,1.9033,BD ( 1) C 6- C 12,RY ( 1) N 13,2.01,1.63,0.051
mol_021_E,scan_2,1.9033,BD ( 1) C 7- C 8,BD*( 1) O 2- C 3,3.86,1.16,0.06
mol_021_E,scan_2,1.9033,BD ( 1) C 7- C 8,BD*( 1) C 3- C 8,3.26,1.33,0.059
mol_021_E,scan_2,1.9033,BD ( 1) C 7- C 8,BD*( 1) C 6- C 7,3.32,1.34,0.059
mol_021_E,scan_2,1.9033,BD ( 1) C 7- C 8,BD*( 1) C 6- C 12,3.38,1.2,0.057
mol_021_E,scan_2,1.9033,BD ( 1) C 7- C 8,BD*( 1) C 7- C 9,1.71,1.2,0.041
mol_021_E,scan_2,1.9033,BD ( 1) C 7- C 8,BD*( 1) C 8- H 20,1.74,1.22,0.041
mol_021_E,scan_2,1.9033,BD ( 1) C 7- C 8,BD*( 1) C 9- C 10,0.55,1.16,0.023
mol_021_E,scan_2,1.9033,BD ( 1) C 7- C 8,RY ( 2) C 3,1.78,2.42,0.059
mol_021_E,scan_2,1.9033,BD ( 1) C 7- C 8,RY ( 1) C 6,0.76,1.8,0.033
mol_021_E,scan_2,1.9033,BD ( 1) C 7- C 8,RY ( 2) C 6,1.42,1.91,0.046
mol_021_E,scan_2,1.9033,BD ( 1) C 7- C 8,RY ( 3) C 6,0.61,2.1,0.032
mol_021_E,scan_2,1.9033,BD ( 1) C 7- C 8,RY ( 6) C 6,0.65,3.31,0.041
mol_021_E,scan_2,1.9033,BD ( 1) C 7- C 8,RY ( 7) C 7,0.5,3.16,0.036
mol_021_E,scan_2,1.9033,BD ( 1) C 7- C 8,RY ( 1) C 9,1.23,1.63,0.04
mol_021_E,scan_2,1.9033,BD ( 1) C 7- C 8,RY ( 1) H 20,0.69,1.62,0.03
mol_021_E,scan_2,1.9033,BD ( 1) C 7- C 9,BD*( 1) C 3- C 8,2.26,1.27,0.048
mol_021_E,scan_2,1.9033,BD ( 1) C 7- C 9,BD*( 1) C 5- C 6,3.24,1.27,0.057
mol_021_E,scan_2,1.9033,BD ( 1) C 7- C 9,BD*( 1) C 6- C 7,1.5,1.28,0.039
mol_021_E,scan_2,1.9033,BD ( 1) C 7- C 9,BD*( 1) C 7- C 8,1.87,1.3,0.044
mol_021_E,scan_2,1.9033,BD ( 1) C 7- C 9,BD*( 1) C 8- H 20,0.54,1.16,0.022
mol_021_E,scan_2,1.9033,BD ( 1) C 7- C 9,BD*( 1) C 9- C 10,0.76,1.11,0.026
mol_021_E,scan_2,1.9033,BD ( 1) C 7- C 9,BD*( 1) C 9- H 21,0.52,1.14,0.022
mol_021_E,scan_2,1.9033,BD ( 1) C 7- C 9,BD*( 1) C 10- H 23,1.7,1.14,0.039
mol_021_E,scan_2,1.9033,BD ( 1) C 7- C 9,RY ( 1) C 6,0.56,1.74,0.028
mol_021_E,scan_2,1.9033,BD ( 1) C 7- C 9,RY ( 2) C 6,0.93,1.85,0.037
mol_021_E,scan_2,1.9033,BD ( 1) C 7- C 9,RY ( 1) C 8,1.95,1.93,0.055
mol_021_E,scan_2,1.9033,BD ( 1) C 7- C 9,RY ( 1) C 10,1.25,1.62,0.04
mol_021_E,scan_2,1.9033,BD ( 1) C 8- H 20,BD*( 1) O 2- C 3,1.59,1.04,0.036
mol_021_E,scan_2,1.9033,BD ( 1) C 8- H 20,BD*( 1) C 3- C 4,3.94,1.2,0.061
mol_021_E,scan_2,1.9033,BD ( 1) C 8- H 20,BD*( 1) C 3- C 8,0.71,1.21,0.026
mol_021_E,scan_2,1.9033,BD ( 1) C 8- H 20,BD*( 1) C 6- C 7,4.79,1.22,0.068
mol_021_E,scan_2,1.9033,BD ( 1) C 8- H 20,BD*( 1) C 7- C 8,1.21,1.23,0.034
mol_021_E,scan_2,1.9033,BD ( 1) C 8- H 20,BD*( 1) C 7- C 9,0.51,1.08,0.021
mol_021_E,scan_2,1.9033,BD ( 1) C 8- H 20,RY ( 1) C 3,0.96,1.98,0.039
mol_021_E,scan_2,1.9033,BD ( 1) C 8- H 20,RY ( 1) C 7,1.37,1.98,0.047
mol_021_E,scan_2,1.9033,BD ( 1) C 9- C 10,BD*( 2) C 6- C 7,2.7,0.68,0.038
mol_021_E,scan_2,1.9033,BD ( 1) C 9- C 10,BD*( 1) C 7- C 8,2.51,1.27,0.05
mol_021_E,scan_2,1.9033,BD ( 1) C 9- C 10,BD*( 1) C 7- C 9,0.92,1.12,0.029
mol_021_E,scan_2,1.9033,BD ( 1) C 9- C 10,BD*( 1) C 9- H 21,0.51,1.11,0.021
mol_021_E,scan_2,1.9033,BD ( 1) C 9- C 10,BD*( 1) C 11- H 25,2.02,1.09,0.042
mol_021_E,scan_2,1.9033,BD ( 1) C 9- C 10,RY ( 2) C 7,1.47,1.8,0.046
mol_021_E,scan_2,1.9033,BD ( 1) C 9- C 10,RY ( 2) C 11,1.38,1.58,0.042
mol_021_E,scan_2,1.9033,BD ( 1) C 9- H 21,BD*( 1) C 6- C 7,4.31,1.19,0.064
mol_021_E,scan_2,1.9033,BD ( 1) C 9- H 21,BD*( 2) C 6- C 7,1.18,0.61,0.024
mol_021_E,scan_2,1.9033,BD ( 1) C 9- H 21,BD*( 1) C 10- C 11,3.12,1.02,0.05
mol_021_E,scan_2,1.9033,BD ( 1) C 9- H 22,BD*( 2) C 6- C 7,8.25,0.61,0.063
mol_021_E,scan_2,1.9033,BD ( 1) C 9- H 22,BD*( 1) C 7- C 8,0.84,1.2,0.028
mol_021_E,scan_2,1.9033,BD ( 1) C 9- H 22,BD*( 1) C 10- H 24,3.26,1.04,0.052
mol_021_E,scan_2,1.9033,BD ( 1) C 10- C 11,BD*( 1) C 9- H 21,1.87,1.13,0.041
mol_021_E,scan_2,1.9033,BD ( 1) C 10- C 11,BD*( 1) C 11- C 12,0.72,1.09,0.025
mol_021_E,scan_2,1.9033,BD ( 1) C 10- C 11,BD*( 1) C 11- H 25,0.65,1.11,0.024
mol_021_E,scan_2,1.9033,BD ( 1) C 10- C 11,BD*( 1) C 11- H 26,0.55,1.11,0.022
mol_021_E,scan_2,1.9033,BD ( 1) C 10- C 11,BD*( 1) C 12- N 13,4.01,1.29,0.064
mol_021_E,scan_2,1.9033,BD ( 1) C 10- C 11,RY ( 1) C 9,0.89,1.57,0.033
mol_021_E,scan_2,1.9033,BD ( 1) C 10- C 11,RY ( 4) C 12,0.77,2.16,0.036
mol_021_E,scan_2,1.9033,BD ( 1) C 10- H 23,BD*( 1) C 7- C 9,2.97,1.05,0.05
mol_021_E,scan_2,1.9033,BD ( 1) C 10- H 23,BD*( 1) C 11- C 12,4.14,1.01,0.058
mol_021_E,scan_2,1.9033,BD ( 1) C 10- H 23,BD*( 1) C 11- H 26,0.88,1.02,0.027
mol_021_E,scan_2,1.9033,BD ( 1) C 10- H 24,BD*( 1) C 9- H 22,3.22,1.03,0.051
mol_021_E,scan_2,1.9033,BD ( 1) C 10- H 24,BD*( 1) C 11- H 25,0.71,1.03,0.024
mol_021_E,scan_2,1.9033,BD ( 1) C 10- H 24,BD*( 1) C 11- H 26,3.08,1.02,0.05
mol_021_E,scan_2,1.9033,BD ( 1) C 10- H 24,RY ( 1) C 9,0.62,1.48,0.027
mol_021_E,scan_2,1.9033,BD ( 1) C 11- C 12,BD*( 1) C 5- C 6,2.11,1.31,0.047
mol_021_E,scan_2,1.9033,BD ( 1) C 11- C 12,BD*( 1) C 6- C 12,1.29,1.19,0.035
mol_021_E,scan_2,1.9033,BD ( 1) C 11- C 12,BD*( 1) C 10- C 11,0.57,1.15,0.023
mol_021_E,scan_2,1.9033,BD ( 1) C 11- C 12,BD*( 1) C 10- H 23,1.19,1.18,0.033
mol_021_E,scan_2,1.9033,BD ( 1) C 11- C 12,BD*( 1) C 12- N 13,0.85,1.34,0.03
mol_021_E,scan_2,1.9033,BD ( 1) C 11- C 12,BD*( 1) N 13- O 14,8.28,0.62,0.064
mol_021_E,scan_2,1.9033,BD ( 1) C 11- C 12,RY ( 1) C 10,0.9,1.66,0.035
mol_021_E,scan_2,1.9033,BD ( 1) C 11- C 12,RY ( 1) N 13,1.52,1.62,0.044
mol_021_E,scan_2,1.9033,BD ( 1) C 11- H 25,BD*( 1) C 6- C 12,2.08,1.07,0.042
mol_021_E,scan_2,1.9033,BD ( 1) C 11- H 25,BD*( 1) C 9- C 10,2.76,1.03,0.048
mol_021_E,scan_2,1.9033,BD ( 1) C 11- H 25,BD*( 1) C 10- H 24,0.75,1.06,0.025
mol_021_E,scan_2,1.9033,BD ( 1) C 11- H 25,BD*( 2) C 12- N 13,8.18,0.63,0.064
mol_021_E,scan_2,1.9033,BD ( 1) C 11- H 25,BD*( 1) N 13- O 14,0.68,0.51,0.017
mol_021_E,scan_2,1.9033,BD ( 1) C 11- H 26,BD*( 1) C 6- C 12,2.31,1.07,0.044
mol_021_E,scan_2,1.9033,BD ( 1) C 11- H 26,BD*( 1) C 10- H 23,0.84,1.06,0.027
mol_021_E,scan_2,1.9033,BD ( 1) C 11- H 26,BD*( 1) C 10- H 24,2.85,1.05,0.049
mol_021_E,scan_2,1.9033,BD ( 1) C 11- H 26,BD*( 2) C 12- N 13,9.74,0.63,0.07
mol_021_E,scan_2,1.9033,BD ( 1) C 12- N 13,BD*( 1) C 6- C 7,1.27,1.58,0.04
mol_021_E,scan_2,1.9033,BD ( 1) C 12- N 13,BD*( 1) C 6- C 12,1.33,1.45,0.039
mol_021_E,scan_2,1.9033,BD ( 1) C 12- N 13,BD*( 1) C 11- C 12,2.05,1.4,0.048
mol_021_E,scan_2,1.9033,BD ( 1) C 12- N 13,RY ( 1) C 6,1.47,2.04,0.049
mol_021_E,scan_2,1.9033,BD ( 1) C 12- N 13,RY ( 2) C 6,0.68,2.15,0.034
mol_021_E,scan_2,1.9033,BD ( 2) C 12- N 13,BD*( 2) C 6- C 7,5.57,0.55,0.049
mol_021_E,scan_2,1.9033,BD ( 2) C 12- N 13,BD*( 1) C 11- H 25,1.13,0.96,0.029
mol_021_E,scan_2,1.9033,BD ( 2) C 12- N 13,BD*( 1) C 11- H 26,1.04,0.96,0.028
mol_021_E,scan_2,1.9033,BD ( 1) N 13- O 14,BD*( 1) C 6- C 12,5.13,1.09,0.067
mol_021_E,scan_2,1.9033,BD ( 1) N 13- O 14,BD*( 1) C 11- C 12,1.79,1.04,0.039
mol_021_E,scan_2,1.9033,BD ( 1) N 13- O 14,RY ( 2) H 28,0.73,2.39,0.037
mol_021_E,scan_2,1.9033,BD ( 1) O 14- H 27,RY ( 1) C 11,0.89,1.67,0.034
mol_021_E,sp2,1.6033,LP ( 1) O 2,BD*( 1) C 1- H 15,3.23,1.07,0.053
mol_021_E,sp2,1.6033,LP ( 1) O 2,BD*( 1) C 1- H 16,0.84,1.06,0.027
mol_021_E,sp2,1.6033,LP ( 1) O 2,BD*( 1) C 1- H 17,0.75,1.06,0.025
mol_021_E,sp2,1.6033,LP ( 1) O 2,BD*( 1) C 3- C 4,1.26,1.21,0.035
mol_021_E,sp2,1.6033,LP ( 1) O 2,BD*( 1) C 3- C 8,7.7,1.22,0.087
mol_021_E,sp2,1.6033,LP ( 1) O 2,RY ( 1) C 1,2.13,2.15,0.06
mol_021_E,sp2,1.6033,LP ( 1) O 2,RY ( 1) C 3,3.02,2.0,0.069
mol_021_E,sp2,1.6033,LP ( 2) O 2,BD*( 1) C 1- H 16,6.32,0.88,0.066
mol_021_E,sp2,1.6033,LP ( 2) O 2,BD*( 1) C 1- H 17,6.55,0.88,0.068
mol_021_E,sp2,1.6033,LP ( 2) O 2,BD*( 2) C 3- C 8,47.46,0.47,0.134
mol_021_E,sp2,1.6033,LP ( 2) O 2,RY ( 3) C 1,1.6,2.0,0.05
mol_021_E,sp2,1.6033,LP ( 2) O 2,RY ( 3) C 3,2.56,2.02,0.064
mol_021_E,sp2,1.6033,LP ( 1) N 13,BD*( 1) C 11- C 12,6.19,1.03,0.071
mol_021_E,sp2,1.6033,LP ( 1) N 13,RY ( 1) C 12,6.82,1.54,0.091
mol_021_E,sp2,1.6033,LP ( 1) O 14,BD*( 1) C 6- C 12,0.71,1.19,0.026
mol_021_E,sp2,1.6033,LP ( 1) O 14,BD*( 1) C 10- C 11,0.78,1.13,0.026
mol_021_E,sp2,1.6033,LP ( 1) O 14,BD*( 2) C 12- N 13,0.77,0.72,0.021
mol_021_E,sp2,1.6033,LP ( 1) O 14,RY ( 1) H 27,1.28,2.61,0.052
mol_021_E,sp2,1.6033,LP ( 1) O 14,RY ( 1) H 28,1.28,2.67,0.052
mol_021_E,sp2,1.6033,BD ( 1) C 1- O 2,BD*( 1) C 3- C 4,2.82,1.46,0.057
mol_021_E,sp2,1.6033,BD ( 1) C 1- O 2,RY ( 2) C 3,2.39,2.55,0.07
mol_021_E,sp2,1.6033,BD ( 1) C 1- H 15,BD*( 1) O 2- C 3,3.44,1.04,0.053
mol_021_E,sp2,1.6033,BD ( 1) C 1- H 16,RY ( 2) O 2,0.65,1.22,0.025
mol_021_E,sp2,1.6033,BD ( 1) C 1- H 17,RY ( 2) O 2,0.77,1.22,0.027
mol_021_E,sp2,1.6033,BD ( 1) O 2- C 3,BD*( 1) C 4- C 5,1.01,1.6,0.036
mol_021_E,sp2,1.6033,BD ( 1) O 2- C 3,BD*( 1) C 7- C 8,0.95,1.58,0.034
mol_021_E,sp2,1.6033,BD ( 1) O 2- C 3,RY ( 2) C 1,1.24,1.96,0.044
mol_021_E,sp2,1.6033,BD ( 1) O 2- C 3,RY ( 1) C 4,0.79,2.33,0.038
mol_021_E,sp2,1.6033,BD ( 1) C 3- C 4,BD*( 1) C 1- O 2,3.27,1.07,0.053
mol_021_E,sp2,1.6033,BD ( 1) C 3- C 4,BD*( 1) C 3- C 8,2.85,1.34,0.055
mol_021_E,sp2,1.6033,BD ( 1) C 3- C 4,BD*( 1) C 4- C 5,2.22,1.38,0.049
mol_021_E,sp2,1.6033,BD ( 1) C 3- C 4,BD*( 1) C 4- H 18,0.93,1.22,0.03
mol_021_E,sp2,1.6033,BD ( 1) C 3- C 4,BD*( 1) C 5- H 19,2.4,1.23,0.048
mol_021_E,sp2,1.6033,BD ( 1) C 3- C 4,BD*( 1) C 8- H 20,2.49,1.23,0.049
mol_021_E,sp2,1.6033,BD ( 1) C 3- C 4,RY ( 1) O 2,1.18,1.44,0.037
mol_021_E,sp2,1.6033,BD ( 1) C 3- C 4,RY ( 1) C 5,0.68,2.01,0.033
mol_021_E,sp2,1.6033,BD ( 1) C 3- C 4,RY ( 2) C 5,1.71,1.98,0.052
mol_021_E,sp2,1.6033,BD ( 1) C 3- C 4,RY ( 1) C 8,0.63,2.01,0.032
mol_021_E,sp2,1.6033,BD ( 1) C 3- C 4,RY ( 2) C 8,0.91,2.04,0.039
mol_021_E,sp2,1.6033,BD ( 1) C 3- C 8,BD*( 1) C 3- C 4,3.02,1.34,0.057
mol_021_E,sp2,1.6033,BD ( 1) C 3- C 8,BD*( 1) C 4- H 18,1.98,1.23,0.044
mol_021_E,sp2,1.6033,BD ( 1) C 3- C 8,BD*( 1) C 7- C 8,3.29,1.37,0.06
mol_021_E,sp2,1.6033,BD ( 1) C 3- C 8,BD*( 1) C 7- C 9,2.99,1.22,0.054
mol_021_E,sp2,1.6033,BD ( 1) C 3- C 8,BD*( 1) C 8- H 20,1.26,1.24,0.035
mol_021_E,sp2,1.6033,BD ( 1) C 3- C 8,RY ( 2) C 1,0.51,1.75,0.027
mol_021_E,sp2,1.6033,BD ( 1) C 3- C 8,RY ( 1) O 2,0.98,1.45,0.034
mol_021_E,sp2,1.6033,BD ( 1) C 3- C 8,RY ( 1) C 4,1.26,2.13,0.046
mol_021_E,sp2,1.6033,BD ( 1) C 3- C 8,RY ( 1) C 7,1.26,2.13,0.046
mol_021_E,sp2,1.6033,BD ( 1) C 3- C 8,RY ( 2) C 7,0.56,2.09,0.03
mol_021_E,sp2,1.6033,BD ( 1) C 3- C 8,RY ( 3) C 7,0.76,1.98,0.035
mol_021_E,sp2,1.6033,BD ( 2) C 3- C 8,BD*( 2) C 3- C 8,1.23,0.39,0.02
mol_021_E,sp2,1.6033,BD ( 2) C 3- C 8,BD*( 2) C 4- C 5,24.5,0.41,0.089
mol_021_E,sp2,1.6033,BD ( 2) C 3- C 8,BD*( 2) C 6- C 7,47.6,0.4,0.123
mol_021_E,sp2,1.6033,BD ( 2) C 3- C 8,RY ( 2) O 2,1.54,0.96,0.034
mol_021_E,sp2,1.6033,BD ( 2) C 3- C 8,RY ( 3) C 4,1.87,0.92,0.037
mol_021_E,sp2,1.6033,BD ( 2) C 3- C 8,RY ( 3) C 8,0.51,0.95,0.02
mol_021_E,sp2,1.6033,BD ( 1) C 4- C 5,BD*( 1) O 2- C 3,3.28,1.16,0.055
mol_021_E,sp2,1.6033,BD ( 1) C 4- C 5,BD*( 1) C 3- C 4,2.26,1.33,0.049
mol_021_E,sp2,1.6033,BD ( 1) C 4- C 5,BD*( 1) C 4- H 18,1.38,1.22,0.037
mol_021_E,sp2,1.6033,BD ( 1) C 4- C 5,BD*( 1) C 5- C 6,2.82,1.33,0.055
mol_021_E,sp2,1.6033,BD ( 1) C 4- C 5,BD*( 1) C 5- H 19,1.07,1.23,0.032
mol_021_E,sp2,1.6033,BD ( 1) C 4- C 5,BD*( 1) C 6- C 12,3.36,1.24,0.057
mol_021_E,sp2,1.6033,BD ( 1) C 4- C 5,RY ( 1) C 3,1.29,2.12,0.047
mol_021_E,sp2,1.6033,BD ( 1) C 4- C 5,RY ( 2) C 3,0.76,2.42,0.038
mol_021_E,sp2,1.6033,BD ( 1) C 4- C 5,RY ( 1) C 6,2.04,1.87,0.055
mol_021_E,sp2,1.6033,BD ( 2) C 4- C 5,BD*( 2) C 3- C 8,37.44,0.4,0.109
mol_021_E,sp2,1.6033,BD ( 2) C 4- C 5,BD*( 2) C 6- C 7,25.41,0.4,0.09
mol_021_E,sp2,1.6033,BD ( 2) C 4- C 5,RY ( 5) C 3,0.68,2.02,0.033
mol_021_E,sp2,1.6033,BD ( 1) C 4- H 18,BD*( 1) O 2- C 3,2.1,1.03,0.041
mol_021_E,sp2,1.6033,BD ( 1) C 4- H 18,BD*( 1) C 3- C 8,4.12,1.21,0.063
mol_021_E,sp2,1.6033,BD ( 1) C 4- H 18,BD*( 1) C 4- C 5,0.92,1.25,0.03
mol_021_E,sp2,1.6033,BD ( 1) C 4- H 18,BD*( 1) C 5- C 6,3.81,1.2,0.06
mol_021_E,sp2,1.6033,BD ( 1) C 4- H 18,BD*( 1) C 5- H 19,0.95,1.1,0.029
mol_021_E,sp2,1.6033,BD ( 1) C 4- H 18,RY ( 1) C 3,0.58,1.99,0.03
mol_021_E,sp2,1.6033,BD ( 1) C 4- H 18,RY ( 9) C 3,0.53,3.72,0.04
mol_021_E,sp2,1.6033,BD ( 1) C 4- H 18,RY ( 1) C 5,1.19,1.88,0.042
mol_021_E,sp2,1.6033,BD ( 1) C 5- C 6,BD*( 1) C 4- C 5,2.55,1.37,0.053
mol_021_E,sp2,1.6033,BD ( 1) C 5- C 6,BD*( 1) C 4- H 18,2.36,1.21,0.048
mol_021_E,sp2,1.6033,BD ( 1) C 5- C 6,BD*( 1) C 5- H 19,0.92,1.21,0.03
mol_021_E,sp2,1.6033,BD ( 1) C 5- C 6,BD*( 1) C 6- C 7,4.41,1.34,0.069
mol_021_E,sp2,1.6033,BD ( 1) C 5- C 6,BD*( 1) C 6- C 12,2.4,1.22,0.048
mol_021_E,sp2,1.6033,BD ( 1) C 5- C 6,BD*( 1) C 7- C 9,2.94,1.2,0.053
mol_021_E,sp2,1.6033,BD ( 1) C 5- C 6,BD*( 1) C 11- C 12,1.95,1.16,0.043
mol_021_E,sp2,1.6033,BD ( 1) C 5- C 6,RY ( 1) C 4,0.71,2.11,0.034
mol_021_E,sp2,1.6033,BD ( 1) C 5- C 6,RY ( 2) C 4,2.01,1.93,0.056
mol_021_E,sp2,1.6033,BD ( 1) C 5- C 6,RY ( 1) C 7,0.85,2.11,0.038
mol_021_E,sp2,1.6033,BD ( 1) C 5- C 6,RY ( 1) C 12,1.37,1.68,0.043
mol_021_E,sp2,1.6033,BD ( 1) C 5- H 19,BD*( 1) C 3- C 4,3.73,1.2,0.06
mol_021_E,sp2,1.6033,BD ( 1) C 5- H 19,BD*( 1) C 4- C 5,0.69,1.26,0.026
mol_021_E,sp2,1.6033,BD ( 1) C 5- H 19,BD*( 1) C 4- H 18,1.02,1.1,0.03
mol_021_E,sp2,1.6033,BD ( 1) C 5- H 19,BD*( 1) C 6- C 7,4.32,1.22,0.065
mol_021_E,sp2,1.6033,BD ( 1) C 5- H 19,BD*( 1) C 6- C 12,0.73,1.11,0.025
mol_021_E,sp2,1.6033,BD ( 1) C 5- H 19,RY ( 1) C 4,1.24,1.99,0.044
mol_021_E,sp2,1.6033,BD ( 1) C 5- H 19,RY ( 1) C 6,0.76,1.74,0.032
mol_021_E,sp2,1.6033,BD ( 1) C 6- C 7,BD*( 1) C 5- C 6,4.2,1.32,0.067
mol_021_E,sp2,1.6033,BD ( 1) C 6- C 7,BD*( 1) C 5- H 19,2.11,1.22,0.045
mol_021_E,sp2,1.6033,BD ( 1) C 6- C 7,BD*( 1) C 6- C 12,2.55,1.23,0.05
mol_021_E,sp2,1.6033,BD ( 1) C 6- C 7,BD*( 1) C 7- C 8,2.56,1.35,0.053
mol_021_E,sp2,1.6033,BD ( 1) C 6- C 7,BD*( 1) C 7- C 9,1.72,1.2,0.041
mol_021_E,sp2,1.6033,BD ( 1) C 6- C 7,BD*( 1) C 8- H 20,2.32,1.22,0.047
mol_021_E,sp2,1.6033,BD ( 1) C 6- C 7,BD*( 1) C 9- H 21,0.79,1.19,0.027
mol_021_E,sp2,1.6033,BD ( 1) C 6- C 7,BD*( 1) C 12- N 13,1.44,1.34,0.039
mol_021_E,sp2,1.6033,BD ( 1) C 6- C 7,RY ( 1) C 5,0.92,2.0,0.038
mol_021_E,sp2,1.6033,BD ( 1) C 6- C 7,RY ( 1) C 8,1.51,2.0,0.049
mol_021_E,sp2,1.6033,BD ( 1) C 6- C 7,RY ( 1) C 9,1.26,1.61,0.04
mol_021_E,sp2,1.6033,BD ( 1) C 6- C 7,RY ( 2) C 12,0.61,1.96,0.031
mol_021_E,sp2,1.6033,BD ( 2) C 6- C 7,BD*( 2) C 3- C 8,23.54,0.39,0.085
mol_021_E,sp2,1.6033,BD ( 2) C 6- C 7,BD*( 2) C 4- C 5,36.72,0.4,0.108
mol_021_E,sp2,1.6033,BD ( 2) C 6- C 7,BD*( 2) C 6- C 7,0.7,0.39,0.015
mol_021_E,sp2,1.6033,BD ( 2) C 6- C 7,BD*( 1) C 9- C 10,0.69,0.79,0.021
mol_021_E,sp2,1.6033,BD ( 2) C 6- C 7,BD*( 1) C 9- H 21,0.74,0.82,0.022
mol_021_E,sp2,1.6033,BD ( 2) C 6- C 7,BD*( 1) C 9- H 22,3.42,0.8,0.047
mol_021_E,sp2,1.6033,BD ( 2) C 6- C 7,BD*( 2) C 12- N 13,35.03,0.38,0.103
mol_021_E,sp2,1.6033,BD ( 2) C 6- C 7,RY ( 3) C 5,1.95,1.39,0.047
mol_021_E,sp2,1.6033,BD ( 2) C 6- C 7,RY ( 3) C 8,1.79,0.95,0.037
mol_021_E,sp2,1.6033,BD ( 2) C 6- C 7,RY ( 3) C 12,0.91,1.73,0.035
mol_021_E,sp2,1.6033,BD ( 1) C 6- C 12,BD*( 1) C 4- C 5,1.4,1.37,0.039
mol_021_E,sp2,1.6033,BD ( 1) C 6- C 12,BD*( 1) C 5- C 6,2.13,1.32,0.047
mol_021_E,sp2,1.6033,BD ( 1) C 6- C 12,BD*( 1) C 6- C 7,2.12,1.33,0.047
mol_021_E,sp2,1.6033,BD ( 1) C 6- C 12,BD*( 1) C 7- C 8,2.52,1.34,0.052
mol_021_E,sp2,1.6033,BD ( 1) C 6- C 12,BD*( 1) C 11- C 12,1.09,1.16,0.032
mol_021_E,sp2,1.6033,BD ( 1) C 6- C 12,BD*( 1) C 11- H 25,0.62,1.17,0.024
mol_021_E,sp2,1.6033,BD ( 1) C 6- C 12,BD*( 1) C 12- N 13,1.45,1.33,0.039
mol_021_E,sp2,1.6033,BD ( 1) C 6- C 12,BD*( 1) N 13- O 14,12.41,0.76,0.086
mol_021_E,sp2,1.6033,BD ( 1) C 6- C 12,RY ( 1) C 5,1.55,1.99,0.05
mol_021_E,sp2,1.6033,BD ( 1) C 6- C 12,RY ( 1) C 7,1.48,2.11,0.05
mol_021_E,sp2,1.6033,BD ( 1) C 6- C 12,RY ( 1) C 11,0.95,1.5,0.034
mol_021_E,sp2,1.6033,BD ( 1) C 6- C 12,RY ( 1) N 13,1.3,1.76,0.043
mol_021_E,sp2,1.6033,BD ( 1) C 7- C 8,BD*( 1) O 2- C 3,4.04,1.15,0.061
mol_021_E,sp2,1.6033,BD ( 1) C 7- C 8,BD*( 1) C 3- C 8,3.34,1.33,0.06
mol_021_E,sp2,1.6033,BD ( 1) C 7- C 8,BD*( 1) C 6- C 7,3.21,1.34,0.059
mol_021_E,sp2,1.6033,BD ( 1) C 7- C 8,BD*( 1) C 6- C 12,3.32,1.23,0.057
mol_021_E,sp2,1.6033,BD ( 1) C 7- C 8,BD*( 1) C 7- C 9,1.62,1.2,0.039
mol_021_E,sp2,1.6033,BD ( 1) C 7- C 8,BD*( 1) C 8- H 20,1.72,1.22,0.041
mol_021_E,sp2,1.6033,BD ( 1) C 7- C 8,BD*( 1) C 9- C 10,0.68,1.17,0.025
mol_021_E,sp2,1.6033,BD ( 1) C 7- C 8,RY ( 2) C 3,1.87,2.41,0.06
mol_021_E,sp2,1.6033,BD ( 1) C 7- C 8,RY ( 1) C 6,0.52,1.86,0.028
mol_021_E,sp2,1.6033,BD ( 1) C 7- C 8,RY ( 2) C 6,1.61,2.01,0.051
mol_021_E,sp2,1.6033,BD ( 1) C 7- C 8,RY ( 5) C 6,0.67,2.91,0.04
mol_021_E,sp2,1.6033,BD ( 1) C 7- C 8,RY ( 7) C 7,0.72,5.13,0.054
mol_021_E,sp2,1.6033,BD ( 1) C 7- C 8,RY (16) C 7,0.57,7.2,0.057
mol_021_E,sp2,1.6033,BD ( 1) C 7- C 8,RY ( 1) C 9,1.18,1.61,0.039
mol_021_E,sp2,1.6033,BD ( 1) C 7- C 8,RY ( 1) H 20,0.69,1.61,0.03
mol_021_E,sp2,1.6033,BD ( 1) C 7- C 9,BD*( 1) C 3- C 8,2.33,1.28,0.049
mol_021_E,sp2,1.6033,BD ( 1) C 7- C 9,BD*( 1) C 5- C 6,3.14,1.27,0.056
mol_021_E,sp2,1.6033,BD ( 1) C 7- C 9,BD*( 1) C 6- C 7,1.48,1.28,0.039
mol_021_E,sp2,1.6033,BD ( 1) C 7- C 9,BD*( 1) C 7- C 8,1.76,1.29,0.043
mol_021_E,sp2,1.6033,BD ( 1) C 7- C 9,BD*( 1) C 8- H 20,0.55,1.16,0.023
mol_021_E,sp2,1.6033,BD ( 1) C 7- C 9,BD*( 1) C 9- C 10,0.83,1.11,0.027
mol_021_E,sp2,1.6033,BD ( 1) C 7- C 9,BD*( 1) C 9- H 21,0.52,1.13,0.022
mol_021_E,sp2,1.6033,BD ( 1) C 7- C 9,BD*( 1) C 10- H 23,1.74,1.13,0.04
mol_021_E,sp2,1.6033,BD ( 1) C 7- C 9,RY ( 2) C 6,1.08,1.96,0.041
mol_021_E,sp2,1.6033,BD ( 1) C 7- C 9,RY ( 1) C 8,2.07,1.94,0.057
mol_021_E,sp2,1.6033,BD ( 1) C 7- C 9,RY ( 1) C 10,1.28,1.62,0.041
mol_021_E,sp2,1.6033,BD ( 1) C 8- H 20,BD*( 1) O 2- C 3,1.59,1.03,0.036
mol_021_E,sp2,1.6033,BD ( 1) C 8- H 20,BD*( 1) C 3- C 4,3.97,1.2,0.062
mol_021_E,sp2,1.6033,BD ( 1) C 8- H 20,BD*( 1) C 3- C 8,0.73,1.21,0.027
mol_021_E,sp2,1.6033,BD ( 1) C 8- H 20,BD*( 1) C 6- C 7,4.77,1.22,0.068
mol_021_E,sp2,1.6033,BD ( 1) C 8- H 20,BD*( 1) C 7- C 8,1.2,1.23,0.034
mol_021_E,sp2,1.6033,BD ( 1) C 8- H 20,BD*( 1) C 7- C 9,0.51,1.08,0.021
mol_021_E,sp2,1.6033,BD ( 1) C 8- H 20,RY ( 1) C 3,0.99,1.99,0.04
mol_021_E,sp2,1.6033,BD ( 1) C 8- H 20,RY ( 1) C 7,1.39,1.99,0.047
mol_021_E,sp2,1.6033,BD ( 1) C 9- C 10,BD*( 2) C 6- C 7,1.95,0.68,0.033
mol_021_E,sp2,1.6033,BD ( 1) C 9- C 10,BD*( 1) C 7- C 8,2.59,1.27,0.051
mol_021_E,sp2,1.6033,BD ( 1) C 9- C 10,BD*( 1) C 7- C 9,0.97,1.12,0.029
mol_021_E,sp2,1.6033,BD ( 1) C 9- C 10,BD*( 1) C 9- H 21,0.52,1.11,0.021
mol_021_E,sp2,1.6033,BD ( 1) C 9- C 10,BD*( 1) C 10- C 11,0.5,1.08,0.021
mol_021_E,sp2,1.6033,BD ( 1) C 9- C 10,BD*( 1) C 11- H 25,2.02,1.1,0.042
mol_021_E,sp2,1.6033,BD ( 1) C 9- C 10,RY ( 2) C 7,1.43,1.99,0.048
mol_021_E,sp2,1.6033,BD ( 1) C 9- C 10,RY ( 2) C 11,1.01,1.6,0.036
mol_021_E,sp2,1.6033,BD ( 1) C 9- H 21,BD*( 1) C 6- C 7,4.07,1.2,0.062
mol_021_E,sp2,1.6033,BD ( 1) C 9- H 21,BD*( 2) C 6- C 7,1.69,0.62,0.029
mol_021_E,sp2,1.6033,BD ( 1) C 9- H 21,BD*( 1) C 10- C 11,3.15,1.02,0.051
mol_021_E,sp2,1.6033,BD ( 1) C 9- H 22,BD*( 2) C 6- C 7,8.59,0.62,0.065
mol_021_E,sp2,1.6033,BD ( 1) C 9- H 22,BD*( 1) C 7- C 8,0.57,1.2,0.023
mol_021_E,sp2,1.6033,BD ( 1) C 9- H 22,BD*( 1) C 10- H 24,3.37,1.03,0.053
mol_021_E,sp2,1.6033,BD ( 1) C 10- C 11,BD*( 1) C 9- C 10,0.52,1.1,0.021
mol_021_E,sp2,1.6033,BD ( 1) C 10- C 11,BD*( 1) C 9- H 21,1.98,1.12,0.042
mol_021_E,sp2,1.6033,BD ( 1) C 10- C 11,BD*( 1) C 11- C 12,0.86,1.1,0.027
mol_021_E,sp2,1.6033,BD ( 1) C 10- C 11,BD*( 1) C 11- H 25,0.64,1.11,0.024
mol_021_E,sp2,1.6033,BD ( 1) C 10- C 11,BD*( 1) C 11- H 26,0.58,1.1,0.023
mol_021_E,sp2,1.6033,BD ( 1) C 10- C 11,BD*( 1) C 12- N 13,3.68,1.27,0.061
mol_021_E,sp2,1.6033,BD ( 1) C 10- C 11,RY ( 1) C 9,0.89,1.54,0.033
mol_021_E,sp2,1.6033,BD ( 1) C 10- C 11,RY ( 2) C 12,0.55,1.89,0.029
mol_021_E,sp2,1.6033,BD ( 1) C 10- H 23,BD*( 1) C 7- C 9,3.03,1.06,0.051
mol_021_E,sp2,1.6033,BD ( 1) C 10- H 23,BD*( 1) C 11- C 12,3.98,1.02,0.057
mol_021_E,sp2,1.6033,BD ( 1) C 10- H 23,BD*( 1) C 11- H 26,0.75,1.02,0.025
mol_021_E,sp2,1.6033,BD ( 1) C 10- H 24,BD*( 1) C 9- H 22,3.34,1.03,0.052
mol_021_E,sp2,1.6033,BD ( 1) C 10- H 24,BD*( 1) C 11- H 25,0.61,1.03,0.022
mol_021_E,sp2,1.6033,BD ( 1) C 10- H 24,BD*( 1) C 11- H 26,3.25,1.02,0.051
mol_021_E,sp2,1.6033,BD ( 1) C 10- H 24,RY ( 1) C 9,0.61,1.46,0.027
mol_021_E,sp2,1.6033,BD ( 1) C 11- C 12,BD*( 1) C 5- C 6,2.4,1.31,0.05
mol_021_E,sp2,1.6033,BD ( 1) C 11- C 12,BD*( 1) C 6- C 12,1.34,1.21,0.036
mol_021_E,sp2,1.6033,BD ( 1) C 11- C 12,BD*( 1) C 10- C 11,0.72,1.15,0.026
mol_021_E,sp2,1.6033,BD ( 1) C 11- C 12,BD*( 1) C 10- H 23,1.26,1.18,0.034
mol_021_E,sp2,1.6033,BD ( 1) C 11- C 12,BD*( 1) C 12- N 13,0.71,1.32,0.027
mol_021_E,sp2,1.6033,BD ( 1) C 11- C 12,BD*( 1) N 13- O 14,4.03,0.75,0.049
mol_021_E,sp2,1.6033,BD ( 1) C 11- C 12,RY ( 1) C 6,0.53,1.84,0.028
mol_021_E,sp2,1.6033,BD ( 1) C 11- C 12,RY ( 2) C 6,0.57,2.0,0.03
mol_021_E,sp2,1.6033,BD ( 1) C 11- C 12,RY ( 1) C 10,0.99,1.66,0.036
mol_021_E,sp2,1.6033,BD ( 1) C 11- C 12,RY ( 1) N 13,1.51,1.76,0.046
mol_021_E,sp2,1.6033,BD ( 1) C 11- H 25,BD*( 1) C 6- C 12,2.71,1.1,0.049
mol_021_E,sp2,1.6033,BD ( 1) C 11- H 25,BD*( 1) C 9- C 10,2.9,1.04,0.049
mol_021_E,sp2,1.6033,BD ( 1) C 11- H 25,BD*( 1) C 10- H 24,0.65,1.05,0.023
mol_021_E,sp2,1.6033,BD ( 1) C 11- H 25,BD*( 2) C 12- N 13,6.59,0.62,0.057
mol_021_E,sp2,1.6033,BD ( 1) C 11- H 26,BD*( 1) C 6- C 12,1.63,1.09,0.038
mol_021_E,sp2,1.6033,BD ( 1) C 11- H 26,BD*( 1) C 10- H 23,0.72,1.05,0.025
mol_021_E,sp2,1.6033,BD ( 1) C 11- H 26,BD*( 1) C 10- H 24,3.06,1.04,0.05
mol_021_E,sp2,1.6033,BD ( 1) C 11- H 26,BD*( 2) C 12- N 13,11.45,0.62,0.075
mol_021_E,sp2,1.6033,BD ( 1) C 12- N 13,BD*( 1) C 6- C 7,1.27,1.57,0.04
mol_021_E,sp2,1.6033,BD ( 1) C 12- N 13,BD*( 1) C 6- C 12,1.31,1.46,0.039
mol_021_E,sp2,1.6033,BD ( 1) C 12- N 13,BD*( 1) C 11- C 12,1.56,1.4,0.042
mol_021_E,sp2,1.6033,BD ( 1) C 12- N 13,RY ( 1) C 6,1.46,2.09,0.049
mol_021_E,sp2,1.6033,BD ( 1) C 12- N 13,RY ( 2) C 6,0.6,2.24,0.033
mol_021_E,sp2,1.6033,BD ( 1) C 12- N 13,RY ( 1) O 14,0.61,2.3,0.034
mol_021_E,sp2,1.6033,BD ( 2) C 12- N 13,BD*( 2) C 6- C 7,6.74,0.54,0.054
mol_021_E,sp2,1.6033,BD ( 2) C 12- N 13,BD*( 1) C 11- H 25,0.98,0.95,0.027
mol_021_E,sp2,1.6033,BD ( 2) C 12- N 13,BD*( 1) C 11- H 26,1.47,0.94,0.033
mol_021_E,sp2,1.6033,BD ( 2) C 12- N 13,BD*( 1) O 14- H 28,0.93,0.92,0.026
mol_021_E,sp2,1.6033,BD ( 2) C 12- N 13,RY ( 3) C 6,0.5,1.57,0.025
mol_021_E,sp2,1.6033,BD ( 1) N 13- O 14,BD*( 1) C 6- C 12,4.8,1.29,0.07
mol_021_E,sp2,1.6033,BD ( 1) N 13- O 14,BD*( 1) C 11- C 12,1.11,1.23,0.033
mol_021_E,sp2,1.6033,BD ( 1) N 13- O 14,RY ( 2) C 12,1.24,2.02,0.045
mol_021_E,sp2,1.6033,BD ( 1) O 14- H 27,BD*( 1) C 12- N 13,0.7,1.52,0.029
mol_021_E,sp2,1.6033,BD ( 1) O 14- H 27,RY ( 1) C 11,0.5,1.69,0.026
mol_021_E,sp2,1.6033,BD ( 1) O 14- H 27,RY ( 2) C 12,0.51,2.14,0.029
mol_021_E,sp2,1.6033,BD ( 1) O 14- H 28,BD*( 2) C 12- N 13,0.85,0.94,0.025
mol_021_E,sp3,1.7033,LP ( 1) O 2,BD*( 1) C 1- H 15,3.23,1.07,0.053
mol_021_E,sp3,1.7033,LP ( 1) O 2,BD*( 1) C 1- H 16,0.84,1.06,0.027
mol_021_E,sp3,1.7033,LP ( 1) O 2,BD*( 1) C 1- H 17,0.75,1.06,0.025
mol_021_E,sp3,1.7033,LP ( 1) O 2,BD*( 1) C 3- C 4,1.27,1.21,0.035
mol_021_E,sp3,1.7033,LP ( 1) O 2,BD*( 1) C 3- C 8,7.72,1.22,0.087
mol_021_E,sp3,1.7033,LP ( 1) O 2,RY ( 1) C 1,2.12,2.16,0.06
mol_021_E,sp3,1.7033,LP ( 1) O 2,RY ( 1) C 3,3.03,2.0,0.069
mol_021_E,sp3,1.7033,LP ( 2) O 2,BD*( 1) C 1- H 16,6.33,0.88,0.067
mol_021_E,sp3,1.7033,LP ( 2) O 2,BD*( 1) C 1- H 17,6.5,0.88,0.067
mol_021_E,sp3,1.7033,LP ( 2) O 2,BD*( 2) C 3- C 8,47.75,0.47,0.134
mol_021_E,sp3,1.7033,LP ( 2) O 2,RY ( 3) C 1,1.6,2.0,0.05
mol_021_E,sp3,1.7033,LP ( 2) O 2,RY ( 3) C 3,2.58,2.02,0.064
mol_021_E,sp3,1.7033,LP ( 1) N 13,BD*( 1) C 11- C 12,5.4,1.04,0.067
mol_021_E,sp3,1.7033,LP ( 1) N 13,RY ( 1) C 12,7.43,1.5,0.094
mol_021_E,sp3,1.7033,LP ( 1) O 14,BD*( 1) C 6- C 12,0.61,1.19,0.024
mol_021_E,sp3,1.7033,LP ( 1) O 14,BD*( 1) C 10- C 11,0.72,1.13,0.025
mol_021_E,sp3,1.7033,LP ( 1) O 14,RY ( 1) H 27,1.3,2.6,0.052
mol_021_E,sp3,1.7033,LP ( 1) O 14,RY ( 1) H 28,1.31,2.68,0.053
mol_021_E,sp3,1.7033,BD ( 1) C 1- O 2,BD*( 1) C 3- C 4,2.83,1.46,0.057
mol_021_E,sp3,1.7033,BD ( 1) C 1- O 2,RY ( 2) C 3,2.39,2.55,0.07
mol_021_E,sp3,1.7033,BD ( 1) C 1- H 15,BD*( 1) O 2- C 3,3.44,1.04,0.053
mol_021_E,sp3,1.7033,BD ( 1) C 1- H 16,RY ( 2) O 2,0.52,1.22,0.023
mol_021_E,sp3,1.7033,BD ( 1) C 1- H 17,RY ( 2) O 2,0.8,1.22,0.028
mol_021_E,sp3,1.7033,BD ( 1) O 2- C 3,BD*( 1) C 4- C 5,1.01,1.6,0.036
mol_021_E,sp3,1.7033,BD ( 1) O 2- C 3,BD*( 1) C 7- C 8,0.94,1.58,0.034
mol_021_E,sp3,1.7033,BD ( 1) O 2- C 3,RY ( 2) C 1,1.24,1.96,0.044
mol_021_E,sp3,1.7033,BD ( 1) O 2- C 3,RY ( 1) C 4,0.79,2.33,0.038
mol_021_E,sp3,1.7033,BD ( 1) C 3- C 4,BD*( 1) C 1- O 2,3.28,1.07,0.053
mol_021_E,sp3,1.7033,BD ( 1) C 3- C 4,BD*( 1) C 3- C 8,2.83,1.34,0.055
mol_021_E,sp3,1.7033,BD ( 1) C 3- C 4,BD*( 1) C 4- C 5,2.21,1.38,0.049
mol_021_E,sp3,1.7033,BD ( 1) C 3- C 4,BD*( 1) C 4- H 18,0.93,1.22,0.03
mol_021_E,sp3,1.7033,BD ( 1) C 3- C 4,BD*( 1) C 5- H 19,2.39,1.23,0.048
mol_021_E,sp3,1.7033,BD ( 1) C 3- C 4,BD*( 1) C 8- H 20,2.48,1.23,0.049
mol_021_E,sp3,1.7033,BD ( 1) C 3- C 4,RY ( 1) O 2,1.12,1.43,0.036
mol_021_E,sp3,1.7033,BD ( 1) C 3- C 4,RY ( 1) C 5,0.67,2.0,0.033
mol_021_E,sp3,1.7033,BD ( 1) C 3- C 4,RY ( 2) C 5,1.72,1.97,0.052
mol_021_E,sp3,1.7033,BD ( 1) C 3- C 4,RY ( 1) C 8,0.64,2.0,0.032
mol_021_E,sp3,1.7033,BD ( 1) C 3- C 4,RY ( 2) C 8,0.91,2.03,0.038
mol_021_E,sp3,1.7033,BD ( 1) C 3- C 8,BD*( 1) C 3- C 4,3.0,1.34,0.057
mol_021_E,sp3,1.7033,BD ( 1) C 3- C 8,BD*( 1) C 4- H 18,1.98,1.23,0.044
mol_021_E,sp3,1.7033,BD ( 1) C 3- C 8,BD*( 1) C 7- C 8,3.28,1.37,0.06
mol_021_E,sp3,1.7033,BD ( 1) C 3- C 8,BD*( 1) C 7- C 9,3.02,1.22,0.054
mol_021_E,sp3,1.7033,BD ( 1) C 3- C 8,BD*( 1) C 8- H 20,1.25,1.24,0.035
mol_021_E,sp3,1.7033,BD ( 1) C 3- C 8,RY ( 2) C 1,0.51,1.75,0.027
mol_021_E,sp3,1.7033,BD ( 1) C 3- C 8,RY ( 1) O 2,0.92,1.44,0.032
mol_021_E,sp3,1.7033,BD ( 1) C 3- C 8,RY ( 1) C 4,1.26,2.13,0.046
mol_021_E,sp3,1.7033,BD ( 1) C 3- C 8,RY ( 1) C 7,1.26,2.12,0.046
mol_021_E,sp3,1.7033,BD ( 1) C 3- C 8,RY ( 2) C 7,0.51,2.02,0.029
mol_021_E,sp3,1.7033,BD ( 1) C 3- C 8,RY ( 3) C 7,0.81,2.02,0.036
mol_021_E,sp3,1.7033,BD ( 2) C 3- C 8,BD*( 2) C 3- C 8,1.25,0.39,0.02
mol_021_E,sp3,1.7033,BD ( 2) C 3- C 8,BD*( 2) C 4- C 5,24.55,0.41,0.089
mol_021_E,sp3,1.7033,BD ( 2) C 3- C 8,BD*( 2) C 6- C 7,48.3,0.39,0.123
mol_021_E,sp3,1.7033,BD ( 2) C 3- C 8,RY ( 2) O 2,1.44,0.97,0.033
mol_021_E,sp3,1.7033,BD ( 2) C 3- C 8,RY ( 3) C 4,1.85,0.92,0.037
mol_021_E,sp3,1.7033,BD ( 2) C 3- C 8,RY ( 3) C 8,0.52,0.96,0.02
mol_021_E,sp3,1.7033,BD ( 1) C 4- C 5,BD*( 1) O 2- C 3,3.26,1.16,0.055
mol_021_E,sp3,1.7033,BD ( 1) C 4- C 5,BD*( 1) C 3- C 4,2.25,1.33,0.049
mol_021_E,sp3,1.7033,BD ( 1) C 4- C 5,BD*( 1) C 4- H 18,1.38,1.22,0.037
mol_021_E,sp3,1.7033,BD ( 1) C 4- C 5,BD*( 1) C 5- C 6,2.83,1.33,0.055
mol_021_E,sp3,1.7033,BD ( 1) C 4- C 5,BD*( 1) C 5- H 19,1.08,1.23,0.032
mol_021_E,sp3,1.7033,BD ( 1) C 4- C 5,BD*( 1) C 6- C 12,3.46,1.23,0.058
mol_021_E,sp3,1.7033,BD ( 1) C 4- C 5,RY ( 1) C 3,1.29,2.12,0.047
mol_021_E,sp3,1.7033,BD ( 1) C 4- C 5,RY ( 2) C 3,0.77,2.42,0.039
mol_021_E,sp3,1.7033,BD ( 1) C 4- C 5,RY ( 1) C 6,2.06,1.85,0.055
mol_021_E,sp3,1.7033,BD ( 2) C 4- C 5,BD*( 2) C 3- C 8,37.54,0.4,0.109
mol_021_E,sp3,1.7033,BD ( 2) C 4- C 5,BD*( 2) C 6- C 7,25.59,0.4,0.09
mol_021_E,sp3,1.7033,BD ( 2) C 4- C 5,RY ( 5) C 3,0.67,2.02,0.033
mol_021_E,sp3,1.7033,BD ( 1) C 4- H 18,BD*( 1) O 2- C 3,2.1,1.03,0.042
mol_021_E,sp3,1.7033,BD ( 1) C 4- H 18,BD*( 1) C 3- C 8,4.13,1.21,0.063
mol_021_E,sp3,1.7033,BD ( 1) C 4- H 18,BD*( 1) C 4- C 5,0.92,1.25,0.03
mol_021_E,sp3,1.7033,BD ( 1) C 4- H 18,BD*( 1) C 5- C 6,3.8,1.2,0.06
mol_021_E,sp3,1.7033,BD ( 1) C 4- H 18,BD*( 1) C 5- H 19,0.95,1.1,0.029
mol_021_E,sp3,1.7033,BD ( 1) C 4- H 18,RY ( 1) C 3,0.57,1.99,0.03
mol_021_E,sp3,1.7033,BD ( 1) C 4- H 18,RY ( 9) C 3,0.52,3.69,0.039
mol_021_E,sp3,1.7033,BD ( 1) C 4- H 18,RY ( 1) C 5,1.18,1.87,0.042
mol_021_E,sp3,1.7033,BD ( 1) C 5- C 6,BD*( 1) C 4- C 5,2.56,1.37,0.053
mol_021_E,sp3,1.7033,BD ( 1) C 5- C 6,BD*( 1) C 4- H 18,2.35,1.21,0.048
mol_021_E,sp3,1.7033,BD ( 1) C 5- C 6,BD*( 1) C 5- H 19,0.92,1.22,0.03
mol_021_E,sp3,1.7033,BD ( 1) C 5- C 6,BD*( 1) C 6- C 7,4.49,1.34,0.069
mol_021_E,sp3,1.7033,BD ( 1) C 5- C 6,BD*( 1) C 6- C 12,2.38,1.22,0.048
mol_021_E,sp3,1.7033,BD ( 1) C 5- C 6,BD*( 1) C 7- C 9,2.88,1.2,0.053
mol_021_E,sp3,1.7033,BD ( 1) C 5- C 6,BD*( 1) C 11- C 12,1.89,1.16,0.042
mol_021_E,sp3,1.7033,BD ( 1) C 5- C 6,RY ( 1) C 4,0.72,2.11,0.035
mol_021_E,sp3,1.7033,BD ( 1) C 5- C 6,RY ( 2) C 4,2.03,1.94,0.056
mol_021_E,sp3,1.7033,BD ( 1) C 5- C 6,RY ( 1) C 7,0.84,2.1,0.038
mol_021_E,sp3,1.7033,BD ( 1) C 5- C 6,RY ( 1) C 12,1.3,1.63,0.041
mol_021_E,sp3,1.7033,BD ( 1) C 5- H 19,BD*( 1) C 3- C 4,3.7,1.21,0.06
mol_021_E,sp3,1.7033,BD ( 1) C 5- H 19,BD*( 1) C 4- C 5,0.71,1.26,0.027
mol_021_E,sp3,1.7033,BD ( 1) C 5- H 19,BD*( 1) C 4- H 18,1.01,1.1,0.03
mol_021_E,sp3,1.7033,BD ( 1) C 5- H 19,BD*( 1) C 6- C 7,4.35,1.22,0.065
mol_021_E,sp3,1.7033,BD ( 1) C 5- H 19,BD*( 1) C 6- C 12,0.74,1.1,0.025
mol_021_E,sp3,1.7033,BD ( 1) C 5- H 19,RY ( 1) C 4,1.25,1.99,0.045
mol_021_E,sp3,1.7033,BD ( 1) C 5- H 19,RY ( 1) C 6,0.77,1.73,0.032
mol_021_E,sp3,1.7033,BD ( 1) C 6- C 7,BD*( 1) C 5- C 6,4.23,1.32,0.067
mol_021_E,sp3,1.7033,BD ( 1) C 6- C 7,BD*( 1) C 5- H 19,2.09,1.22,0.045
mol_021_E,sp3,1.7033,BD ( 1) C 6- C 7,BD*( 1) C 6- C 12,2.47,1.22,0.049
mol_021_E,sp3,1.7033,BD ( 1) C 6- C 7,BD*( 1) C 7- C 8,2.56,1.35,0.052
mol_021_E,sp3,1.7033,BD ( 1) C 6- C 7,BD*( 1) C 7- C 9,1.74,1.2,0.041
mol_021_E,sp3,1.7033,BD ( 1) C 6- C 7,BD*( 1) C 8- H 20,2.33,1.22,0.048
mol_021_E,sp3,1.7033,BD ( 1) C 6- C 7,BD*( 1) C 9- H 21,0.8,1.19,0.028
mol_021_E,sp3,1.7033,BD ( 1) C 6- C 7,BD*( 1) C 12- N 13,1.41,1.34,0.039
mol_021_E,sp3,1.7033,BD ( 1) C 6- C 7,RY ( 1) C 5,0.92,1.99,0.038
mol_021_E,sp3,1.7033,BD ( 1) C 6- C 7,RY ( 1) C 8,1.5,1.99,0.049
mol_021_E,sp3,1.7033,BD ( 1) C 6- C 7,RY ( 1) C 9,1.27,1.62,0.04
mol_021_E,sp3,1.7033,BD ( 1) C 6- C 7,RY ( 2) C 12,0.57,1.93,0.03
mol_021_E,sp3,1.7033,BD ( 2) C 6- C 7,BD*( 2) C 3- C 8,23.39,0.39,0.085
mol_021_E,sp3,1.7033,BD ( 2) C 6- C 7,BD*( 2) C 4- C 5,36.71,0.4,0.108
mol_021_E,sp3,1.7033,BD ( 2) C 6- C 7,BD*( 2) C 6- C 7,0.66,0.39,0.014
mol_021_E,sp3,1.7033,BD ( 2) C 6- C 7,BD*( 1) C 9- C 10,0.75,0.79,0.022
mol_021_E,sp3,1.7033,BD ( 2) C 6- C 7,BD*( 1) C 9- H 21,0.65,0.82,0.021
mol_021_E,sp3,1.7033,BD ( 2) C 6- C 7,BD*( 1) C 9- H 22,3.36,0.8,0.046
mol_021_E,sp3,1.7033,BD ( 2) C 6- C 7,BD*( 1) C 11- C 12,0.56,0.79,0.019
mol_021_E,sp3,1.7033,BD ( 2) C 6- C 7,BD*( 2) C 12- N 13,34.04,0.38,0.102
mol_021_E,sp3,1.7033,BD ( 2) C 6- C 7,RY ( 3) C 5,1.99,1.39,0.047
mol_021_E,sp3,1.7033,BD ( 2) C 6- C 7,RY ( 3) C 8,1.77,0.95,0.037
mol_021_E,sp3,1.7033,BD ( 2) C 6- C 7,RY ( 2) C 12,0.54,1.56,0.026
mol_021_E,sp3,1.7033,BD ( 1) C 6- C 12,BD*( 1) C 4- C 5,1.39,1.37,0.039
mol_021_E,sp3,1.7033,BD ( 1) C 6- C 12,BD*( 1) C 5- C 6,2.01,1.32,0.046
mol_021_E,sp3,1.7033,BD ( 1) C 6- C 12,BD*( 1) C 6- C 7,1.98,1.33,0.046
mol_021_E,sp3,1.7033,BD ( 1) C 6- C 12,BD*( 1) C 7- C 8,2.54,1.34,0.052
mol_021_E,sp3,1.7033,BD ( 1) C 6- C 12,BD*( 1) C 11- C 12,1.16,1.16,0.033
mol_021_E,sp3,1.7033,BD ( 1) C 6- C 12,BD*( 1) C 11- H 25,0.58,1.17,0.023
mol_021_E,sp3,1.7033,BD ( 1) C 6- C 12,BD*( 1) C 12- N 13,1.46,1.33,0.039
mol_021_E,sp3,1.7033,BD ( 1) C 6- C 12,BD*( 1) N 13- O 14,15.67,0.7,0.093
mol_021_E,sp3,1.7033,BD ( 1) C 6- C 12,RY ( 1) C 5,1.54,1.98,0.049
mol_021_E,sp3,1.7033,BD ( 1) C 6- C 12,RY ( 1) C 7,1.49,2.1,0.05
mol_021_E,sp3,1.7033,BD ( 1) C 6- C 12,RY ( 1) C 11,0.94,1.49,0.033
mol_021_E,sp3,1.7033,BD ( 1) C 6- C 12,RY ( 1) N 13,1.51,1.73,0.046
mol_021_E,sp3,1.7033,BD ( 1) C 7- C 8,BD*( 1) O 2- C 3,3.99,1.15,0.061
mol_021_E,sp3,1.7033,BD ( 1) C 7- C 8,BD*( 1) C 3- C 8,3.33,1.33,0.059
mol_021_E,sp3,1.7033,BD ( 1) C 7- C 8,BD*( 1) C 6- C 7,3.24,1.34,0.059
mol_021_E,sp3,1.7033,BD ( 1) C 7- C 8,BD*( 1) C 6- C 12,3.34,1.22,0.057
mol_021_E,sp3,1.7033,BD ( 1) C 7- C 8,BD*( 1) C 7- C 9,1.65,1.2,0.04
mol_021_E,sp3,1.7033,BD ( 1) C 7- C 8,BD*( 1) C 8- H 20,1.72,1.22,0.041
mol_021_E,sp3,1.7033,BD ( 1) C 7- C 8,BD*( 1) C 9- C 10,0.64,1.17,0.024
mol_021_E,sp3,1.7033,BD ( 1) C 7- C 8,RY ( 2) C 3,1.85,2.42,0.06
mol_021_E,sp3,1.7033,BD ( 1) C 7- C 8,RY ( 1) C 6,0.59,1.84,0.029
mol_021_E,sp3,1.7033,BD ( 1) C 7- C 8,RY ( 2) C 6,1.56,1.98,0.05
mol_021_E,sp3,1.7033,BD ( 1) C 7- C 8,RY ( 5) C 6,0.73,2.99,0.042
mol_021_E,sp3,1.7033,BD ( 1) C 7- C 8,RY ( 7) C 7,0.69,4.96,0.052
mol_021_E,sp3,1.7033,BD ( 1) C 7- C 8,RY (16) C 7,0.56,8.78,0.062
mol_021_E,sp3,1.7033,BD ( 1) C 7- C 8,RY ( 1) C 9,1.2,1.62,0.039
mol_021_E,sp3,1.7033,BD ( 1) C 7- C 8,RY ( 1) H 20,0.69,1.61,0.03
mol_021_E,sp3,1.7033,BD ( 1) C 7- C 9,BD*( 1) C 3- C 8,2.32,1.28,0.049
mol_021_E,sp3,1.7033,BD ( 1) C 7- C 9,BD*( 1) C 5- C 6,3.16,1.27,0.057
mol_021_E,sp3,1.7033,BD ( 1) C 7- C 9,BD*( 1) C 6- C 7,1.48,1.28,0.039
mol_021_E,sp3,1.7033,BD ( 1) C 7- C 9,BD*( 1) C 7- C 8,1.79,1.29,0.043
mol_021_E,sp3,1.7033,BD ( 1) C 7- C 9,BD*( 1) C 8- H 20,0.55,1.16,0.023
mol_021_E,sp3,1.7033,BD ( 1) C 7- C 9,BD*( 1) C 9- C 10,0.82,1.11,0.027
mol_021_E,sp3,1.7033,BD ( 1) C 7- C 9,BD*( 1) C 9- H 21,0.52,1.13,0.022
mol_021_E,sp3,1.7033,BD ( 1) C 7- C 9,BD*( 1) C 10- H 23,1.74,1.13,0.04
mol_021_E,sp3,1.7033,BD ( 1) C 7- C 9,RY ( 2) C 6,1.04,1.92,0.04
mol_021_E,sp3,1.7033,BD ( 1) C 7- C 9,RY ( 1) C 8,2.04,1.94,0.056
mol_021_E,sp3,1.7033,BD ( 1) C 7- C 9,RY ( 1) C 10,1.27,1.62,0.041
mol_021_E,sp3,1.7033,BD ( 1) C 8- H 20,BD*( 1) O 2- C 3,1.59,1.03,0.036
mol_021_E,sp3,1.7033,BD ( 1) C 8- H 20,BD*( 1) C 3- C 4,3.96,1.2,0.062
mol_021_E,sp3,1.7033,BD ( 1) C 8- H 20,BD*( 1) C 3- C 8,0.73,1.21,0.027
mol_021_E,sp3,1.7033,BD ( 1) C 8- H 20,BD*( 1) C 6- C 7,4.77,1.22,0.068
mol_021_E,sp3,1.7033,BD ( 1) C 8- H 20,BD*( 1) C 7- C 8,1.2,1.23,0.034
mol_021_E,sp3,1.7033,BD ( 1) C 8- H 20,BD*( 1) C 7- C 9,0.51,1.08,0.021
mol_021_E,sp3,1.7033,BD ( 1) C 8- H 20,RY ( 1) C 3,0.98,1.99,0.039
mol_021_E,sp3,1.7033,BD ( 1) C 8- H 20,RY ( 1) C 7,1.38,1.99,0.047
mol_021_E,sp3,1.7033,BD ( 1) C 9- C 10,BD*( 2) C 6- C 7,2.17,0.68,0.034
mol_021_E,sp3,1.7033,BD ( 1) C 9- C 10,BD*( 1) C 7- C 8,2.56,1.27,0.051
mol_021_E,sp3,1.7033,BD ( 1) C 9- C 10,BD*( 1) C 7- C 9,0.96,1.12,0.029
mol_021_E,sp3,1.7033,BD ( 1) C 9- C 10,BD*( 1) C 9- H 21,0.52,1.11,0.021
mol_021_E,sp3,1.7033,BD ( 1) C 9- C 10,BD*( 1) C 11- H 25,2.02,1.1,0.042
mol_021_E,sp3,1.7033,BD ( 1) C 9- C 10,RY ( 2) C 7,1.46,1.92,0.047
mol_021_E,sp3,1.7033,BD ( 1) C 9- C 10,RY ( 2) C 11,1.1,1.6,0.037
mol_021_E,sp3,1.7033,BD ( 1) C 9- H 21,BD*( 1) C 6- C 7,4.15,1.19,0.063
mol_021_E,sp3,1.7033,BD ( 1) C 9- H 21,BD*( 2) C 6- C 7,1.52,0.62,0.027
mol_021_E,sp3,1.7033,BD ( 1) C 9- H 21,BD*( 1) C 10- C 11,3.14,1.02,0.05
mol_021_E,sp3,1.7033,BD ( 1) C 9- H 22,BD*( 2) C 6- C 7,8.53,0.61,0.065
mol_021_E,sp3,1.7033,BD ( 1) C 9- H 22,BD*( 1) C 7- C 8,0.65,1.2,0.025
mol_021_E,sp3,1.7033,BD ( 1) C 9- H 22,BD*( 1) C 10- H 24,3.35,1.03,0.052
mol_021_E,sp3,1.7033,BD ( 1) C 10- C 11,BD*( 1) C 9- C 10,0.51,1.1,0.021
mol_021_E,sp3,1.7033,BD ( 1) C 10- C 11,BD*( 1) C 9- H 21,1.95,1.12,0.042
mol_021_E,sp3,1.7033,BD ( 1) C 10- C 11,BD*( 1) C 11- C 12,0.82,1.1,0.027
mol_021_E,sp3,1.7033,BD ( 1) C 10- C 11,BD*( 1) C 11- H 25,0.64,1.11,0.024
mol_021_E,sp3,1.7033,BD ( 1) C 10- C 11,BD*( 1) C 11- H 26,0.57,1.1,0.022
mol_021_E,sp3,1.7033,BD ( 1) C 10- C 11,BD*( 1) C 12- N 13,3.74,1.27,0.062
mol_021_E,sp3,1.7033,BD ( 1) C 10- C 11,RY ( 1) C 9,0.89,1.55,0.033
mol_021_E,sp3,1.7033,BD ( 1) C 10- C 11,RY ( 3) C 12,0.52,2.1,0.029
mol_021_E,sp3,1.7033,BD ( 1) C 10- H 23,BD*( 1) C 7- C 9,3.01,1.06,0.05
mol_021_E,sp3,1.7033,BD ( 1) C 10- H 23,BD*( 1) C 11- C 12,4.06,1.02,0.057
mol_021_E,sp3,1.7033,BD ( 1) C 10- H 23,BD*( 1) C 11- H 26,0.79,1.02,0.025
mol_021_E,sp3,1.7033,BD ( 1) C 10- H 24,BD*( 1) C 9- H 22,3.31,1.03,0.052
mol_021_E,sp3,1.7033,BD ( 1) C 10- H 24,BD*( 1) C 11- H 25,0.63,1.03,0.023
mol_021_E,sp3,1.7033,BD ( 1) C 10- H 24,BD*( 1) C 11- H 26,3.21,1.02,0.051
mol_021_E,sp3,1.7033,BD ( 1) C 10- H 24,RY ( 1) C 9,0.62,1.47,0.027
mol_021_E,sp3,1.7033,BD ( 1) C 11- C 12,BD*( 1) C 5- C 6,2.33,1.31,0.049
mol_021_E,sp3,1.7033,BD ( 1) C 11- C 12,BD*( 1) C 6- C 12,1.35,1.2,0.036
mol_021_E,sp3,1.7033,BD ( 1) C 11- C 12,BD*( 1) C 10- C 11,0.67,1.15,0.025
mol_021_E,sp3,1.7033,BD ( 1) C 11- C 12,BD*( 1) C 10- H 23,1.23,1.18,0.034
mol_021_E,sp3,1.7033,BD ( 1) C 11- C 12,BD*( 1) C 12- N 13,0.76,1.32,0.028
mol_021_E,sp3,1.7033,BD ( 1) C 11- C 12,BD*( 1) N 13- O 14,5.29,0.69,0.054
mol_021_E,sp3,1.7033,BD ( 1) C 11- C 12,RY ( 2) C 6,0.53,1.97,0.029
mol_021_E,sp3,1.7033,BD ( 1) C 11- C 12,RY ( 1) C 10,0.97,1.66,0.036
mol_021_E,sp3,1.7033,BD ( 1) C 11- C 12,RY ( 1) N 13,1.52,1.72,0.046
mol_021_E,sp3,1.7033,BD ( 1) C 11- H 25,BD*( 1) C 6- C 12,2.57,1.09,0.047
mol_021_E,sp3,1.7033,BD ( 1) C 11- H 25,BD*( 1) C 9- C 10,2.87,1.04,0.049
mol_021_E,sp3,1.7033,BD ( 1) C 11- H 25,BD*( 1) C 10- H 24,0.68,1.05,0.024
mol_021_E,sp3,1.7033,BD ( 1) C 11- H 25,BD*( 2) C 12- N 13,6.95,0.62,0.059
mol_021_E,sp3,1.7033,BD ( 1) C 11- H 26,BD*( 1) C 6- C 12,1.78,1.08,0.039
mol_021_E,sp3,1.7033,BD ( 1) C 11- H 26,BD*( 1) C 10- H 23,0.76,1.06,0.025
mol_021_E,sp3,1.7033,BD ( 1) C 11- H 26,BD*( 1) C 10- H 24,3.01,1.05,0.05
mol_021_E,sp3,1.7033,BD ( 1) C 11- H 26,BD*( 2) C 12- N 13,11.18,0.62,0.074
mol_021_E,sp3,1.7033,BD ( 1) C 12- N 13,BD*( 1) C 6- C 7,1.26,1.58,0.04
mol_021_E,sp3,1.7033,BD ( 1) C 12- N 13,BD*( 1) C 6- C 12,1.3,1.46,0.039
mol_021_E,sp3,1.7033,BD ( 1) C 12- N 13,BD*( 1) C 11- C 12,1.75,1.4,0.044
mol_021_E,sp3,1.7033,BD ( 1) C 12- N 13,RY ( 1) C 6,1.49,2.08,0.05
mol_021_E,sp3,1.7033,BD ( 1) C 12- N 13,RY ( 2) C 6,0.64,2.22,0.034
mol_021_E,sp3,1.7033,BD ( 2) C 12- N 13,BD*( 2) C 6- C 7,6.4,0.54,0.052
mol_021_E,sp3,1.7033,BD ( 2) C 12- N 13,BD*( 1) C 11- H 25,0.99,0.95,0.027
mol_021_E,sp3,1.7033,BD ( 2) C 12- N 13,BD*( 1) C 11- H 26,1.34,0.95,0.032
mol_021_E,sp3,1.7033,BD ( 2) C 12- N 13,BD*( 1) O 14- H 28,0.5,0.94,0.019
mol_021_E,sp3,1.7033,BD ( 1) N 13- O 14,BD*( 1) C 6- C 12,5.11,1.21,0.07
mol_021_E,sp3,1.7033,BD ( 1) N 13- O 14,BD*( 1) C 11- C 12,1.43,1.15,0.036
mol_021_E,sp3,1.7033,BD ( 1) N 13- O 14,RY ( 3) C 12,0.68,2.16,0.034
mol_021_E,sp3,1.7033,BD ( 1) O 14- H 27,RY ( 1) C 11,0.62,1.67,0.029
mol_021_E,sp3,1.7033,BD ( 1) O 14- H 28,BD*( 2) C 12- N 13,0.56,0.93,0.02
mol_021_E,sp4,1.8033,LP ( 1) O 2,BD*( 1) C 1- H 15,3.23,1.07,0.053
mol_021_E,sp4,1.8033,LP ( 1) O 2,BD*( 1) C 1- H 16,0.83,1.06,0.027
mol_021_E,sp4,1.8033,LP ( 1) O 2,BD*( 1) C 1- H 17,0.75,1.06,0.025
mol_021_E,sp4,1.8033,LP ( 1) O 2,BD*( 1) C 3- C 4,1.29,1.21,0.035
mol_021_E,sp4,1.8033,LP ( 1) O 2,BD*( 1) C 3- C 8,7.75,1.22,0.087
mol_021_E,sp4,1.8033,LP ( 1) O 2,RY ( 1) C 1,2.12,2.16,0.06
mol_021_E,sp4,1.8033,LP ( 1) O 2,RY ( 1) C 3,3.04,2.0,0.07
mol_021_E,sp4,1.8033,LP ( 2) O 2,BD*( 1) C 1- H 16,6.34,0.88,0.067
mol_021_E,sp4,1.8033,LP ( 2) O 2,BD*( 1) C 1- H 17,6.44,0.88,0.067
mol_021_E,sp4,1.8033,LP ( 2) O 2,BD*( 2) C 3- C 8,48.05,0.47,0.134
mol_021_E,sp4,1.8033,LP ( 2) O 2,RY ( 3) C 1,1.6,2.0,0.05
mol_021_E,sp4,1.8033,LP ( 2) O 2,RY ( 3) C 3,2.6,2.02,0.065
mol_021_E,sp4,1.8033,LP ( 1) N 13,BD*( 1) C 11- C 12,4.77,1.04,0.063
mol_021_E,sp4,1.8033,LP ( 1) N 13,RY ( 1) C 12,8.14,1.47,0.098
mol_021_E,sp4,1.8033,LP ( 1) O 14,BD*( 1) C 6- C 12,0.51,1.18,0.022
mol_021_E,sp4,1.8033,LP ( 1) O 14,BD*( 1) C 10- C 11,0.63,1.14,0.024
mol_021_E,sp4,1.8033,LP ( 1) O 14,RY ( 1) H 27,1.29,2.59,0.052
mol_021_E,sp4,1.8033,LP ( 1) O 14,RY ( 1) H 28,1.32,2.66,0.053
mol_021_E,sp4,1.8033,BD ( 1) C 1- O 2,BD*( 1) C 3- C 4,2.83,1.46,0.057
mol_021_E,sp4,1.8033,BD ( 1) C 1- O 2,RY ( 2) C 3,2.39,2.56,0.07
mol_021_E,sp4,1.8033,BD ( 1) C 1- H 15,BD*( 1) O 2- C 3,3.44,1.04,0.053
mol_021_E,sp4,1.8033,BD ( 1) C 1- H 17,RY ( 2) O 2,0.79,1.23,0.028
mol_021_E,sp4,1.8033,BD ( 1) O 2- C 3,BD*( 1) C 4- C 5,1.02,1.6,0.036
mol_021_E,sp4,1.8033,BD ( 1) O 2- C 3,BD*( 1) C 7- C 8,0.94,1.58,0.034
mol_021_E,sp4,1.8033,BD ( 1) O 2- C 3,RY ( 2) C 1,1.24,1.96,0.044
mol_021_E,sp4,1.8033,BD ( 1) O 2- C 3,RY ( 1) C 4,0.79,2.33,0.038
mol_021_E,sp4,1.8033,BD ( 1) C 3- C 4,BD*( 1) C 1- O 2,3.3,1.07,0.053
mol_021_E,sp4,1.8033,BD ( 1) C 3- C 4,BD*( 1) C 3- C 8,2.8,1.34,0.055
mol_021_E,sp4,1.8033,BD ( 1) C 3- C 4,BD*( 1) C 4- C 5,2.2,1.38,0.049
mol_021_E,sp4,1.8033,BD ( 1) C 3- C 4,BD*( 1) C 4- H 18,0.94,1.22,0.03
mol_021_E,sp4,1.8033,BD ( 1) C 3- C 4,BD*( 1) C 5- H 19,2.4,1.23,0.048
mol_021_E,sp4,1.8033,BD ( 1) C 3- C 4,BD*( 1) C 8- H 20,2.45,1.23,0.049
mol_021_E,sp4,1.8033,BD ( 1) C 3- C 4,RY ( 1) O 2,1.05,1.43,0.034
mol_021_E,sp4,1.8033,BD ( 1) C 3- C 4,RY ( 1) C 5,0.66,1.99,0.032
mol_021_E,sp4,1.8033,BD ( 1) C 3- C 4,RY ( 2) C 5,1.73,1.97,0.052
mol_021_E,sp4,1.8033,BD ( 1) C 3- C 4,RY ( 1) C 8,0.65,2.0,0.032
mol_021_E,sp4,1.8033,BD ( 1) C 3- C 4,RY ( 2) C 8,0.9,2.02,0.038
mol_021_E,sp4,1.8033,BD ( 1) C 3- C 8,BD*( 1) C 3- C 4,2.97,1.34,0.056
mol_021_E,sp4,1.8033,BD ( 1) C 3- C 8,BD*( 1) C 4- H 18,1.97,1.23,0.044
mol_021_E,sp4,1.8033,BD ( 1) C 3- C 8,BD*( 1) C 7- C 8,3.26,1.37,0.06
mol_021_E,sp4,1.8033,BD ( 1) C 3- C 8,BD*( 1) C 7- C 9,3.06,1.22,0.055
mol_021_E,sp4,1.8033,BD ( 1) C 3- C 8,BD*( 1) C 8- H 20,1.24,1.24,0.035
mol_021_E,sp4,1.8033,BD ( 1) C 3- C 8,RY ( 2) C 1,0.51,1.75,0.027
mol_021_E,sp4,1.8033,BD ( 1) C 3- C 8,RY ( 1) O 2,0.86,1.44,0.031
mol_021_E,sp4,1.8033,BD ( 1) C 3- C 8,RY ( 1) C 4,1.25,2.12,0.046
mol_021_E,sp4,1.8033,BD ( 1) C 3- C 8,RY ( 1) C 7,1.27,2.12,0.046
mol_021_E,sp4,1.8033,BD ( 1) C 3- C 8,RY ( 3) C 7,0.87,2.05,0.038
mol_021_E,sp4,1.8033,BD ( 2) C 3- C 8,BD*( 2) C 3- C 8,1.26,0.39,0.02
mol_021_E,sp4,1.8033,BD ( 2) C 3- C 8,BD*( 2) C 4- C 5,24.62,0.41,0.089
mol_021_E,sp4,1.8033,BD ( 2) C 3- C 8,BD*( 2) C 6- C 7,49.05,0.39,0.124
mol_021_E,sp4,1.8033,BD ( 2) C 3- C 8,RY ( 2) O 2,1.34,0.97,0.032
mol_021_E,sp4,1.8033,BD ( 2) C 3- C 8,RY ( 3) C 4,1.83,0.91,0.036
mol_021_E,sp4,1.8033,BD ( 2) C 3- C 8,RY ( 3) C 8,0.51,0.97,0.02
mol_021_E,sp4,1.8033,BD ( 1) C 4- C 5,BD*( 1) O 2- C 3,3.23,1.16,0.055
mol_021_E,sp4,1.8033,BD ( 1) C 4- C 5,BD*( 1) C 3- C 4,2.24,1.33,0.049
mol_021_E,sp4,1.8033,BD ( 1) C 4- C 5,BD*( 1) C 4- H 18,1.38,1.22,0.037
mol_021_E,sp4,1.8033,BD ( 1) C 4- C 5,BD*( 1) C 5- C 6,2.84,1.33,0.055
mol_021_E,sp4,1.8033,BD ( 1) C 4- C 5,BD*( 1) C 5- H 19,1.08,1.23,0.033
mol_021_E,sp4,1.8033,BD ( 1) C 4- C 5,BD*( 1) C 6- C 12,3.59,1.22,0.059
mol_021_E,sp4,1.8033,BD ( 1) C 4- C 5,RY ( 1) C 3,1.29,2.12,0.047
mol_021_E,sp4,1.8033,BD ( 1) C 4- C 5,RY ( 2) C 3,0.77,2.43,0.039
mol_021_E,sp4,1.8033,BD ( 1) C 4- C 5,RY ( 1) C 6,2.07,1.83,0.055
mol_021_E,sp4,1.8033,BD ( 2) C 4- C 5,BD*( 2) C 3- C 8,37.7,0.4,0.109
mol_021_E,sp4,1.8033,BD ( 2) C 4- C 5,BD*( 2) C 6- C 7,25.85,0.4,0.09
mol_021_E,sp4,1.8033,BD ( 2) C 4- C 5,RY ( 5) C 3,0.67,2.02,0.033
mol_021_E,sp4,1.8033,BD ( 2) C 4- C 5,RY ( 7) C 3,0.54,1.19,0.023
mol_021_E,sp4,1.8033,BD ( 1) C 4- H 18,BD*( 1) O 2- C 3,2.11,1.03,0.042
mol_021_E,sp4,1.8033,BD ( 1) C 4- H 18,BD*( 1) C 3- C 8,4.14,1.21,0.063
mol_021_E,sp4,1.8033,BD ( 1) C 4- H 18,BD*( 1) C 4- C 5,0.92,1.25,0.03
mol_021_E,sp4,1.8033,BD ( 1) C 4- H 18,BD*( 1) C 5- C 6,3.8,1.2,0.06
mol_021_E,sp4,1.8033,BD ( 1) C 4- H 18,BD*( 1) C 5- H 19,0.95,1.1,0.029
mol_021_E,sp4,1.8033,BD ( 1) C 4- H 18,RY ( 1) C 3,0.57,1.98,0.03
mol_021_E,sp4,1.8033,BD ( 1) C 4- H 18,RY ( 9) C 3,0.51,3.63,0.039
mol_021_E,sp4,1.8033,BD ( 1) C 4- H 18,RY ( 1) C 5,1.17,1.85,0.042
mol_021_E,sp4,1.8033,BD ( 1) C 5- C 6,BD*( 1) C 4- C 5,2.56,1.37,0.053
mol_021_E,sp4,1.8033,BD ( 1) C 5- C 6,BD*( 1) C 4- H 18,2.33,1.22,0.048
mol_021_E,sp4,1.8033,BD ( 1) C 5- C 6,BD*( 1) C 5- H 19,0.93,1.22,0.03
mol_021_E,sp4,1.8033,BD ( 1) C 5- C 6,BD*( 1) C 6- C 7,4.56,1.34,0.07
mol_021_E,sp4,1.8033,BD ( 1) C 5- C 6,BD*( 1) C 6- C 12,2.37,1.21,0.048
mol_021_E,sp4,1.8033,BD ( 1) C 5- C 6,BD*( 1) C 7- C 9,2.81,1.2,0.052
mol_021_E,sp4,1.8033,BD ( 1) C 5- C 6,BD*( 1) C 11- C 12,1.82,1.16,0.041
mol_021_E,sp4,1.8033,BD ( 1) C 5- C 6,RY ( 1) C 4,0.74,2.11,0.035
mol_021_E,sp4,1.8033,BD ( 1) C 5- C 6,RY ( 2) C 4,2.04,1.95,0.056
mol_021_E,sp4,1.8033,BD ( 1) C 5- C 6,RY ( 1) C 7,0.84,2.1,0.037
mol_021_E,sp4,1.8033,BD ( 1) C 5- C 6,RY ( 3) C 7,0.51,2.03,0.029
mol_021_E,sp4,1.8033,BD ( 1) C 5- C 6,RY ( 1) C 12,1.21,1.59,0.039
mol_021_E,sp4,1.8033,BD ( 1) C 5- H 19,BD*( 1) C 3- C 4,3.67,1.21,0.059
mol_021_E,sp4,1.8033,BD ( 1) C 5- H 19,BD*( 1) C 4- C 5,0.73,1.26,0.027
mol_021_E,sp4,1.8033,BD ( 1) C 5- H 19,BD*( 1) C 4- H 18,1.0,1.1,0.03
mol_021_E,sp4,1.8033,BD ( 1) C 5- H 19,BD*( 1) C 6- C 7,4.4,1.22,0.065
mol_021_E,sp4,1.8033,BD ( 1) C 5- H 19,BD*( 1) C 6- C 12,0.75,1.1,0.026
mol_021_E,sp4,1.8033,BD ( 1) C 5- H 19,RY ( 1) C 4,1.26,1.99,0.045
mol_021_E,sp4,1.8033,BD ( 1) C 5- H 19,RY ( 1) C 6,0.78,1.71,0.033
mol_021_E,sp4,1.8033,BD ( 1) C 6- C 7,BD*( 1) C 5- C 6,4.25,1.33,0.067
mol_021_E,sp4,1.8033,BD ( 1) C 6- C 7,BD*( 1) C 5- H 19,2.07,1.22,0.045
mol_021_E,sp4,1.8033,BD ( 1) C 6- C 7,BD*( 1) C 6- C 12,2.39,1.21,0.048
mol_021_E,sp4,1.8033,BD ( 1) C 6- C 7,BD*( 1) C 7- C 8,2.54,1.35,0.052
mol_021_E,sp4,1.8033,BD ( 1) C 6- C 7,BD*( 1) C 7- C 9,1.76,1.2,0.041
mol_021_E,sp4,1.8033,BD ( 1) C 6- C 7,BD*( 1) C 8- H 20,2.34,1.22,0.048
mol_021_E,sp4,1.8033,BD ( 1) C 6- C 7,BD*( 1) C 9- H 21,0.81,1.19,0.028
mol_021_E,sp4,1.8033,BD ( 1) C 6- C 7,BD*( 1) C 12- N 13,1.37,1.35,0.038
mol_021_E,sp4,1.8033,BD ( 1) C 6- C 7,BD*( 1) N 13- O 14,0.59,0.67,0.018
mol_021_E,sp4,1.8033,BD ( 1) C 6- C 7,RY ( 1) C 5,0.94,1.98,0.038
mol_021_E,sp4,1.8033,BD ( 1) C 6- C 7,RY ( 1) C 8,1.5,1.99,0.049
mol_021_E,sp4,1.8033,BD ( 1) C 6- C 7,RY ( 1) C 9,1.28,1.63,0.041
mol_021_E,sp4,1.8033,BD ( 2) C 6- C 7,BD*( 2) C 3- C 8,23.33,0.39,0.085
mol_021_E,sp4,1.8033,BD ( 2) C 6- C 7,BD*( 2) C 4- C 5,36.69,0.4,0.109
mol_021_E,sp4,1.8033,BD ( 2) C 6- C 7,BD*( 2) C 6- C 7,0.62,0.39,0.014
mol_021_E,sp4,1.8033,BD ( 2) C 6- C 7,BD*( 1) C 9- C 10,0.82,0.79,0.023
mol_021_E,sp4,1.8033,BD ( 2) C 6- C 7,BD*( 1) C 9- H 21,0.55,0.82,0.019
mol_021_E,sp4,1.8033,BD ( 2) C 6- C 7,BD*( 1) C 9- H 22,3.29,0.8,0.046
mol_021_E,sp4,1.8033,BD ( 2) C 6- C 7,BD*( 1) C 11- C 12,0.77,0.79,0.022
mol_021_E,sp4,1.8033,BD ( 2) C 6- C 7,BD*( 2) C 12- N 13,32.48,0.39,0.1
mol_021_E,sp4,1.8033,BD ( 2) C 6- C 7,BD*( 1) N 13- O 14,0.95,0.29,0.015
mol_021_E,sp4,1.8033,BD ( 2) C 6- C 7,RY ( 3) C 5,2.02,1.38,0.047
mol_021_E,sp4,1.8033,BD ( 2) C 6- C 7,RY ( 3) C 8,1.71,0.97,0.036
mol_021_E,sp4,1.8033,BD ( 2) C 6- C 7,RY ( 2) C 12,0.64,1.56,0.028
mol_021_E,sp4,1.8033,BD ( 1) C 6- C 12,BD*( 1) C 4- C 5,1.37,1.37,0.039
mol_021_E,sp4,1.8033,BD ( 1) C 6- C 12,BD*( 1) C 5- C 6,1.89,1.32,0.044
mol_021_E,sp4,1.8033,BD ( 1) C 6- C 12,BD*( 1) C 6- C 7,1.83,1.33,0.044
mol_021_E,sp4,1.8033,BD ( 1) C 6- C 12,BD*( 1) C 7- C 8,2.58,1.34,0.053
mol_021_E,sp4,1.8033,BD ( 1) C 6- C 12,BD*( 1) C 11- C 12,1.24,1.15,0.034
mol_021_E,sp4,1.8033,BD ( 1) C 6- C 12,BD*( 1) C 11- H 25,0.52,1.17,0.022
mol_021_E,sp4,1.8033,BD ( 1) C 6- C 12,BD*( 1) C 12- N 13,1.43,1.34,0.039
mol_021_E,sp4,1.8033,BD ( 1) C 6- C 12,BD*( 1) N 13- O 14,19.25,0.66,0.101
mol_021_E,sp4,1.8033,BD ( 1) C 6- C 12,RY ( 1) C 5,1.55,1.97,0.049
mol_021_E,sp4,1.8033,BD ( 1) C 6- C 12,RY ( 1) C 7,1.5,2.09,0.05
mol_021_E,sp4,1.8033,BD ( 1) C 6- C 12,RY ( 1) C 11,0.95,1.49,0.034
mol_021_E,sp4,1.8033,BD ( 1) C 6- C 12,RY ( 1) N 13,1.74,1.68,0.048
mol_021_E,sp4,1.8033,BD ( 1) C 7- C 8,BD*( 1) O 2- C 3,3.93,1.15,0.06
mol_021_E,sp4,1.8033,BD ( 1) C 7- C 8,BD*( 1) C 3- C 8,3.3,1.33,0.059
mol_021_E,sp4,1.8033,BD ( 1) C 7- C 8,BD*( 1) C 6- C 7,3.28,1.34,0.059
mol_021_E,sp4,1.8033,BD ( 1) C 7- C 8,BD*( 1) C 6- C 12,3.36,1.21,0.057
mol_021_E,sp4,1.8033,BD ( 1) C 7- C 8,BD*( 1) C 7- C 9,1.68,1.2,0.04
mol_021_E,sp4,1.8033,BD ( 1) C 7- C 8,BD*( 1) C 8- H 20,1.73,1.22,0.041
mol_021_E,sp4,1.8033,BD ( 1) C 7- C 8,BD*( 1) C 9- C 10,0.59,1.17,0.024
mol_021_E,sp4,1.8033,BD ( 1) C 7- C 8,RY ( 2) C 3,1.81,2.42,0.059
mol_021_E,sp4,1.8033,BD ( 1) C 7- C 8,RY ( 1) C 6,0.68,1.82,0.031
mol_021_E,sp4,1.8033,BD ( 1) C 7- C 8,RY ( 2) C 6,1.49,1.94,0.048
mol_021_E,sp4,1.8033,BD ( 1) C 7- C 8,RY ( 3) C 6,0.53,1.96,0.029
mol_021_E,sp4,1.8033,BD ( 1) C 7- C 8,RY ( 7) C 7,0.65,4.52,0.048
mol_021_E,sp4,1.8033,BD ( 1) C 7- C 8,RY (16) C 7,0.52,10.77,0.067
mol_021_E,sp4,1.8033,BD ( 1) C 7- C 8,RY (16) C 8,0.5,17.45,0.084
mol_021_E,sp4,1.8033,BD ( 1) C 7- C 8,RY ( 1) C 9,1.22,1.62,0.04
mol_021_E,sp4,1.8033,BD ( 1) C 7- C 8,RY ( 1) H 20,0.69,1.62,0.03
mol_021_E,sp4,1.8033,BD ( 1) C 7- C 9,BD*( 1) C 3- C 8,2.29,1.27,0.048
mol_021_E,sp4,1.8033,BD ( 1) C 7- C 9,BD*( 1) C 5- C 6,3.2,1.27,0.057
mol_021_E,sp4,1.8033,BD ( 1) C 7- C 9,BD*( 1) C 6- C 7,1.49,1.28,0.039
mol_021_E,sp4,1.8033,BD ( 1) C 7- C 9,BD*( 1) C 7- C 8,1.83,1.3,0.043
mol_021_E,sp4,1.8033,BD ( 1) C 7- C 9,BD*( 1) C 8- H 20,0.54,1.16,0.022
mol_021_E,sp4,1.8033,BD ( 1) C 7- C 9,BD*( 1) C 9- C 10,0.79,1.11,0.026
mol_021_E,sp4,1.8033,BD ( 1) C 7- C 9,BD*( 1) C 9- H 21,0.52,1.13,0.022
mol_021_E,sp4,1.8033,BD ( 1) C 7- C 9,BD*( 1) C 10- H 23,1.72,1.14,0.039
mol_021_E,sp4,1.8033,BD ( 1) C 7- C 9,RY ( 1) C 6,0.51,1.77,0.027
mol_021_E,sp4,1.8033,BD ( 1) C 7- C 9,RY ( 2) C 6,0.99,1.89,0.039
mol_021_E,sp4,1.8033,BD ( 1) C 7- C 9,RY ( 1) C 8,2.0,1.93,0.055
mol_021_E,sp4,1.8033,BD ( 1) C 7- C 9,RY ( 1) C 10,1.27,1.62,0.04
mol_021_E,sp4,1.8033,BD ( 1) C 8- H 20,BD*( 1) O 2- C 3,1.59,1.03,0.036
mol_021_E,sp4,1.8033,BD ( 1) C 8- H 20,BD*( 1) C 3- C 4,3.95,1.2,0.061
mol_021_E,sp4,1.8033,BD ( 1) C 8- H 20,BD*( 1) C 3- C 8,0.72,1.21,0.026
mol_021_E,sp4,1.8033,BD ( 1) C 8- H 20,BD*( 1) C 6- C 7,4.78,1.22,0.068
mol_021_E,sp4,1.8033,BD ( 1) C 8- H 20,BD*( 1) C 7- C 8,1.2,1.23,0.034
mol_021_E,sp4,1.8033,BD ( 1) C 8- H 20,BD*( 1) C 7- C 9,0.51,1.08,0.021
mol_021_E,sp4,1.8033,BD ( 1) C 8- H 20,RY ( 1) C 3,0.97,1.99,0.039
mol_021_E,sp4,1.8033,BD ( 1) C 8- H 20,RY ( 1) C 7,1.38,1.98,0.047
mol_021_E,sp4,1.8033,BD ( 1) C 9- C 10,BD*( 2) C 6- C 7,2.44,0.68,0.036
mol_021_E,sp4,1.8033,BD ( 1) C 9- C 10,BD*( 1) C 7- C 8,2.53,1.27,0.051
mol_021_E,sp4,1.8033,BD ( 1) C 9- C 10,BD*( 1) C 7- C 9,0.95,1.12,0.029
mol_021_E,sp4,1.8033,BD ( 1) C 9- C 10,BD*( 1) C 9- H 21,0.51,1.11,0.021
mol_021_E,sp4,1.8033,BD ( 1) C 9- C 10,BD*( 1) C 11- H 25,2.03,1.1,0.042
mol_021_E,sp4,1.8033,BD ( 1) C 9- C 10,RY ( 2) C 7,1.47,1.86,0.047
mol_021_E,sp4,1.8033,BD ( 1) C 9- C 10,RY ( 2) C 11,1.23,1.6,0.04
mol_021_E,sp4,1.8033,BD ( 1) C 9- H 21,BD*( 1) C 6- C 7,4.23,1.19,0.063
mol_021_E,sp4,1.8033,BD ( 1) C 9- H 21,BD*( 2) C 6- C 7,1.34,0.62,0.026
mol_021_E,sp4,1.8033,BD ( 1) C 9- H 21,BD*( 1) C 10- C 11,3.13,1.02,0.05
mol_021_E,sp4,1.8033,BD ( 1) C 9- H 22,BD*( 2) C 6- C 7,8.4,0.61,0.064
mol_021_E,sp4,1.8033,BD ( 1) C 9- H 22,BD*( 1) C 7- C 8,0.74,1.2,0.027
mol_021_E,sp4,1.8033,BD ( 1) C 9- H 22,BD*( 1) C 10- H 24,3.31,1.03,0.052
mol_021_E,sp4,1.8033,BD ( 1) C 10- C 11,BD*( 1) C 9- H 21,1.92,1.13,0.041
mol_021_E,sp4,1.8033,BD ( 1) C 10- C 11,BD*( 1) C 11- C 12,0.77,1.09,0.026
mol_021_E,sp4,1.8033,BD ( 1) C 10- C 11,BD*( 1) C 11- H 25,0.65,1.11,0.024
mol_021_E,sp4,1.8033,BD ( 1) C 10- C 11,BD*( 1) C 11- H 26,0.57,1.11,0.022
mol_021_E,sp4,1.8033,BD ( 1) C 10- C 11,BD*( 1) C 12- N 13,3.83,1.28,0.063
mol_021_E,sp4,1.8033,BD ( 1) C 10- C 11,RY ( 1) C 9,0.9,1.56,0.033
mol_021_E,sp4,1.8033,BD ( 1) C 10- C 11,RY ( 4) C 12,0.52,2.15,0.03
mol_021_E,sp4,1.8033,BD ( 1) C 10- H 23,BD*( 1) C 7- C 9,2.99,1.05,0.05
mol_021_E,sp4,1.8033,BD ( 1) C 10- H 23,BD*( 1) C 11- C 12,4.12,1.01,0.058
mol_021_E,sp4,1.8033,BD ( 1) C 10- H 23,BD*( 1) C 11- H 26,0.83,1.02,0.026
mol_021_E,sp4,1.8033,BD ( 1) C 10- H 24,BD*( 1) C 9- H 22,3.27,1.03,0.052
mol_021_E,sp4,1.8033,BD ( 1) C 10- H 24,BD*( 1) C 11- H 25,0.67,1.03,0.023
mol_021_E,sp4,1.8033,BD ( 1) C 10- H 24,BD*( 1) C 11- H 26,3.16,1.02,0.051
mol_021_E,sp4,1.8033,BD ( 1) C 10- H 24,RY ( 1) C 9,0.62,1.48,0.027
mol_021_E,sp4,1.8033,BD ( 1) C 11- C 12,BD*( 1) C 5- C 6,2.24,1.31,0.048
mol_021_E,sp4,1.8033,BD ( 1) C 11- C 12,BD*( 1) C 6- C 12,1.33,1.2,0.036
mol_021_E,sp4,1.8033,BD ( 1) C 11- C 12,BD*( 1) C 10- C 11,0.62,1.15,0.024
mol_021_E,sp4,1.8033,BD ( 1) C 11- C 12,BD*( 1) C 10- H 23,1.21,1.18,0.034
mol_021_E,sp4,1.8033,BD ( 1) C 11- C 12,BD*( 1) C 12- N 13,0.8,1.33,0.029
mol_021_E,sp4,1.8033,BD ( 1) C 11- C 12,BD*( 1) N 13- O 14,6.74,0.65,0.059
mol_021_E,sp4,1.8033,BD ( 1) C 11- C 12,RY ( 1) C 10,0.94,1.66,0.035
mol_021_E,sp4,1.8033,BD ( 1) C 11- C 12,RY ( 1) N 13,1.53,1.67,0.045
mol_021_E,sp4,1.8033,BD ( 1) C 11- H 25,BD*( 1) C 6- C 12,2.37,1.08,0.045
mol_021_E,sp4,1.8033,BD ( 1) C 11- H 25,BD*( 1) C 9- C 10,2.81,1.04,0.048
mol_021_E,sp4,1.8033,BD ( 1) C 11- H 25,BD*( 1) C 10- H 24,0.71,1.05,0.024
mol_021_E,sp4,1.8033,BD ( 1) C 11- H 25,BD*( 2) C 12- N 13,7.46,0.63,0.061
mol_021_E,sp4,1.8033,BD ( 1) C 11- H 25,BD*( 1) N 13- O 14,0.52,0.54,0.015
mol_021_E,sp4,1.8033,BD ( 1) C 11- H 26,BD*( 1) C 6- C 12,2.0,1.08,0.041
mol_021_E,sp4,1.8033,BD ( 1) C 11- H 26,BD*( 1) C 10- H 23,0.8,1.06,0.026
mol_021_E,sp4,1.8033,BD ( 1) C 11- H 26,BD*( 1) C 10- H 24,2.95,1.05,0.05
mol_021_E,sp4,1.8033,BD ( 1) C 11- H 26,BD*( 2) C 12- N 13,10.66,0.62,0.073
mol_021_E,sp4,1.8033,BD ( 1) C 12- N 13,BD*( 1) C 6- C 7,1.26,1.58,0.04
mol_021_E,sp4,1.8033,BD ( 1) C 12- N 13,BD*( 1) C 6- C 12,1.31,1.45,0.039
mol_021_E,sp4,1.8033,BD ( 1) C 12- N 13,BD*( 1) C 11- C 12,1.9,1.4,0.046
mol_021_E,sp4,1.8033,BD ( 1) C 12- N 13,RY ( 1) C 6,1.49,2.06,0.049
mol_021_E,sp4,1.8033,BD ( 1) C 12- N 13,RY ( 2) C 6,0.68,2.18,0.034
mol_021_E,sp4,1.8033,BD ( 2) C 12- N 13,BD*( 2) C 6- C 7,6.01,0.54,0.051
mol_021_E,sp4,1.8033,BD ( 2) C 12- N 13,BD*( 1) C 11- H 25,1.04,0.96,0.028
mol_021_E,sp4,1.8033,BD ( 2) C 12- N 13,BD*( 1) C 11- H 26,1.2,0.95,0.03
mol_021_E,sp4,1.8033,BD ( 1) N 13- O 14,BD*( 1) C 6- C 12,5.22,1.15,0.069
mol_021_E,sp4,1.8033,BD ( 1) N 13- O 14,BD*( 1) C 11- C 12,1.67,1.09,0.038
mol_021_E,sp4,1.8033,BD ( 1) N 13- O 14,RY ( 2) H 28,0.57,2.41,0.033
mol_021_E,sp4,1.8033,BD ( 1) O 14- H 27,RY ( 1) C 11,0.76,1.66,0.032
mol_029_Z,nbo,1.5066,LP ( 1) O 1,BD*( 2) N 2- C 3,0.83,0.72,0.022
mol_029_Z,nbo,1.5066,LP ( 1) O 1,BD*( 1) C 3- C 4,0.88,1.11,0.028
mol_029_Z,nbo,1.5066,LP ( 1) O 1,RY ( 1) H 14,1.21,2.68,0.051
mol_029_Z,nbo,1.5066,LP ( 1) O 1,RY ( 1) H 15,1.33,2.62,0.053
mol_029_Z,nbo,1.5066,LP ( 1) N 2,BD*( 1) C 3- C 4,0.64,1.0,0.023
mol_029_Z,nbo,1.5066,LP ( 1) N 2,BD*( 1) C 3- C 13,8.29,1.06,0.084
mol_029_Z,nbo,1.5066,LP ( 1) N 2,RY ( 8) N 2,0.6,2.78,0.036
mol_029_Z,nbo,1.5066,LP ( 1) N 2,RY ( 1) C 3,6.28,1.58,0.089
mol_029_Z,nbo,1.5066,LP ( 1) F 12,BD*( 1) C 10- C 11,0.62,1.63,0.028
mol_029_Z,nbo,1.5066,LP ( 1) F 12,BD*( 1) C 11- C 13,1.15,1.6,0.038
mol_029_Z,nbo,1.5066,LP ( 1) F 12,RY ( 1) C 11,6.02,2.14,0.101
mol_029_Z,nbo,1.5066,LP ( 2) F 12,BD*( 1) C 10- C 11,6.81,1.18,0.08
mol_029_Z,nbo,1.5066,LP ( 2) F 12,BD*( 1) C 11- C 13,6.73,1.15,0.079
mol_029_Z,nbo,1.5066,LP ( 2) F 12,RY ( 4) C 11,1.18,2.76,0.051
mol_029_Z,nbo,1.5066,LP ( 3) F 12,BD*( 2) C 11- C 13,27.19,0.58,0.112
mol_029_Z,nbo,1.5066,LP ( 3) F 12,RY ( 3) C 11,1.69,1.93,0.051
mol_029_Z,nbo,1.5066,BD ( 1) O 1- N 2,BD*( 1) C 3- C 4,4.3,1.3,0.067
mol_029_Z,nbo,1.5066,BD ( 1) O 1- N 2,BD*( 1) C 3- C 13,0.77,1.36,0.029
mol_029_Z,nbo,1.5066,BD ( 1) O 1- N 2,RY ( 2) C 3,1.05,1.83,0.039
mol_029_Z,nbo,1.5066,BD ( 1) O 1- N 2,RY ( 3) C 3,0.74,2.52,0.039
mol_029_Z,nbo,1.5066,BD ( 1) O 1- H 14,BD*( 2) N 2- C 3,1.66,0.96,0.036
mol_029_Z,nbo,1.5066,BD ( 1) O 1- H 15,BD*( 1) N 2- C 3,1.23,1.53,0.039
mol_029_Z,nbo,1.5066,BD ( 1) N 2- C 3,BD*( 1) C 3- C 4,0.97,1.39,0.033
mol_029_Z,nbo,1.5066,BD ( 1) N 2- C 3,BD*( 1) C 3- C 13,1.77,1.45,0.045
mol_029_Z,nbo,1.5066,BD ( 1) N 2- C 3,BD*( 1) C 4- C 5,0.66,1.38,0.027
mol_029_Z,nbo,1.5066,BD ( 1) N 2- C 3,BD*( 1) C 7- C 13,0.68,1.57,0.029
mol_029_Z,nbo,1.5066,BD ( 1) N 2- C 3,RY ( 1) O 1,0.84,2.16,0.038
mol_029_Z,nbo,1.5066,BD ( 1) N 2- C 3,RY ( 1) C 4,0.72,1.76,0.032
mol_029_Z,nbo,1.5066,BD ( 1) N 2- C 3,RY ( 2) C 13,0.85,2.06,0.037
mol_029_Z,nbo,1.5066,BD ( 2) N 2- C 3,BD*( 1) O 1- H 14,1.57,0.9,0.034
mol_029_Z,nbo,1.5066,BD ( 2) N 2- C 3,BD*( 1) C 4- C 5,0.52,0.93,0.02
mol_029_Z,nbo,1.5066,BD ( 2) N 2- C 3,BD*( 1) C 4- H 17,2.46,0.95,0.043
mol_029_Z,nbo,1.5066,BD ( 2) N 2- C 3,BD*( 1) C 7- C 13,0.9,1.11,0.028
mol_029_Z,nbo,1.5066,BD ( 2) N 2- C 3,BD*( 1) C 11- C 13,1.11,1.09,0.031
mol_029_Z,nbo,1.5066,BD ( 2) N 2- C 3,BD*( 2) C 11- C 13,4.36,0.52,0.042
mol_029_Z,nbo,1.5066,BD ( 1) C 3- C 4,BD*( 1) O 1- N 2,13.0,0.8,0.091
mol_029_Z,nbo,1.5066,BD ( 1) C 3- C 4,BD*( 1) N 2- C 3,1.02,1.3,0.033
mol_029_Z,nbo,1.5066,BD ( 1) C 3- C 4,BD*( 1) C 3- C 13,0.89,1.19,0.029
mol_029_Z,nbo,1.5066,BD ( 1) C 3- C 4,BD*( 1) C 5- H 18,0.87,1.17,0.028
mol_029_Z,nbo,1.5066,BD ( 1) C 3- C 4,BD*( 1) C 11- C 13,1.88,1.28,0.044
mol_029_Z,nbo,1.5066,BD ( 1) C 3- C 4,BD*( 2) C 11- C 13,1.45,0.71,0.029
mol_029_Z,nbo,1.5066,BD ( 1) C 3- C 4,RY ( 1) N 2,1.83,1.54,0.047
mol_029_Z,nbo,1.5066,BD ( 1) C 3- C 4,RY ( 2) C 13,1.15,1.79,0.041
mol_029_Z,nbo,1.5066,BD ( 1) C 3- C 13,BD*( 1) O 1- N 2,2.28,0.84,0.039
mol_029_Z,nbo,1.5066,BD ( 1) C 3- C 13,BD*( 1) N 2- C 3,1.11,1.34,0.035
mol_029_Z,nbo,1.5066,BD ( 1) C 3- C 13,BD*( 1) C 3- C 4,1.14,1.17,0.033
mol_029_Z,nbo,1.5066,BD ( 1) C 3- C 13,BD*( 1) C 4- H 16,0.86,1.19,0.029
mol_029_Z,nbo,1.5066,BD ( 1) C 3- C 13,BD*( 1) C 7- C 8,2.66,1.37,0.054
mol_029_Z,nbo,1.5066,BD ( 1) C 3- C 13,BD*( 1) C 7- C 13,3.04,1.35,0.057
mol_029_Z,nbo,1.5066,BD ( 1) C 3- C 13,BD*( 1) C 10- C 11,1.79,1.35,0.044
mol_029_Z,nbo,1.5066,BD ( 1) C 3- C 13,BD*( 1) C 11- F 12,0.77,1.04,0.025
mol_029_Z,nbo,1.5066,BD ( 1) C 3- C 13,BD*( 1) C 11- C 13,2.38,1.32,0.05
mol_029_Z,nbo,1.5066,BD ( 1) C 3- C 13,RY ( 1) N 2,1.45,1.58,0.043
mol_029_Z,nbo,1.5066,BD ( 1) C 3- C 13,RY ( 1) C 4,1.4,1.54,0.042
mol_029_Z,nbo,1.5066,BD ( 1) C 3- C 13,RY ( 1) C 7,1.51,2.29,0.053
mol_029_Z,nbo,1.5066,BD ( 1) C 3- C 13,RY ( 1) C 11,1.26,1.86,0.043
mol_029_Z,nbo,1.5066,BD ( 1) C 3- C 13,RY ( 7) C 11,0.71,3.38,0.044
mol_029_Z,nbo,1.5066,BD ( 1) C 4- C 5,BD*( 1) O 1- N 2,0.62,0.75,0.019
mol_029_Z,nbo,1.5066,BD ( 1) C 4- C 5,BD*( 1) N 2- C 3,2.42,1.25,0.049
mol_029_Z,nbo,1.5066,BD ( 1) C 4- C 5,BD*( 2) N 2- C 3,1.05,0.68,0.024
mol_029_Z,nbo,1.5066,BD ( 1) C 4- C 5,BD*( 1) C 3- C 4,0.53,1.08,0.021
mol_029_Z,nbo,1.5066,BD ( 1) C 4- C 5,BD*( 1) C 4- H 16,0.51,1.1,0.021
mol_029_Z,nbo,1.5066,BD ( 1) C 4- C 5,BD*( 1) C 4- H 17,0.5,1.1,0.021
mol_029_Z,nbo,1.5066,BD ( 1) C 4- C 5,BD*( 1) C 6- H 20,1.76,1.12,0.04
mol_029_Z,nbo,1.5066,BD ( 1) C 4- C 5,RY ( 3) C 3,0.63,2.3,0.034
mol_029_Z,nbo,1.5066,BD ( 1) C 4- C 5,RY ( 1) C 6,0.56,1.6,0.027
mol_029_Z,nbo,1.5066,BD ( 1) C 4- H 16,BD*( 1) N 2- C 3,0.81,1.2,0.028
mol_029_Z,nbo,1.5066,BD ( 1) C 4- H 16,BD*( 2) N 2- C 3,2.93,0.63,0.038
mol_029_Z,nbo,1.5066,BD ( 1) C 4- H 16,BD*( 1) C 3- C 13,3.72,1.08,0.057
mol_029_Z,nbo,1.5066,BD ( 1) C 4- H 16,BD*( 1) C 5- H 18,1.11,1.06,0.031
mol_029_Z,nbo,1.5066,BD ( 1) C 4- H 16,BD*( 1) C 5- H 19,1.72,1.05,0.038
mol_029_Z,nbo,1.5066,BD ( 1) C 4- H 16,RY ( 1) C 5,0.61,1.51,0.027
mol_029_Z,nbo,1.5066,BD ( 1) C 4- H 17,BD*( 2) N 2- C 3,11.31,0.62,0.075
mol_029_Z,nbo,1.5066,BD ( 1) C 4- H 17,BD*( 1) C 5- C 6,2.22,1.02,0.042
mol_029_Z,nbo,1.5066,BD ( 1) C 4- H 17,BD*( 1) C 5- H 19,1.21,1.05,0.032
mol_029_Z,nbo,1.5066,BD ( 1) C 4- H 17,RY ( 2) C 3,0.68,1.55,0.029
mol_029_Z,nbo,1.5066,BD ( 1) C 4- H 17,RY ( 2) C 5,0.5,1.36,0.023
mol_029_Z,nbo,1.5066,BD ( 1) C 5- C 6,BD*( 1) C 4- H 17,1.27,1.09,0.033
mol_029_Z,nbo,1.5066,BD ( 1) C 5- C 6,BD*( 1) C 6- C 7,0.91,1.12,0.028
mol_029_Z,nbo,1.5066,BD ( 1) C 5- C 6,BD*( 1) C 6- H 20,0.53,1.11,0.022
mol_029_Z,nbo,1.5066,BD ( 1) C 5- C 6,BD*( 1) C 7- C 8,2.45,1.28,0.05
mol_029_Z,nbo,1.5066,BD ( 1) C 5- C 6,BD*( 2) C 7- C 8,3.34,0.69,0.043
mol_029_Z,nbo,1.5066,BD ( 1) C 5- C 6,RY ( 2) C 4,0.73,1.35,0.028
mol_029_Z,nbo,1.5066,BD ( 1) C 5- C 6,RY ( 2) C 7,1.59,1.65,0.046
mol_029_Z,nbo,1.5066,BD ( 1) C 5- H 18,BD*( 1) C 3- C 4,2.57,1.01,0.046
mol_029_Z,nbo,1.5066,BD ( 1) C 5- H 18,BD*( 1) C 4- H 16,1.19,1.03,0.031
mol_029_Z,nbo,1.5066,BD ( 1) C 5- H 18,BD*( 1) C 6- C 7,2.92,1.05,0.049
mol_029_Z,nbo,1.5066,BD ( 1) C 5- H 19,BD*( 1) C 4- H 16,1.94,1.03,0.04
mol_029_Z,nbo,1.5066,BD ( 1) C 5- H 19,BD*( 1) C 4- H 17,1.17,1.03,0.031
mol_029_Z,nbo,1.5066,BD ( 1) C 5- H 19,BD*( 1) C 6- H 21,3.33,1.03,0.052
mol_029_Z,nbo,1.5066,BD ( 1) C 5- H 19,RY ( 2) C 4,0.54,1.29,0.024
mol_029_Z,nbo,1.5066,BD ( 1) C 5- H 19,RY ( 1) C 6,0.66,1.53,0.028
mol_029_Z,nbo,1.5066,BD ( 1) C 6- C 7,BD*( 1) C 5- C 6,0.74,1.1,0.026
mol_029_Z,nbo,1.5066,BD ( 1) C 6- C 7,BD*( 1) C 5- H 18,1.72,1.14,0.04
mol_029_Z,nbo,1.5066,BD ( 1) C 6- C 7,BD*( 1) C 6- H 20,0.54,1.14,0.022
mol_029_Z,nbo,1.5066,BD ( 1) C 6- C 7,BD*( 1) C 7- C 8,1.84,1.3,0.044
mol_029_Z,nbo,1.5066,BD ( 1) C 6- C 7,BD*( 1) C 7- C 13,1.42,1.28,0.038
mol_029_Z,nbo,1.5066,BD ( 1) C 6- C 7,BD*( 1) C 8- C 9,2.11,1.29,0.047
mol_029_Z,nbo,1.5066,BD ( 1) C 6- C 7,BD*( 1) C 8- H 22,0.51,1.16,0.022
mol_029_Z,nbo,1.5066,BD ( 1) C 6- C 7,BD*( 1) C 11- C 13,2.93,1.25,0.054
mol_029_Z,nbo,1.5066,BD ( 1) C 6- C 7,RY ( 1) C 5,1.35,1.58,0.041
mol_029_Z,nbo,1.5066,BD ( 1) C 6- C 7,RY ( 1) C 8,1.96,1.93,0.055
mol_029_Z,nbo,1.5066,BD ( 1) C 6- C 7,RY ( 1) C 13,1.16,1.97,0.043
mol_029_Z,nbo,1.5066,BD ( 1) C 6- H 20,BD*( 1) C 4- C 5,3.31,1.0,0.051
mol_029_Z,nbo,1.5066,BD ( 1) C 6- H 20,BD*( 1) C 7- C 13,4.42,1.19,0.065
mol_029_Z,nbo,1.5066,BD ( 1) C 6- H 21,BD*( 1) C 5- H 19,3.08,1.04,0.051
mol_029_Z,nbo,1.5066,BD ( 1) C 6- H 21,BD*( 1) C 7- C 8,1.2,1.21,0.034
mol_029_Z,nbo,1.5066,BD ( 1) C 6- H 21,BD*( 2) C 7- C 8,7.02,0.63,0.059
mol_029_Z,nbo,1.5066,BD ( 1) C 7- C 8,BD*( 1) C 3- C 13,3.06,1.22,0.055
mol_029_Z,nbo,1.5066,BD ( 1) C 7- C 8,BD*( 1) C 6- C 7,1.84,1.21,0.042
mol_029_Z,nbo,1.5066,BD ( 1) C 7- C 8,BD*( 1) C 7- C 13,2.72,1.34,0.054
mol_029_Z,nbo,1.5066,BD ( 1) C 7- C 8,BD*( 1) C 8- C 9,2.71,1.35,0.054
mol_029_Z,nbo,1.5066,BD ( 1) C 7- C 8,BD*( 1) C 8- H 22,1.25,1.22,0.035
mol_029_Z,nbo,1.5066,BD ( 1) C 7- C 8,BD*( 1) C 9- H 23,2.05,1.22,0.045
mol_029_Z,nbo,1.5066,BD ( 1) C 7- C 8,RY ( 1) C 6,1.12,1.68,0.039
mol_029_Z,nbo,1.5066,BD ( 1) C 7- C 8,RY ( 1) C 9,1.26,2.0,0.045
mol_029_Z,nbo,1.5066,BD ( 1) C 7- C 8,RY ( 2) C 9,1.18,2.23,0.046
mol_029_Z,nbo,1.5066,BD ( 1) C 7- C 8,RY ( 1) C 13,1.32,2.03,0.046
mol_029_Z,nbo,1.5066,BD ( 2) C 7- C 8,BD*( 1) C 5- C 6,2.06,0.78,0.036
mol_029_Z,nbo,1.5066,BD ( 2) C 7- C 8,BD*( 1) C 6- H 21,4.07,0.8,0.051
mol_029_Z,nbo,1.5066,BD ( 2) C 7- C 8,BD*( 2) C 9- C 10,43.01,0.38,0.115
mol_029_Z,nbo,1.5066,BD ( 2) C 7- C 8,BD*( 2) C 11- C 13,33.04,0.36,0.098
mol_029_Z,nbo,1.5066,BD ( 2) C 7- C 8,RY ( 3) C 9,0.89,1.94,0.037
mol_029_Z,nbo,1.5066,BD ( 2) C 7- C 8,RY ( 4) C 9,0.72,1.03,0.024
mol_029_Z,nbo,1.5066,BD ( 1) C 7- C 13,BD*( 1) N 2- C 3,2.46,1.33,0.051
mol_029_Z,nbo,1.5066,BD ( 1) C 7- C 13,BD*( 2) N 2- C 3,1.27,0.76,0.028
mol_029_Z,nbo,1.5066,BD ( 1) C 7- C 13,BD*( 1) C 3- C 13,3.24,1.22,0.056
mol_029_Z,nbo,1.5066,BD ( 1) C 7- C 13,BD*( 1) C 6- C 7,1.32,1.2,0.036
mol_029_Z,nbo,1.5066,BD ( 1) C 7- C 13,BD*( 1) C 6- H 20,0.93,1.2,0.03
mol_029_Z,nbo,1.5066,BD ( 1) C 7- C 13,BD*( 1) C 7- C 8,2.47,1.36,0.052
mol_029_Z,nbo,1.5066,BD ( 1) C 7- C 13,BD*( 1) C 8- H 22,2.36,1.22,0.048
mol_029_Z,nbo,1.5066,BD ( 1) C 7- C 13,BD*( 1) C 11- F 12,4.49,1.03,0.061
mol_029_Z,nbo,1.5066,BD ( 1) C 7- C 13,BD*( 1) C 11- C 13,3.99,1.31,0.065
mol_029_Z,nbo,1.5066,BD ( 1) C 7- C 13,RY ( 2) C 3,1.01,1.69,0.037
mol_029_Z,nbo,1.5066,BD ( 1) C 7- C 13,RY ( 1) C 6,1.47,1.68,0.044
mol_029_Z,nbo,1.5066,BD ( 1) C 7- C 13,RY ( 1) C 8,1.68,1.99,0.052
mol_029_Z,nbo,1.5066,BD ( 1) C 7- C 13,RY ( 2) C 8,0.78,2.03,0.036
mol_029_Z,nbo,1.5066,BD ( 1) C 7- C 13,RY ( 4) C 11,0.88,2.92,0.045
mol_029_Z,nbo,1.5066,BD ( 1) C 7- C 13,RY ( 4) C 13,0.91,4.83,0.059
mol_029_Z,nbo,1.5066,BD ( 1) C 7- C 13,RY ( 9) C 13,0.64,5.48,0.053
mol_029_Z,nbo,1.5066,BD ( 1) C 7- C 13,RY (17) C 13,0.74,8.69,0.072
mol_029_Z,nbo,1.5066,BD ( 1) C 8- C 9,BD*( 1) C 6- C 7,3.64,1.2,0.059
mol_029_Z,nbo,1.5066,BD ( 1) C 8- C 9,BD*( 1) C 7- C 8,2.82,1.36,0.055
mol_029_Z,nbo,1.5066,BD ( 1) C 8- C 9,BD*( 1) C 8- H 22,1.0,1.22,0.031
mol_029_Z,nbo,1.5066,BD ( 1) C 8- C 9,BD*( 1) C 9- C 10,1.9,1.35,0.045
mol_029_Z,nbo,1.5066,BD ( 1) C 8- C 9,BD*( 1) C 9- H 23,0.91,1.22,0.03
mol_029_Z,nbo,1.5066,BD ( 1) C 8- C 9,BD*( 1) C 10- H 24,2.41,1.21,0.048
mol_029_Z,nbo,1.5066,BD ( 1) C 8- C 9,RY ( 1) C 7,1.28,2.28,0.048
mol_029_Z,nbo,1.5066,BD ( 1) C 8- C 9,RY ( 3) C 7,0.97,2.14,0.041
mol_029_Z,nbo,1.5066,BD ( 1) C 8- C 9,RY ( 1) C 10,0.65,1.99,0.032
mol_029_Z,nbo,1.5066,BD ( 1) C 8- C 9,RY ( 2) C 10,1.49,1.93,0.048
mol_029_Z,nbo,1.5066,BD ( 1) C 8- C 9,RY ( 1) H 23,0.54,1.78,0.028
mol_029_Z,nbo,1.5066,BD ( 1) C 8- H 22,BD*( 1) C 6- C 7,0.51,1.08,0.021
mol_029_Z,nbo,1.5066,BD ( 1) C 8- H 22,BD*( 1) C 7- C 8,0.86,1.23,0.029
mol_029_Z,nbo,1.5066,BD ( 1) C 8- H 22,BD*( 1) C 7- C 13,4.92,1.21,0.069
mol_029_Z,nbo,1.5066,BD ( 1) C 8- H 22,BD*( 1) C 8- C 9,0.62,1.23,0.025
mol_029_Z,nbo,1.5066,BD ( 1) C 8- H 22,BD*( 1) C 9- C 10,3.6,1.22,0.059
mol_029_Z,nbo,1.5066,BD ( 1) C 8- H 22,BD*( 1) C 9- H 23,0.92,1.1,0.028
mol_029_Z,nbo,1.5066,BD ( 1) C 8- H 22,RY ( 1) C 7,1.4,2.16,0.049
mol_029_Z,nbo,1.5066,BD ( 1) C 8- H 22,RY ( 1) C 9,1.25,1.87,0.043
mol_029_Z,nbo,1.5066,BD ( 1) C 9- C 10,BD*( 1) C 8- C 9,1.93,1.36,0.046
mol_029_Z,nbo,1.5066,BD ( 1) C 9- C 10,BD*( 1) C 8- H 22,2.39,1.22,0.048
mol_029_Z,nbo,1.5066,BD ( 1) C 9- C 10,BD*( 1) C 9- H 23,0.72,1.23,0.026
mol_029_Z,nbo,1.5066,BD ( 1) C 9- C 10,BD*( 1) C 10- C 11,2.03,1.34,0.047
mol_029_Z,nbo,1.5066,BD ( 1) C 9- C 10,BD*( 1) C 10- H 24,1.45,1.21,0.037
mol_029_Z,nbo,1.5066,BD ( 1) C 9- C 10,BD*( 1) C 11- F 12,5.19,1.03,0.065
mol_029_Z,nbo,1.5066,BD ( 1) C 9- C 10,RY ( 1) C 8,1.04,1.99,0.041
mol_029_Z,nbo,1.5066,BD ( 1) C 9- C 10,RY ( 2) C 8,1.64,2.04,0.052
mol_029_Z,nbo,1.5066,BD ( 1) C 9- C 10,RY ( 2) C 11,1.13,2.2,0.044
mol_029_Z,nbo,1.5066,BD ( 1) C 9- C 10,RY ( 4) C 11,0.81,2.93,0.043
mol_029_Z,nbo,1.5066,BD ( 1) C 9- C 10,RY ( 1) H 24,0.6,1.54,0.027
mol_029_Z,nbo,1.5066,BD ( 2) C 9- C 10,BD*( 2) C 7- C 8,28.05,0.4,0.095
mol_029_Z,nbo,1.5066,BD ( 2) C 9- C 10,BD*( 2) C 11- C 13,47.26,0.37,0.118
mol_029_Z,nbo,1.5066,BD ( 2) C 9- C 10,RY ( 3) C 8,0.54,1.08,0.022
mol_029_Z,nbo,1.5066,BD ( 2) C 9- C 10,RY ( 4) C 8,0.66,1.96,0.032
mol_029_Z,nbo,1.5066,BD ( 2) C 9- C 10,RY ( 8) C 11,0.71,1.59,0.03
mol_029_Z,nbo,1.5066,BD ( 1) C 9- H 23,BD*( 1) C 7- C 8,3.68,1.24,0.06
mol_029_Z,nbo,1.5066,BD ( 1) C 9- H 23,BD*( 1) C 8- H 22,0.96,1.1,0.029
mol_029_Z,nbo,1.5066,BD ( 1) C 9- H 23,BD*( 1) C 10- C 11,3.25,1.21,0.056
mol_029_Z,nbo,1.5066,BD ( 1) C 9- H 23,BD*( 1) C 10- H 24,0.89,1.09,0.028
mol_029_Z,nbo,1.5066,BD ( 1) C 9- H 23,RY ( 1) C 8,1.0,1.87,0.039
mol_029_Z,nbo,1.5066,BD ( 1) C 9- H 23,RY ( 1) C 10,0.95,1.87,0.038
mol_029_Z,nbo,1.5066,BD ( 1) C 10- C 11,BD*( 1) C 3- C 13,3.16,1.26,0.056
mol_029_Z,nbo,1.5066,BD ( 1) C 10- C 11,BD*( 1) C 9- C 10,2.07,1.38,0.048
mol_029_Z,nbo,1.5066,BD ( 1) C 10- C 11,BD*( 1) C 9- H 23,2.18,1.26,0.047
mol_029_Z,nbo,1.5066,BD ( 1) C 10- C 11,BD*( 1) C 10- H 24,1.05,1.25,0.032
mol_029_Z,nbo,1.5066,BD ( 1) C 10- C 11,BD*( 1) C 11- C 13,4.1,1.35,0.066
mol_029_Z,nbo,1.5066,BD ( 1) C 10- C 11,RY ( 1) C 9,1.24,2.04,0.045
mol_029_Z,nbo,1.5066,BD ( 1) C 10- C 11,RY ( 2) C 9,1.22,2.26,0.047
mol_029_Z,nbo,1.5066,BD ( 1) C 10- C 11,RY ( 1) C 13,1.97,2.06,0.057
mol_029_Z,nbo,1.5066,BD ( 1) C 10- H 24,BD*( 1) C 8- C 9,3.35,1.24,0.057
mol_029_Z,nbo,1.5066,BD ( 1) C 10- H 24,BD*( 1) C 9- C 10,0.86,1.23,0.029
mol_029_Z,nbo,1.5066,BD ( 1) C 10- H 24,BD*( 1) C 9- H 23,0.85,1.11,0.027
mol_029_Z,nbo,1.5066,BD ( 1) C 10- H 24,BD*( 1) C 10- C 11,0.59,1.22,0.024
mol_029_Z,nbo,1.5066,BD ( 1) C 10- H 24,BD*( 1) C 11- F 12,2.59,0.91,0.043
mol_029_Z,nbo,1.5066,BD ( 1) C 10- H 24,BD*( 1) C 11- C 13,4.02,1.2,0.062
mol_029_Z,nbo,1.5066,BD ( 1) C 10- H 24,RY ( 1) C 9,1.08,1.89,0.04
mol_029_Z,nbo,1.5066,BD ( 1) C 10- H 24,RY ( 1) C 11,0.7,1.73,0.031
mol_029_Z,nbo,1.5066,BD ( 1) C 11- F 12,BD*( 1) C 7- C 13,1.36,1.67,0.042
mol_029_Z,nbo,1.5066,BD ( 1) C 11- F 12,BD*( 1) C 9- C 10,0.92,1.68,0.035
mol_029_Z,nbo,1.5066,BD ( 1) C 11- C 13,BD*( 2) N 2- C 3,0.91,0.8,0.024
mol_029_Z,nbo,1.5066,BD ( 1) C 11- C 13,BD*( 1) C 3- C 4,1.14,1.2,0.033
mol_029_Z,nbo,1.5066,BD ( 1) C 11- C 13,BD*( 1) C 3- C 13,3.03,1.26,0.055
mol_029_Z,nbo,1.5066,BD ( 1) C 11- C 13,BD*( 1) C 6- C 7,2.5,1.24,0.05
mol_029_Z,nbo,1.5066,BD ( 1) C 11- C 13,BD*( 1) C 7- C 13,4.4,1.37,0.069
mol_029_Z,nbo,1.5066,BD ( 1) C 11- C 13,BD*( 1) C 10- C 11,3.71,1.37,0.064
mol_029_Z,nbo,1.5066,BD ( 1) C 11- C 13,BD*( 1) C 10- H 24,1.64,1.25,0.04
mol_029_Z,nbo,1.5066,BD ( 1) C 11- C 13,RY ( 1) C 3,0.74,1.78,0.032
mol_029_Z,nbo,1.5066,BD ( 1) C 11- C 13,RY ( 2) C 3,0.52,1.73,0.027
mol_029_Z,nbo,1.5066,BD ( 1) C 11- C 13,RY ( 5) C 3,0.65,3.33,0.041
mol_029_Z,nbo,1.5066,BD ( 1) C 11- C 13,RY ( 9) C 3,0.53,4.48,0.043
mol_029_Z,nbo,1.5066,BD ( 1) C 11- C 13,RY ( 1) C 7,1.13,2.32,0.046
mol_029_Z,nbo,1.5066,BD ( 1) C 11- C 13,RY ( 3) C 7,0.94,2.18,0.04
mol_029_Z,nbo,1.5066,BD ( 1) C 11- C 13,RY ( 5) C 7,0.62,3.54,0.042
mol_029_Z,nbo,1.5066,BD ( 1) C 11- C 13,RY ( 1) C 10,1.49,2.03,0.049
mol_029_Z,nbo,1.5066,BD ( 1) C 11- C 13,RY ( 2) C 10,0.79,1.97,0.035
mol_029_Z,nbo,1.5066,BD ( 1) C 11- C 13,RY ( 6) C 10,0.52,2.18,0.03
mol_029_Z,nbo,1.5066,BD ( 1) C 11- C 13,RY ( 3) C 13,0.62,2.26,0.033
mol_029_Z,nbo,1.5066,BD ( 1) C 11- C 13,RY ( 4) C 13,0.98,4.87,0.062
mol_029_Z,nbo,1.5066,BD ( 1) C 11- C 13,RY (10) C 13,0.52,4.37,0.043
mol_029_Z,nbo,1.5066,BD ( 1) C 11- C 13,RY (17) C 13,0.91,8.73,0.08
mol_029_Z,nbo,1.5066,BD ( 2) C 11- C 13,BD*( 1) N 2- C 3,2.12,0.98,0.041
mol_029_Z,nbo,1.5066,BD ( 2) C 11- C 13,BD*( 2) N 2- C 3,18.91,0.41,0.079
mol_029_Z,nbo,1.5066,BD ( 2) C 11- C 13,BD*( 1) C 3- C 4,2.49,0.81,0.04
mol_029_Z,nbo,1.5066,BD ( 2) C 11- C 13,BD*( 2) C 7- C 8,34.73,0.43,0.109
mol_029_Z,nbo,1.5066,BD ( 2) C 11- C 13,BD*( 2) C 9- C 10,27.29,0.42,0.095
mol_029_Z,nbo,1.5066,BD ( 2) C 11- C 13,BD*( 2) C 11- C 13,1.25,0.39,0.02
mol_029_Z,nbo,1.5066,BD ( 2) C 11- C 13,RY ( 3) C 10,1.46,0.91,0.033
mol_029_Z,nbo,1.5066,BD ( 2) C 11- C 13,RY ( 2) F 12,0.93,1.11,0.029
mol_029_Z,scan_1,1.5066,LP ( 1) O 1,BD*( 2) N 2- C 3,0.83,0.72,0.022
mol_029_Z,scan_1,1.5066,LP ( 1) O 1,BD*( 1) C 3- C 4,0.88,1.11,0.028
mol_029_Z,scan_1,1.5066,LP ( 1) O 1,RY ( 1) H 14,1.21,2.68,0.051
mol_029_Z,scan_1,1.5066,LP ( 1) O 1,RY ( 1) H 15,1.33,2.62,0.053
mol_029_Z,scan_1,1.5066,LP ( 1) N 2,BD*( 1) C 3- C 4,0.64,1.0,0.023
mol_029_Z,scan_1,1.5066,LP ( 1) N 2,BD*( 1) C 3- C 13,8.29,1.06,0.084
mol_029_Z,scan_1,1.5066,LP ( 1) N 2,RY ( 8) N 2,0.6,2.78,0.036
mol_029_Z,scan_1,1.5066,LP ( 1) N 2,RY ( 1) C 3,6.28,1.58,0.089
mol_029_Z,scan_1,1.5066,LP ( 1) F 12,BD*( 1) C 10- C 11,0.62,1.63,0.028
mol_029_Z,scan_1,1.5066,LP ( 1) F 12,BD*( 1) C 11- C 13,1.15,1.6,0.038
mol_029_Z,scan_1,1.5066,LP ( 1) F 12,RY ( 1) C 11,6.02,2.14,0.101
mol_029_Z,scan_1,1.5066,LP ( 2) F 12,BD*( 1) C 10- C 11,6.81,1.18,0.08
mol_029_Z,scan_1,1.5066,LP ( 2) F 12,BD*( 1) C 11- C 13,6.73,1.15,0.079
mol_029_Z,scan_1,1.5066,LP ( 2) F 12,RY ( 4) C 11,1.18,2.76,0.051
mol_029_Z,scan_1,1.5066,LP ( 3) F 12,BD*( 2) C 11- C 13,27.19,0.58,0.112
mol_029_Z,scan_1,1.5066,LP ( 3) F 12,RY ( 3) C 11,1.69,1.93,0.051
mol_029_Z,scan_1,1.5066,BD ( 1) O 1- N 2,BD*( 1) C 3- C 4,4.3,1.3,0.067
mol_029_Z,scan_1,1.5066,BD ( 1) O 1- N 2,BD*( 1) C 3- C 13,0.77,1.36,0.029
mol_029_Z,scan_1,1.5066,BD ( 1) O 1- N 2,RY ( 2) C 3,1.05,1.83,0.039
mol_029_Z,scan_1,1.5066,BD ( 1) O 1- N 2,RY ( 3) C 3,0.74,2.52,0.039
mol_029_Z,scan_1,1.5066,BD ( 1) O 1- H 14,BD*( 2) N 2- C 3,1.66,0.96,0.036
mol_029_Z,scan_1,1.5066,BD ( 1) O 1- H 15,BD*( 1) N 2- C 3,1.23,1.53,0.039
mol_029_Z,scan_1,1.5066,BD ( 1) N 2- C 3,BD*( 1) C 3- C 4,0.97,1.39,0.033
mol_029_Z,scan_1,1.5066,BD ( 1) N 2- C 3,BD*( 1) C 3- C 13,1.77,1.45,0.045
mol_029_Z,scan_1,1.5066,BD ( 1) N 2- C 3,BD*( 1) C 4- C 5,0.66,1.38,0.027
mol_029_Z,scan_1,1.5066,BD ( 1) N 2- C 3,BD*( 1) C 7- C 13,0.68,1.57,0.029
mol_029_Z,scan_1,1.5066,BD ( 1) N 2- C 3,RY ( 1) O 1,0.84,2.16,0.038
mol_029_Z,scan_1,1.5066,BD ( 1) N 2- C 3,RY ( 1) C 4,0.72,1.76,0.032
mol_029_Z,scan_1,1.5066,BD ( 1) N 2- C 3,RY ( 2) C 13,0.85,2.06,0.037
mol_029_Z,scan_1,1.5066,BD ( 2) N 2- C 3,BD*( 1) O 1- H 14,1.57,0.9,0.034
mol_029_Z,scan_1,1.5066,BD ( 2) N 2- C 3,BD*( 1) C 4- C 5,0.52,0.93,0.02
mol_029_Z,scan_1,1.5066,BD ( 2) N 2- C 3,BD*( 1) C 4- H 17,2.46,0.95,0.043
mol_029_Z,scan_1,1.5066,BD ( 2) N 2- C 3,BD*( 1) C 7- C 13,0.9,1.11,0.028
mol_029_Z,scan_1,1.5066,BD ( 2) N 2- C 3,BD*( 1) C 11- C 13,1.11,1.09,0.031
mol_029_Z,scan_1,1.5066,BD ( 2) N 2- C 3,BD*( 2) C 11- C 13,4.36,0.52,0.042
mol_029_Z,scan_1,1.5066,BD ( 1) C 3- C 4,BD*( 1) O 1- N 2,13.0,0.8,0.091
mol_029_Z,scan_1,1.5066,BD ( 1) C 3- C 4,BD*( 1) N 2- C 3,1.02,1.3,0.033
mol_029_Z,scan_1,1.5066,BD ( 1) C 3- C 4,BD*( 1) C 3- C 13,0.89,1.19,0.029
mol_029_Z,scan_1,1.5066,BD ( 1) C 3- C 4,BD*( 1) C 5- H 18,0.87,1.17,0.028
mol_029_Z,scan_1,1.5066,BD ( 1) C 3- C 4,BD*( 1) C 11- C 13,1.88,1.28,0.044
mol_029_Z,scan_1,1.5066,BD ( 1) C 3- C 4,BD*( 2) C 11- C 13,1.45,0.71,0.029
mol_029_Z,scan_1,1.5066,BD ( 1) C 3- C 4,RY ( 1) N 2,1.83,1.54,0.047
mol_029_Z,scan_1,1.5066,BD ( 1) C 3- C 4,RY ( 2) C 13,1.15,1.79,0.041
mol_029_Z,scan_1,1.5066,BD ( 1) C 3- C 13,BD*( 1) O 1- N 2,2.28,0.84,0.039
mol_029_Z,scan_1,1.5066,BD ( 1) C 3- C 13,BD*( 1) N 2- C 3,1.11,1.34,0.035
mol_029_Z,scan_1,1.5066,BD ( 1) C 3- C 13,BD*( 1) C 3- C 4,1.14,1.17,0.033
mol_029_Z,scan_1,1.5066,BD ( 1) C 3- C 13,BD*( 1) C 4- H 16,0.86,1.19,0.029
mol_029_Z,scan_1,1.5066,BD ( 1) C 3- C 13,BD*( 1) C 7- C 8,2.66,1.37,0.054
mol_029_Z,scan_1,1.5066,BD ( 1) C 3- C 13,BD*( 1) C 7- C 13,3.04,1.35,0.057
mol_029_Z,scan_1,1.5066,BD ( 1) C 3- C 13,BD*( 1) C 10- C 11,1.79,1.35,0.044
mol_029_Z,scan_1,1.5066,BD ( 1) C 3- C 13,BD*( 1) C 11- F 12,0.77,1.04,0.025
mol_029_Z,scan_1,1.5066,BD ( 1) C 3- C 13,BD*( 1) C 11- C 13,2.38,1.32,0.05
mol_029_Z,scan_1,1.5066,BD ( 1) C 3- C 13,RY ( 1) N 2,1.45,1.58,0.043
mol_029_Z,scan_1,1.5066,BD ( 1) C 3- C 13,RY ( 1) C 4,1.4,1.54,0.042
mol_029_Z,scan_1,1.5066,BD ( 1) C 3- C 13,RY ( 1) C 7,1.51,2.29,0.053
mol_029_Z,scan_1,1.5066,BD ( 1) C 3- C 13,RY ( 1) C 11,1.26,1.86,0.043
mol_029_Z,scan_1,1.5066,BD ( 1) C 3- C 13,RY ( 7) C 11,0.71,3.38,0.044
mol_029_Z,scan_1,1.5066,BD ( 1) C 4- C 5,BD*( 1) O 1- N 2,0.62,0.75,0.019
mol_029_Z,scan_1,1.5066,BD ( 1) C 4- C 5,BD*( 1) N 2- C 3,2.42,1.25,0.049
mol_029_Z,scan_1,1.5066,BD ( 1) C 4- C 5,BD*( 2) N 2- C 3,1.05,0.68,0.024
mol_029_Z,scan_1,1.5066,BD ( 1) C 4- C 5,BD*( 1) C 3- C 4,0.53,1.08,0.021
mol_029_Z,scan_1,1.5066,BD ( 1) C 4- C 5,BD*( 1) C 4- H 16,0.51,1.1,0.021
mol_029_Z,scan_1,1.5066,BD ( 1) C 4- C 5,BD*( 1) C 4- H 17,0.5,1.1,0.021
mol_029_Z,scan_1,1.5066,BD ( 1) C 4- C 5,BD*( 1) C 6- H 20,1.76,1.12,0.04
mol_029_Z,scan_1,1.5066,BD ( 1) C 4- C 5,RY ( 3) C 3,0.63,2.3,0.034
mol_029_Z,scan_1,1.5066,BD ( 1) C 4- C 5,RY ( 1) C 6,0.56,1.6,0.027
mol_029_Z,scan_1,1.5066,BD ( 1) C 4- H 16,BD*( 1) N 2- C 3,0.81,1.2,0.028
mol_029_Z,scan_1,1.5066,BD ( 1) C 4- H 16,BD*( 2) N 2- C 3,2.93,0.63,0.038
mol_029_Z,scan_1,1.5066,BD ( 1) C 4- H 16,BD*( 1) C 3- C 13,3.72,1.08,0.057
mol_029_Z,scan_1,1.5066,BD ( 1) C 4- H 16,BD*( 1) C 5- H 18,1.11,1.06,0.031
mol_029_Z,scan_1,1.5066,BD ( 1) C 4- H 16,BD*( 1) C 5- H 19,1.72,1.05,0.038
mol_029_Z,scan_1,1.5066,BD ( 1) C 4- H 16,RY ( 1) C 5,0.61,1.51,0.027
mol_029_Z,scan_1,1.5066,BD ( 1) C 4- H 17,BD*( 2) N 2- C 3,11.31,0.62,0.075
mol_029_Z,scan_1,1.5066,BD ( 1) C 4- H 17,BD*( 1) C 5- C 6,2.22,1.02,0.042
mol_029_Z,scan_1,1.5066,BD ( 1) C 4- H 17,BD*( 1) C 5- H 19,1.21,1.05,0.032
mol_029_Z,scan_1,1.5066,BD ( 1) C 4- H 17,RY ( 2) C 3,0.68,1.55,0.029
mol_029_Z,scan_1,1.5066,BD ( 1) C 4- H 17,RY ( 2) C 5,0.5,1.36,0.023
mol_029_Z,scan_1,1.5066,BD ( 1) C 5- C 6,BD*( 1) C 4- H 17,1.27,1.09,0.033
mol_029_Z,scan_1,1.5066,BD ( 1) C 5- C 6,BD*( 1) C 6- C 7,0.91,1.12,0.028
mol_029_Z,scan_1,1.5066,BD ( 1) C 5- C 6,BD*( 1) C 6- H 20,0.53,1.11,0.022
mol_029_Z,scan_1,1.5066,BD ( 1) C 5- C 6,BD*( 1) C 7- C 8,2.45,1.28,0.05
mol_029_Z,scan_1,1.5066,BD ( 1) C 5- C 6,BD*( 2) C 7- C 8,3.34,0.69,0.043
mol_029_Z,scan_1,1.5066,BD ( 1) C 5- C 6,RY ( 2) C 4,0.73,1.35,0.028
mol_029_Z,scan_1,1.5066,BD ( 1) C 5- C 6,RY ( 2) C 7,1.59,1.65,0.046
mol_029_Z,scan_1,1.5066,BD ( 1) C 5- H 18,BD*( 1) C 3- C 4,2.57,1.01,0.046
mol_029_Z,scan_1,1.5066,BD ( 1) C 5- H 18,BD*( 1) C 4- H 16,1.19,1.03,0.031
mol_029_Z,scan_1,1.5066,BD ( 1) C 5- H 18,BD*( 1) C 6- C 7,2.92,1.05,0.049
mol_029_Z,scan_1,1.5066,BD ( 1) C 5- H 19,BD*( 1) C 4- H 16,1.94,1.03,0.04
mol_029_Z,scan_1,1.5066,BD ( 1) C 5- H 19,BD*( 1) C 4- H 17,1.17,1.03,0.031
mol_029_Z,scan_1,1.5066,BD ( 1) C 5- H 19,BD*( 1) C 6- H 21,3.33,1.03,0.052
mol_029_Z,scan_1,1.5066,BD ( 1) C 5- H 19,RY ( 2) C 4,0.54,1.29,0.024
mol_029_Z,scan_1,1.5066,BD ( 1) C 5- H 19,RY ( 1) C 6,0.66,1.53,0.028
mol_029_Z,scan_1,1.5066,BD ( 1) C 6- C 7,BD*( 1) C 5- C 6,0.74,1.1,0.026
mol_029_Z,scan_1,1.5066,BD ( 1) C 6- C 7,BD*( 1) C 5- H 18,1.72,1.14,0.04
mol_029_Z,scan_1,1.5066,BD ( 1) C 6- C 7,BD*( 1) C 6- H 20,0.54,1.14,0.022
mol_029_Z,scan_1,1.5066,BD ( 1) C 6- C 7,BD*( 1) C 7- C 8,1.84,1.3,0.044
mol_029_Z,scan_1,1.5066,BD ( 1) C 6- C 7,BD*( 1) C 7- C 13,1.42,1.28,0.038
mol_029_Z,scan_1,1.5066,BD ( 1) C 6- C 7,BD*( 1) C 8- C 9,2.11,1.29,0.047
mol_029_Z,scan_1,1.5066,BD ( 1) C 6- C 7,BD*( 1) C 8- H 22,0.51,1.16,0.022
mol_029_Z,scan_1,1.5066,BD ( 1) C 6- C 7,BD*( 1) C 11- C 13,2.93,1.25,0.054
mol_029_Z,scan_1,1.5066,BD ( 1) C 6- C 7,RY ( 1) C 5,1.35,1.58,0.041
mol_029_Z,scan_1,1.5066,BD ( 1) C 6- C 7,RY ( 1) C 8,1.96,1.93,0.055
mol_029_Z,scan_1,1.5066,BD ( 1) C 6- C 7,RY ( 1) C 13,1.16,1.97,0.043
mol_029_Z,scan_1,1.5066,BD ( 1) C 6- H 20,BD*( 1) C 4- C 5,3.31,1.0,0.051
mol_029_Z,scan_1,1.5066,BD ( 1) C 6- H 20,BD*( 1) C 7- C 13,4.42,1.19,0.065
mol_029_Z,scan_1,1.5066,BD ( 1) C 6- H 21,BD*( 1) C 5- H 19,3.08,1.04,0.051
mol_029_Z,scan_1,1.5066,BD ( 1) C 6- H 21,BD*( 1) C 7- C 8,1.2,1.21,0.034
mol_029_Z,scan_1,1.5066,BD ( 1) C 6- H 21,BD*( 2) C 7- C 8,7.02,0.63,0.059
mol_029_Z,scan_1,1.5066,BD ( 1) C 7- C 8,BD*( 1) C 3- C 13,3.06,1.22,0.055
mol_029_Z,scan_1,1.5066,BD ( 1) C 7- C 8,BD*( 1) C 6- C 7,1.84,1.21,0.042
mol_029_Z,scan_1,1.5066,BD ( 1) C 7- C 8,BD*( 1) C 7- C 13,2.72,1.34,0.054
mol_029_Z,scan_1,1.5066,BD ( 1) C 7- C 8,BD*( 1) C 8- C 9,2.71,1.35,0.054
mol_029_Z,scan_1,1.5066,BD ( 1) C 7- C 8,BD*( 1) C 8- H 22,1.25,1.22,0.035
mol_029_Z,scan_1,1.5066,BD ( 1) C 7- C 8,BD*( 1) C 9- H 23,2.05,1.22,0.045
mol_029_Z,scan_1,1.5066,BD ( 1) C 7- C 8,RY ( 1) C 6,1.12,1.68,0.039
mol_029_Z,scan_1,1.5066,BD ( 1) C 7- C 8,RY ( 1) C 9,1.26,2.0,0.045
mol_029_Z,scan_1,1.5066,BD ( 1) C 7- C 8,RY ( 2) C 9,1.18,2.23,0.046
mol_029_Z,scan_1,1.5066,BD ( 1) C 7- C 8,RY ( 1) C 13,1.32,2.03,0.046
mol_029_Z,scan_1,1.5066,BD ( 2) C 7- C 8,BD*( 1) C 5- C 6,2.06,0.78,0.036
mol_029_Z,scan_1,1.5066,BD ( 2) C 7- C 8,BD*( 1) C 6- H 21,4.07,0.8,0.051
mol_029_Z,scan_1,1.5066,BD ( 2) C 7- C 8,BD*( 2) C 9- C 10,43.01,0.38,0.115
mol_029_Z,scan_1,1.5066,BD ( 2) C 7- C 8,BD*( 2) C 11- C 13,33.04,0.36,0.098
mol_029_Z,scan_1,1.5066,BD ( 2) C 7- C 8,RY ( 3) C 9,0.89,1.94,0.037
mol_029_Z,scan_1,1.5066,BD ( 2) C 7- C 8,RY ( 4) C 9,0.72,1.03,0.024
mol_029_Z,scan_1,1.5066,BD ( 1) C 7- C 13,BD*( 1) N 2- C 3,2.46,1.33,0.051
mol_029_Z,scan_1,1.5066,BD ( 1) C 7- C 13,BD*( 2) N 2- C 3,1.27,0.76,0.028
mol_029_Z,scan_1,1.5066,BD ( 1) C 7- C 13,BD*( 1) C 3- C 13,3.24,1.22,0.056
mol_029_Z,scan_1,1.5066,BD ( 1) C 7- C 13,BD*( 1) C 6- C 7,1.32,1.2,0.036
mol_029_Z,scan_1,1.5066,BD ( 1) C 7- C 13,BD*( 1) C 6- H 20,0.93,1.2,0.03
mol_029_Z,scan_1,1.5066,BD ( 1) C 7- C 13,BD*( 1) C 7- C 8,2.47,1.36,0.052
mol_029_Z,scan_1,1.5066,BD ( 1) C 7- C 13,BD*( 1) C 8- H 22,2.36,1.22,0.048
mol_029_Z,scan_1,1.5066,BD ( 1) C 7- C 13,BD*( 1) C 11- F 12,4.49,1.03,0.061
mol_029_Z,scan_1,1.5066,BD ( 1) C 7- C 13,BD*( 1) C 11- C 13,3.99,1.31,0.065
mol_029_Z,scan_1,1.5066,BD ( 1) C 7- C 13,RY ( 2) C 3,1.01,1.69,0.037
mol_029_Z,scan_1,1.5066,BD ( 1) C 7- C 13,RY ( 1) C 6,1.47,1.68,0.044
mol_029_Z,scan_1,1.5066,BD ( 1) C 7- C 13,RY ( 1) C 8,1.68,1.99,0.052
mol_029_Z,scan_1,1.5066,BD ( 1) C 7- C 13,RY ( 2) C 8,0.78,2.03,0.036
mol_029_Z,scan_1,1.5066,BD ( 1) C 7- C 13,RY ( 4) C 11,0.88,2.92,0.045
mol_029_Z,scan_1,1.5066,BD ( 1) C 7- C 13,RY ( 4) C 13,0.91,4.83,0.059
mol_029_Z,scan_1,1.5066,BD ( 1) C 7- C 13,RY ( 9) C 13,0.64,5.48,0.053
mol_029_Z,scan_1,1.5066,BD ( 1) C 7- C 13,RY (17) C 13,0.74,8.69,0.072
mol_029_Z,scan_1,1.5066,BD ( 1) C 8- C 9,BD*( 1) C 6- C 7,3.64,1.2,0.059
mol_029_Z,scan_1,1.5066,BD ( 1) C 8- C 9,BD*( 1) C 7- C 8,2.82,1.36,0.055
mol_029_Z,scan_1,1.5066,BD ( 1) C 8- C 9,BD*( 1) C 8- H 22,1.0,1.22,0.031
mol_029_Z,scan_1,1.5066,BD ( 1) C 8- C 9,BD*( 1) C 9- C 10,1.9,1.35,0.045
mol_029_Z,scan_1,1.5066,BD ( 1) C 8- C 9,BD*( 1) C 9- H 23,0.91,1.22,0.03
mol_029_Z,scan_1,1.5066,BD ( 1) C 8- C 9,BD*( 1) C 10- H 24,2.41,1.21,0.048
mol_029_Z,scan_1,1.5066,BD ( 1) C 8- C 9,RY ( 1) C 7,1.28,2.28,0.048
mol_029_Z,scan_1,1.5066,BD ( 1) C 8- C 9,RY ( 3) C 7,0.97,2.14,0.041
mol_029_Z,scan_1,1.5066,BD ( 1) C 8- C 9,RY ( 1) C 10,0.65,1.99,0.032
mol_029_Z,scan_1,1.5066,BD ( 1) C 8- C 9,RY ( 2) C 10,1.49,1.93,0.048
mol_029_Z,scan_1,1.5066,BD ( 1) C 8- C 9,RY ( 1) H 23,0.54,1.78,0.028
mol_029_Z,scan_1,1.5066,BD ( 1) C 8- H 22,BD*( 1) C 6- C 7,0.51,1.08,0.021
mol_029_Z,scan_1,1.5066,BD ( 1) C 8- H 22,BD*( 1) C 7- C 8,0.86,1.23,0.029
mol_029_Z,scan_1,1.5066,BD ( 1) C 8- H 22,BD*( 1) C 7- C 13,4.92,1.21,0.069
mol_029_Z,scan_1,1.5066,BD ( 1) C 8- H 22,BD*( 1) C 8- C 9,0.62,1.23,0.025
mol_029_Z,scan_1,1.5066,BD ( 1) C 8- H 22,BD*( 1) C 9- C 10,3.6,1.22,0.059
mol_029_Z,scan_1,1.5066,BD ( 1) C 8- H 22,BD*( 1) C 9- H 23,0.92,1.1,0.028
mol_029_Z,scan_1,1.5066,BD ( 1) C 8- H 22,RY ( 1) C 7,1.4,2.16,0.049
mol_029_Z,scan_1,1.5066,BD ( 1) C 8- H 22,RY ( 1) C 9,1.25,1.87,0.043
mol_029_Z,scan_1,1.5066,BD ( 1) C 9- C 10,BD*( 1) C 8- C 9,1.93,1.36,0.046
mol_029_Z,scan_1,1.5066,BD ( 1) C 9- C 10,BD*( 1) C 8- H 22,2.39,1.22,0.048
mol_029_Z,scan_1,1.5066,BD ( 1) C 9- C 10,BD*( 1) C 9- H 23,0.72,1.23,0.026
mol_029_Z,scan_1,1.5066,BD ( 1) C 9- C 10,BD*( 1) C 10- C 11,2.03,1.34,0.047
mol_029_Z,scan_1,1.5066,BD ( 1) C 9- C 10,BD*( 1) C 10- H 24,1.45,1.21,0.037
mol_029_Z,scan_1,1.5066,BD ( 1) C 9- C 10,BD*( 1) C 11- F 12,5.19,1.03,0.065
mol_029_Z,scan_1,1.5066,BD ( 1) C 9- C 10,RY ( 1) C 8,1.04,1.99,0.041
mol_029_Z,scan_1,1.5066,BD ( 1) C 9- C 10,RY ( 2) C 8,1.64,2.04,0.052
mol_029_Z,scan_1,1.5066,BD ( 1) C 9- C 10,RY ( 2) C 11,1.13,2.2,0.044
mol_029_Z,scan_1,1.5066,BD ( 1) C 9- C 10,RY ( 4) C 11,0.81,2.93,0.043
mol_029_Z,scan_1,1.5066,BD ( 1) C 9- C 10,RY ( 1) H 24,0.6,1.54,0.027
mol_029_Z,scan_1,1.5066,BD ( 2) C 9- C 10,BD*( 2) C 7- C 8,28.05,0.4,0.095
mol_029_Z,scan_1,1.5066,BD ( 2) C 9- C 10,BD*( 2) C 11- C 13,47.26,0.37,0.118
mol_029_Z,scan_1,1.5066,BD ( 2) C 9- C 10,RY ( 3) C 8,0.54,1.08,0.022
mol_029_Z,scan_1,1.5066,BD ( 2) C 9- C 10,RY ( 4) C 8,0.66,1.96,0.032
mol_029_Z,scan_1,1.5066,BD ( 2) C 9- C 10,RY ( 8) C 11,0.71,1.59,0.03
mol_029_Z,scan_1,1.5066,BD ( 1) C 9- H 23,BD*( 1) C 7- C 8,3.68,1.24,0.06
mol_029_Z,scan_1,1.5066,BD ( 1) C 9- H 23,BD*( 1) C 8- H 22,0.96,1.1,0.029
mol_029_Z,scan_1,1.5066,BD ( 1) C 9- H 23,BD*( 1) C 10- C 11,3.25,1.21,0.056
mol_029_Z,scan_1,1.5066,BD ( 1) C 9- H 23,BD*( 1) C 10- H 24,0.89,1.09,0.028
mol_029_Z,scan_1,1.5066,BD ( 1) C 9- H 23,RY ( 1) C 8,1.0,1.87,0.039
mol_029_Z,scan_1,1.5066,BD ( 1) C 9- H 23,RY ( 1) C 10,0.95,1.87,0.038
mol_029_Z,scan_1,1.5066,BD ( 1) C 10- C 11,BD*( 1) C 3- C 13,3.16,1.26,0.056
mol_029_Z,scan_1,1.5066,BD ( 1) C 10- C 11,BD*( 1) C 9- C 10,2.07,1.38,0.048
mol_029_Z,scan_1,1.5066,BD ( 1) C 10- C 11,BD*( 1) C 9- H 23,2.18,1.26,0.047
mol_029_Z,scan_1,1.5066,BD ( 1) C 10- C 11,BD*( 1) C 10- H 24,1.05,1.25,0.032
mol_029_Z,scan_1,1.5066,BD ( 1) C 10- C 11,BD*( 1) C 11- C 13,4.1,1.35,0.066
mol_029_Z,scan_1,1.5066,BD ( 1) C 10- C 11,RY ( 1) C 9,1.24,2.04,0.045
mol_029_Z,scan_1,1.5066,BD ( 1) C 10- C 11,RY ( 2) C 9,1.22,2.26,0.047
mol_029_Z,scan_1,1.5066,BD ( 1) C 10- C 11,RY ( 1) C 13,1.97,2.06,0.057
mol_029_Z,scan_1,1.5066,BD ( 1) C 10- H 24,BD*( 1) C 8- C 9,3.35,1.24,0.057
mol_029_Z,scan_1,1.5066,BD ( 1) C 10- H 24,BD*( 1) C 9- C 10,0.86,1.23,0.029
mol_029_Z,scan_1,1.5066,BD ( 1) C 10- H 24,BD*( 1) C 9- H 23,0.85,1.11,0.027
mol_029_Z,scan_1,1.5066,BD ( 1) C 10- H 24,BD*( 1) C 10- C 11,0.59,1.22,0.024
mol_029_Z,scan_1,1.5066,BD ( 1) C 10- H 24,BD*( 1) C 11- F 12,2.59,0.91,0.043
mol_029_Z,scan_1,1.5066,BD ( 1) C 10- H 24,BD*( 1) C 11- C 13,4.02,1.2,0.062
mol_029_Z,scan_1,1.5066,BD ( 1) C 10- H 24,RY ( 1) C 9,1.08,1.89,0.04
mol_029_Z,scan_1,1.5066,BD ( 1) C 10- H 24,RY ( 1) C 11,0.7,1.73,0.031
mol_029_Z,scan_1,1.5066,BD ( 1) C 11- F 12,BD*( 1) C 7- C 13,1.36,1.67,0.042
mol_029_Z,scan_1,1.5066,BD ( 1) C 11- F 12,BD*( 1) C 9- C 10,0.92,1.68,0.035
mol_029_Z,scan_1,1.5066,BD ( 1) C 11- C 13,BD*( 2) N 2- C 3,0.91,0.8,0.024
mol_029_Z,scan_1,1.5066,BD ( 1) C 11- C 13,BD*( 1) C 3- C 4,1.14,1.2,0.033
mol_029_Z,scan_1,1.5066,BD ( 1) C 11- C 13,BD*( 1) C 3- C 13,3.03,1.26,0.055
mol_029_Z,scan_1,1.5066,BD ( 1) C 11- C 13,BD*( 1) C 6- C 7,2.5,1.24,0.05
mol_029_Z,scan_1,1.5066,BD ( 1) C 11- C 13,BD*( 1) C 7- C 13,4.4,1.37,0.069
mol_029_Z,scan_1,1.5066,BD ( 1) C 11- C 13,BD*( 1) C 10- C 11,3.71,1.37,0.064
mol_029_Z,scan_1,1.5066,BD ( 1) C 11- C 13,BD*( 1) C 10- H 24,1.64,1.25,0.04
mol_029_Z,scan_1,1.5066,BD ( 1) C 11- C 13,RY ( 1) C 3,0.74,1.78,0.032
mol_029_Z,scan_1,1.5066,BD ( 1) C 11- C 13,RY ( 2) C 3,0.52,1.73,0.027
mol_029_Z,scan_1,1.5066,BD ( 1) C 11- C 13,RY ( 5) C 3,0.65,3.33,0.041
mol_029_Z,scan_1,1.5066,BD ( 1) C 11- C 13,RY ( 9) C 3,0.53,4.48,0.043
mol_029_Z,scan_1,1.5066,BD ( 1) C 11- C 13,RY ( 1) C 7,1.13,2.32,0.046
mol_029_Z,scan_1,1.5066,BD ( 1) C 11- C 13,RY ( 3) C 7,0.94,2.18,0.04
mol_029_Z,scan_1,1.5066,BD ( 1) C 11- C 13,RY ( 5) C 7,0.62,3.54,0.042
mol_029_Z,scan_1,1.5066,BD ( 1) C 11- C 13,RY ( 1) C 10,1.49,2.03,0.049
mol_029_Z,scan_1,1.5066,BD ( 1) C 11- C 13,RY ( 2) C 10,0.79,1.97,0.035
mol_029_Z,scan_1,1.5066,BD ( 1) C 11- C 13,RY ( 6) C 10,0.52,2.18,0.03
mol_029_Z,scan_1,1.5066,BD ( 1) C 11- C 13,RY ( 3) C 13,0.62,2.26,0.033
mol_029_Z,scan_1,1.5066,BD ( 1) C 11- C 13,RY ( 4) C 13,0.98,4.87,0.062
mol_029_Z,scan_1,1.5066,BD ( 1) C 11- C 13,RY (10) C 13,0.52,4.37,0.043
mol_029_Z,scan_1,1.5066,BD ( 1) C 11- C 13,RY (17) C 13,0.91,8.73,0.08
mol_029_Z,scan_1,1.5066,BD ( 2) C 11- C 13,BD*( 1) N 2- C 3,2.12,0.98,0.041
mol_029_Z,scan_1,1.5066,BD ( 2) C 11- C 13,BD*( 2) N 2- C 3,18.91,0.41,0.079
mol_029_Z,scan_1,1.5066,BD ( 2) C 11- C 13,BD*( 1) C 3- C 4,2.49,0.81,0.04
mol_029_Z,scan_1,1.5066,BD ( 2) C 11- C 13,BD*( 2) C 7- C 8,34.73,0.43,0.109
mol_029_Z,scan_1,1.5066,BD ( 2) C 11- C 13,BD*( 2) C 9- C 10,27.29,0.42,0.095
mol_029_Z,scan_1,1.5066,BD ( 2) C 11- C 13,BD*( 2) C 11- C 13,1.25,0.39,0.02
mol_029_Z,scan_1,1.5066,BD ( 2) C 11- C 13,RY ( 3) C 10,1.46,0.91,0.033
mol_029_Z,scan_1,1.5066,BD ( 2) C 11- C 13,RY ( 2) F 12,0.93,1.11,0.029
mol_029_Z,scan_2,1.9066,LP ( 1) O 1,BD*( 1) C 3- C 4,0.6,1.08,0.023
mol_029_Z,scan_2,1.9066,LP ( 1) O 1,RY ( 1) H 14,1.26,2.64,0.052
mol_029_Z,scan_2,1.9066,LP ( 1) O 1,RY ( 1) H 15,1.26,2.59,0.051
mol_029_Z,scan_2,1.9066,LP ( 1) N 2,BD*( 1) C 3- C 13,5.37,1.12,0.069
mol_029_Z,scan_2,1.9066,LP ( 1) N 2,RY ( 1) C 3,9.93,1.4,0.105
mol_029_Z,scan_2,1.9066,LP ( 1) F 12,BD*( 1) C 10- C 11,0.83,1.62,0.033
mol_029_Z,scan_2,1.9066,LP ( 1) F 12,BD*( 1) C 11- C 13,0.97,1.59,0.035
mol_029_Z,scan_2,1.9066,LP ( 1) F 12,RY ( 1) C 11,6.27,2.16,0.104
mol_029_Z,scan_2,1.9066,LP ( 2) F 12,BD*( 1) C 10- C 11,7.03,1.17,0.081
mol_029_Z,scan_2,1.9066,LP ( 2) F 12,BD*( 1) C 11- C 13,7.6,1.14,0.083
mol_029_Z,scan_2,1.9066,LP ( 2) F 12,RY ( 2) C 11,0.63,2.07,0.032
mol_029_Z,scan_2,1.9066,LP ( 2) F 12,RY ( 4) C 11,1.23,2.74,0.052
mol_029_Z,scan_2,1.9066,LP ( 3) F 12,BD*( 2) C 10- C 11,27.43,0.58,0.113
mol_029_Z,scan_2,1.9066,LP ( 3) F 12,RY ( 3) C 11,2.07,2.02,0.058
mol_029_Z,scan_2,1.9066,BD ( 1) O 1- N 2,BD*( 1) C 3- C 4,5.25,0.99,0.064
mol_029_Z,scan_2,1.9066,BD ( 1) O 1- N 2,BD*( 1) C 3- C 13,2.01,1.1,0.042
mol_029_Z,scan_2,1.9066,BD ( 1) O 1- N 2,RY ( 2) H 14,0.57,2.41,0.033
mol_029_Z,scan_2,1.9066,BD ( 1) N 2- C 3,BD*( 1) C 3- C 4,0.82,1.37,0.03
mol_029_Z,scan_2,1.9066,BD ( 1) N 2- C 3,BD*( 1) C 3- C 13,2.95,1.48,0.059
mol_029_Z,scan_2,1.9066,BD ( 1) N 2- C 3,BD*( 1) C 4- C 5,0.58,1.39,0.025
mol_029_Z,scan_2,1.9066,BD ( 1) N 2- C 3,BD*( 1) C 7- C 13,0.64,1.59,0.029
mol_029_Z,scan_2,1.9066,BD ( 1) N 2- C 3,RY ( 1) C 4,0.95,1.76,0.036
mol_029_Z,scan_2,1.9066,BD ( 1) N 2- C 3,RY ( 2) C 13,0.96,2.15,0.04
mol_029_Z,scan_2,1.9066,BD ( 1) N 2- C 3,RY ( 7) C 13,0.72,3.96,0.048
mol_029_Z,scan_2,1.9066,BD ( 2) N 2- C 3,BD*( 1) C 4- C 5,0.75,0.94,0.024
mol_029_Z,scan_2,1.9066,BD ( 2) N 2- C 3,BD*( 1) C 4- H 17,2.38,0.97,0.043
mol_029_Z,scan_2,1.9066,BD ( 2) N 2- C 3,BD*( 1) C 7- C 13,0.77,1.14,0.026
mol_029_Z,scan_2,1.9066,BD ( 2) N 2- C 3,BD*( 2) C 7- C 13,2.92,0.56,0.036
mol_029_Z,scan_2,1.9066,BD ( 2) N 2- C 3,BD*( 1) C 11- C 13,1.16,1.11,0.032
mol_029_Z,scan_2,1.9066,BD ( 1) C 3- C 4,BD*( 1) O 1- N 2,36.26,0.58,0.13
mol_029_Z,scan_2,1.9066,BD ( 1) C 3- C 4,BD*( 1) N 2- C 3,0.96,1.32,0.032
mol_029_Z,scan_2,1.9066,BD ( 1) C 3- C 4,BD*( 1) C 3- C 4,0.5,1.06,0.021
mol_029_Z,scan_2,1.9066,BD ( 1) C 3- C 4,BD*( 1) C 3- C 13,0.85,1.17,0.028
mol_029_Z,scan_2,1.9066,BD ( 1) C 3- C 4,BD*( 1) C 5- H 18,0.71,1.15,0.026
mol_029_Z,scan_2,1.9066,BD ( 1) C 3- C 4,BD*( 2) C 7- C 13,1.93,0.71,0.033
mol_029_Z,scan_2,1.9066,BD ( 1) C 3- C 4,BD*( 1) C 11- C 13,1.68,1.26,0.041
mol_029_Z,scan_2,1.9066,BD ( 1) C 3- C 4,RY ( 1) N 2,3.1,1.52,0.061
mol_029_Z,scan_2,1.9066,BD ( 1) C 3- C 4,RY ( 2) C 5,0.7,1.43,0.028
mol_029_Z,scan_2,1.9066,BD ( 1) C 3- C 4,RY ( 2) C 13,1.07,1.84,0.04
mol_029_Z,scan_2,1.9066,BD ( 1) C 3- C 13,BD*( 1) O 1- N 2,5.28,0.65,0.052
mol_029_Z,scan_2,1.9066,BD ( 1) C 3- C 13,BD*( 1) N 2- C 3,1.74,1.39,0.044
mol_029_Z,scan_2,1.9066,BD ( 1) C 3- C 13,BD*( 1) C 3- C 4,1.49,1.13,0.037
mol_029_Z,scan_2,1.9066,BD ( 1) C 3- C 13,BD*( 1) C 4- H 16,0.78,1.21,0.027
mol_029_Z,scan_2,1.9066,BD ( 1) C 3- C 13,BD*( 1) C 7- C 8,2.62,1.39,0.054
mol_029_Z,scan_2,1.9066,BD ( 1) C 3- C 13,BD*( 1) C 7- C 13,2.82,1.36,0.055
mol_029_Z,scan_2,1.9066,BD ( 1) C 3- C 13,BD*( 1) C 10- C 11,1.58,1.36,0.041
mol_029_Z,scan_2,1.9066,BD ( 1) C 3- C 13,BD*( 1) C 11- F 12,0.66,1.07,0.024
mol_029_Z,scan_2,1.9066,BD ( 1) C 3- C 13,BD*( 1) C 11- C 13,2.11,1.33,0.047
mol_029_Z,scan_2,1.9066,BD ( 1) C 3- C 13,RY ( 1) N 2,1.45,1.59,0.043
mol_029_Z,scan_2,1.9066,BD ( 1) C 3- C 13,RY ( 1) C 4,1.29,1.52,0.04
mol_029_Z,scan_2,1.9066,BD ( 1) C 3- C 13,RY ( 1) C 7,1.66,2.32,0.055
mol_029_Z,scan_2,1.9066,BD ( 1) C 3- C 13,RY ( 1) C 11,1.3,1.9,0.044
mol_029_Z,scan_2,1.9066,BD ( 1) C 3- C 13,RY ( 7) C 11,0.75,3.3,0.044
mol_029_Z,scan_2,1.9066,BD ( 1) C 4- C 5,BD*( 1) O 1- N 2,1.56,0.56,0.026
mol_029_Z,scan_2,1.9066,BD ( 1) C 4- C 5,BD*( 1) N 2- C 3,1.9,1.29,0.044
mol_029_Z,scan_2,1.9066,BD ( 1) C 4- C 5,BD*( 2) N 2- C 3,1.69,0.7,0.031
mol_029_Z,scan_2,1.9066,BD ( 1) C 4- C 5,BD*( 1) C 4- H 16,0.5,1.11,0.021
mol_029_Z,scan_2,1.9066,BD ( 1) C 4- C 5,BD*( 1) C 6- H 20,1.51,1.13,0.037
mol_029_Z,scan_2,1.9066,BD ( 1) C 4- H 16,BD*( 1) O 1- N 2,1.91,0.51,0.028
mol_029_Z,scan_2,1.9066,BD ( 1) C 4- H 16,BD*( 1) N 2- C 3,0.82,1.24,0.028
mol_029_Z,scan_2,1.9066,BD ( 1) C 4- H 16,BD*( 2) N 2- C 3,1.26,0.65,0.026
mol_029_Z,scan_2,1.9066,BD ( 1) C 4- H 16,BD*( 1) C 3- C 13,3.31,1.1,0.054
mol_029_Z,scan_2,1.9066,BD ( 1) C 4- H 16,BD*( 1) C 5- H 18,1.15,1.08,0.031
mol_029_Z,scan_2,1.9066,BD ( 1) C 4- H 16,BD*( 1) C 5- H 19,0.98,1.07,0.029
mol_029_Z,scan_2,1.9066,BD ( 1) C 4- H 16,RY ( 1) C 5,0.74,1.5,0.03
mol_029_Z,scan_2,1.9066,BD ( 1) C 4- H 17,BD*( 1) O 1- N 2,0.82,0.5,0.018
mol_029_Z,scan_2,1.9066,BD ( 1) C 4- H 17,BD*( 2) N 2- C 3,10.01,0.64,0.072
mol_029_Z,scan_2,1.9066,BD ( 1) C 4- H 17,BD*( 1) C 5- C 6,1.59,1.03,0.036
mol_029_Z,scan_2,1.9066,BD ( 1) C 4- H 17,BD*( 1) C 5- H 19,1.32,1.06,0.033
mol_029_Z,scan_2,1.9066,BD ( 1) C 4- H 17,RY ( 2) C 3,0.58,1.49,0.026
mol_029_Z,scan_2,1.9066,BD ( 1) C 5- C 6,BD*( 1) C 3- C 4,0.63,1.03,0.023
mol_029_Z,scan_2,1.9066,BD ( 1) C 5- C 6,BD*( 1) C 4- H 17,0.87,1.09,0.027
mol_029_Z,scan_2,1.9066,BD ( 1) C 5- C 6,BD*( 1) C 6- C 7,0.8,1.12,0.027
mol_029_Z,scan_2,1.9066,BD ( 1) C 5- C 6,BD*( 1) C 6- H 20,0.53,1.12,0.022
mol_029_Z,scan_2,1.9066,BD ( 1) C 5- C 6,BD*( 1) C 7- C 8,2.43,1.28,0.05
mol_029_Z,scan_2,1.9066,BD ( 1) C 5- C 6,BD*( 2) C 7- C 13,3.21,0.68,0.042
mol_029_Z,scan_2,1.9066,BD ( 1) C 5- C 6,RY ( 3) C 4,0.65,1.55,0.028
mol_029_Z,scan_2,1.9066,BD ( 1) C 5- C 6,RY ( 2) C 7,1.51,1.66,0.045
mol_029_Z,scan_2,1.9066,BD ( 1) C 5- H 18,BD*( 1) C 3- C 4,2.09,0.96,0.04
mol_029_Z,scan_2,1.9066,BD ( 1) C 5- H 18,BD*( 1) C 4- H 16,1.24,1.03,0.032
mol_029_Z,scan_2,1.9066,BD ( 1) C 5- H 18,BD*( 1) C 6- C 7,3.07,1.06,0.051
mol_029_Z,scan_2,1.9066,BD ( 1) C 5- H 18,BD*( 1) C 6- H 21,0.5,1.03,0.02
mol_029_Z,scan_2,1.9066,BD ( 1) C 5- H 19,BD*( 1) C 4- H 16,1.45,1.03,0.035
mol_029_Z,scan_2,1.9066,BD ( 1) C 5- H 19,BD*( 1) C 4- H 17,1.41,1.03,0.034
mol_029_Z,scan_2,1.9066,BD ( 1) C 5- H 19,BD*( 1) C 6- H 21,3.25,1.03,0.052
mol_029_Z,scan_2,1.9066,BD ( 1) C 5- H 19,RY ( 2) C 4,0.66,1.33,0.027
mol_029_Z,scan_2,1.9066,BD ( 1) C 5- H 19,RY ( 1) C 6,0.75,1.56,0.03
mol_029_Z,scan_2,1.9066,BD ( 1) C 6- C 7,BD*( 1) C 5- C 6,0.7,1.1,0.025
mol_029_Z,scan_2,1.9066,BD ( 1) C 6- C 7,BD*( 1) C 5- H 18,1.58,1.14,0.038
mol_029_Z,scan_2,1.9066,BD ( 1) C 6- C 7,BD*( 1) C 6- H 20,0.58,1.14,0.023
mol_029_Z,scan_2,1.9066,BD ( 1) C 6- C 7,BD*( 1) C 7- C 8,1.92,1.31,0.045
mol_029_Z,scan_2,1.9066,BD ( 1) C 6- C 7,BD*( 1) C 7- C 13,1.45,1.28,0.039
mol_029_Z,scan_2,1.9066,BD ( 1) C 6- C 7,BD*( 1) C 8- C 9,2.0,1.3,0.046
mol_029_Z,scan_2,1.9066,BD ( 1) C 6- C 7,BD*( 1) C 11- C 13,3.06,1.25,0.055
mol_029_Z,scan_2,1.9066,BD ( 1) C 6- C 7,RY ( 1) C 5,1.42,1.57,0.042
mol_029_Z,scan_2,1.9066,BD ( 1) C 6- C 7,RY ( 1) C 8,1.96,1.95,0.055
mol_029_Z,scan_2,1.9066,BD ( 1) C 6- C 7,RY ( 1) C 13,1.15,1.96,0.042
mol_029_Z,scan_2,1.9066,BD ( 1) C 6- H 20,BD*( 1) C 4- C 5,3.7,0.99,0.054
mol_029_Z,scan_2,1.9066,BD ( 1) C 6- H 20,BD*( 1) C 5- H 19,0.57,1.04,0.022
mol_029_Z,scan_2,1.9066,BD ( 1) C 6- H 20,BD*( 1) C 7- C 13,4.32,1.19,0.064
mol_029_Z,scan_2,1.9066,BD ( 1) C 6- H 20,BD*( 2) C 7- C 13,0.59,0.61,0.017
mol_029_Z,scan_2,1.9066,BD ( 1) C 6- H 21,BD*( 1) C 5- H 19,3.0,1.04,0.05
mol_029_Z,scan_2,1.9066,BD ( 1) C 6- H 21,BD*( 1) C 7- C 8,1.23,1.21,0.034
mol_029_Z,scan_2,1.9066,BD ( 1) C 6- H 21,BD*( 2) C 7- C 13,7.71,0.61,0.061
mol_029_Z,scan_2,1.9066,BD ( 1) C 7- C 8,BD*( 1) C 3- C 13,3.25,1.22,0.056
mol_029_Z,scan_2,1.9066,BD ( 1) C 7- C 8,BD*( 1) C 6- C 7,1.92,1.21,0.043
mol_029_Z,scan_2,1.9066,BD ( 1) C 7- C 8,BD*( 1) C 7- C 13,2.77,1.34,0.054
mol_029_Z,scan_2,1.9066,BD ( 1) C 7- C 8,BD*( 1) C 8- C 9,2.65,1.36,0.054
mol_029_Z,scan_2,1.9066,BD ( 1) C 7- C 8,BD*( 1) C 8- H 22,1.23,1.22,0.035
mol_029_Z,scan_2,1.9066,BD ( 1) C 7- C 8,BD*( 1) C 9- H 23,2.02,1.23,0.044
mol_029_Z,scan_2,1.9066,BD ( 1) C 7- C 8,RY ( 1) C 6,1.06,1.71,0.038
mol_029_Z,scan_2,1.9066,BD ( 1) C 7- C 8,RY ( 1) C 9,1.26,2.01,0.045
mol_029_Z,scan_2,1.9066,BD ( 1) C 7- C 8,RY ( 2) C 9,1.18,2.23,0.046
mol_029_Z,scan_2,1.9066,BD ( 1) C 7- C 8,RY ( 1) C 13,1.31,2.01,0.046
mol_029_Z,scan_2,1.9066,BD ( 1) C 7- C 8,RY ( 6) C 13,0.64,3.01,0.039
mol_029_Z,scan_2,1.9066,BD ( 1) C 7- C 13,BD*( 1) N 2- C 3,3.08,1.37,0.058
mol_029_Z,scan_2,1.9066,BD ( 1) C 7- C 13,BD*( 2) N 2- C 3,1.05,0.78,0.026
mol_029_Z,scan_2,1.9066,BD ( 1) C 7- C 13,BD*( 1) C 3- C 13,3.23,1.22,0.056
mol_029_Z,scan_2,1.9066,BD ( 1) C 7- C 13,BD*( 1) C 6- C 7,1.34,1.21,0.036
mol_029_Z,scan_2,1.9066,BD ( 1) C 7- C 13,BD*( 1) C 6- H 20,0.91,1.2,0.03
mol_029_Z,scan_2,1.9066,BD ( 1) C 7- C 13,BD*( 1) C 7- C 8,2.5,1.37,0.052
mol_029_Z,scan_2,1.9066,BD ( 1) C 7- C 13,BD*( 1) C 8- H 22,2.37,1.23,0.048
mol_029_Z,scan_2,1.9066,BD ( 1) C 7- C 13,BD*( 1) C 11- F 12,4.0,1.05,0.058
mol_029_Z,scan_2,1.9066,BD ( 1) C 7- C 13,BD*( 1) C 11- C 13,4.26,1.31,0.067
mol_029_Z,scan_2,1.9066,BD ( 1) C 7- C 13,RY ( 2) C 3,1.17,1.63,0.039
mol_029_Z,scan_2,1.9066,BD ( 1) C 7- C 13,RY ( 1) C 6,1.49,1.71,0.045
mol_029_Z,scan_2,1.9066,BD ( 1) C 7- C 13,RY ( 1) C 8,1.72,2.01,0.053
mol_029_Z,scan_2,1.9066,BD ( 1) C 7- C 13,RY ( 2) C 8,0.81,2.05,0.036
mol_029_Z,scan_2,1.9066,BD ( 1) C 7- C 13,RY ( 4) C 11,0.98,2.91,0.048
mol_029_Z,scan_2,1.9066,BD ( 1) C 7- C 13,RY ( 4) C 13,1.02,4.98,0.063
mol_029_Z,scan_2,1.9066,BD ( 1) C 7- C 13,RY ( 9) C 13,0.88,5.31,0.061
mol_029_Z,scan_2,1.9066,BD ( 1) C 7- C 13,RY (17) C 13,0.72,7.28,0.065
mol_029_Z,scan_2,1.9066,BD ( 2) C 7- C 13,BD*( 1) N 2- C 3,2.25,1.0,0.042
mol_029_Z,scan_2,1.9066,BD ( 2) C 7- C 13,BD*( 2) N 2- C 3,21.54,0.41,0.084
mol_029_Z,scan_2,1.9066,BD ( 2) C 7- C 13,BD*( 1) C 3- C 4,2.96,0.74,0.042
mol_029_Z,scan_2,1.9066,BD ( 2) C 7- C 13,BD*( 1) C 5- C 6,1.22,0.79,0.028
mol_029_Z,scan_2,1.9066,BD ( 2) C 7- C 13,BD*( 1) C 6- H 21,3.07,0.81,0.045
mol_029_Z,scan_2,1.9066,BD ( 2) C 7- C 13,BD*( 2) C 8- C 9,25.59,0.41,0.091
mol_029_Z,scan_2,1.9066,BD ( 2) C 7- C 13,BD*( 2) C 10- C 11,39.52,0.39,0.111
mol_029_Z,scan_2,1.9066,BD ( 2) C 7- C 13,RY ( 3) C 8,2.03,1.04,0.041
mol_029_Z,scan_2,1.9066,BD ( 2) C 7- C 13,RY ( 5) C 11,1.25,1.72,0.041
mol_029_Z,scan_2,1.9066,BD ( 1) C 8- C 9,BD*( 1) C 6- C 7,3.75,1.2,0.06
mol_029_Z,scan_2,1.9066,BD ( 1) C 8- C 9,BD*( 1) C 7- C 8,2.77,1.36,0.055
mol_029_Z,scan_2,1.9066,BD ( 1) C 8- C 9,BD*( 1) C 8- H 22,1.02,1.22,0.031
mol_029_Z,scan_2,1.9066,BD ( 1) C 8- C 9,BD*( 1) C 9- C 10,1.87,1.35,0.045
mol_029_Z,scan_2,1.9066,BD ( 1) C 8- C 9,BD*( 1) C 9- H 23,0.89,1.22,0.03
mol_029_Z,scan_2,1.9066,BD ( 1) C 8- C 9,BD*( 1) C 10- H 24,2.36,1.21,0.048
mol_029_Z,scan_2,1.9066,BD ( 1) C 8- C 9,RY ( 1) C 7,1.29,2.3,0.049
mol_029_Z,scan_2,1.9066,BD ( 1) C 8- C 9,RY ( 3) C 7,0.88,2.3,0.04
mol_029_Z,scan_2,1.9066,BD ( 1) C 8- C 9,RY ( 1) C 10,0.63,2.01,0.032
mol_029_Z,scan_2,1.9066,BD ( 1) C 8- C 9,RY ( 2) C 10,1.5,1.94,0.048
mol_029_Z,scan_2,1.9066,BD ( 1) C 8- C 9,RY ( 1) H 23,0.53,1.79,0.028
mol_029_Z,scan_2,1.9066,BD ( 2) C 8- C 9,BD*( 2) C 7- C 13,47.47,0.38,0.119
mol_029_Z,scan_2,1.9066,BD ( 2) C 8- C 9,BD*( 2) C 10- C 11,31.01,0.38,0.096
mol_029_Z,scan_2,1.9066,BD ( 2) C 8- C 9,RY ( 3) C 8,0.73,1.02,0.024
mol_029_Z,scan_2,1.9066,BD ( 2) C 8- C 9,RY ( 3) C 10,1.4,0.88,0.031
mol_029_Z,scan_2,1.9066,BD ( 1) C 8- H 22,BD*( 1) C 7- C 8,0.83,1.23,0.029
mol_029_Z,scan_2,1.9066,BD ( 1) C 8- H 22,BD*( 1) C 7- C 13,4.77,1.21,0.068
mol_029_Z,scan_2,1.9066,BD ( 1) C 8- H 22,BD*( 1) C 8- C 9,0.63,1.23,0.025
mol_029_Z,scan_2,1.9066,BD ( 1) C 8- H 22,BD*( 1) C 9- C 10,3.61,1.22,0.059
mol_029_Z,scan_2,1.9066,BD ( 1) C 8- H 22,BD*( 1) C 9- H 23,0.92,1.1,0.028
mol_029_Z,scan_2,1.9066,BD ( 1) C 8- H 22,RY ( 1) C 7,1.41,2.17,0.049
mol_029_Z,scan_2,1.9066,BD ( 1) C 8- H 22,RY ( 1) C 9,1.23,1.88,0.043
mol_029_Z,scan_2,1.9066,BD ( 1) C 9- C 10,BD*( 1) C 8- C 9,1.9,1.36,0.045
mol_029_Z,scan_2,1.9066,BD ( 1) C 9- C 10,BD*( 1) C 8- H 22,2.37,1.22,0.048
mol_029_Z,scan_2,1.9066,BD ( 1) C 9- C 10,BD*( 1) C 9- H 23,0.71,1.23,0.026
mol_029_Z,scan_2,1.9066,BD ( 1) C 9- C 10,BD*( 1) C 10- C 11,1.96,1.34,0.046
mol_029_Z,scan_2,1.9066,BD ( 1) C 9- C 10,BD*( 1) C 10- H 24,1.43,1.22,0.037
mol_029_Z,scan_2,1.9066,BD ( 1) C 9- C 10,BD*( 1) C 11- F 12,5.06,1.04,0.065
mol_029_Z,scan_2,1.9066,BD ( 1) C 9- C 10,RY ( 1) C 8,1.01,2.01,0.04
mol_029_Z,scan_2,1.9066,BD ( 1) C 9- C 10,RY ( 2) C 8,1.64,2.05,0.052
mol_029_Z,scan_2,1.9066,BD ( 1) C 9- C 10,RY ( 2) C 11,1.02,2.24,0.043
mol_029_Z,scan_2,1.9066,BD ( 1) C 9- C 10,RY ( 4) C 11,0.95,2.91,0.047
mol_029_Z,scan_2,1.9066,BD ( 1) C 9- C 10,RY ( 1) H 24,0.58,1.53,0.027
mol_029_Z,scan_2,1.9066,BD ( 1) C 9- H 23,BD*( 1) C 7- C 8,3.69,1.24,0.06
mol_029_Z,scan_2,1.9066,BD ( 1) C 9- H 23,BD*( 1) C 8- H 22,0.96,1.1,0.029
mol_029_Z,scan_2,1.9066,BD ( 1) C 9- H 23,BD*( 1) C 10- C 11,3.29,1.21,0.056
mol_029_Z,scan_2,1.9066,BD ( 1) C 9- H 23,BD*( 1) C 10- H 24,0.91,1.09,0.028
mol_029_Z,scan_2,1.9066,BD ( 1) C 9- H 23,RY ( 1) C 8,1.01,1.88,0.039
mol_029_Z,scan_2,1.9066,BD ( 1) C 9- H 23,RY ( 1) C 10,0.98,1.89,0.038
mol_029_Z,scan_2,1.9066,BD ( 1) C 10- C 11,BD*( 1) C 3- C 13,3.41,1.25,0.058
mol_029_Z,scan_2,1.9066,BD ( 1) C 10- C 11,BD*( 1) C 9- C 10,2.01,1.38,0.047
mol_029_Z,scan_2,1.9066,BD ( 1) C 10- C 11,BD*( 1) C 9- H 23,2.13,1.26,0.046
mol_029_Z,scan_2,1.9066,BD ( 1) C 10- C 11,BD*( 1) C 10- H 24,0.99,1.25,0.031
mol_029_Z,scan_2,1.9066,BD ( 1) C 10- C 11,BD*( 1) C 11- C 13,4.02,1.34,0.066
mol_029_Z,scan_2,1.9066,BD ( 1) C 10- C 11,RY ( 1) C 9,1.23,2.04,0.045
mol_029_Z,scan_2,1.9066,BD ( 1) C 10- C 11,RY ( 2) C 9,1.21,2.26,0.047
mol_029_Z,scan_2,1.9066,BD ( 1) C 10- C 11,RY ( 1) F 12,0.68,1.43,0.028
mol_029_Z,scan_2,1.9066,BD ( 1) C 10- C 11,RY ( 1) C 13,2.08,2.04,0.058
mol_029_Z,scan_2,1.9066,BD ( 2) C 10- C 11,BD*( 2) C 7- C 13,30.54,0.4,0.099
mol_029_Z,scan_2,1.9066,BD ( 2) C 10- C 11,BD*( 2) C 8- C 9,37.96,0.42,0.112
mol_029_Z,scan_2,1.9066,BD ( 2) C 10- C 11,BD*( 2) C 10- C 11,0.92,0.4,0.017
mol_029_Z,scan_2,1.9066,BD ( 2) C 10- C 11,RY ( 4) C 9,1.74,1.17,0.04
mol_029_Z,scan_2,1.9066,BD ( 2) C 10- C 11,RY ( 2) F 12,1.46,1.06,0.035
mol_029_Z,scan_2,1.9066,BD ( 1) C 10- H 24,BD*( 1) C 8- C 9,3.41,1.24,0.058
mol_029_Z,scan_2,1.9066,BD ( 1) C 10- H 24,BD*( 1) C 9- C 10,0.86,1.23,0.029
mol_029_Z,scan_2,1.9066,BD ( 1) C 10- H 24,BD*( 1) C 9- H 23,0.86,1.11,0.028
mol_029_Z,scan_2,1.9066,BD ( 1) C 10- H 24,BD*( 1) C 10- C 11,0.55,1.22,0.023
mol_029_Z,scan_2,1.9066,BD ( 1) C 10- H 24,BD*( 1) C 11- F 12,2.49,0.93,0.043
mol_029_Z,scan_2,1.9066,BD ( 1) C 10- H 24,BD*( 1) C 11- C 13,3.91,1.19,0.061
mol_029_Z,scan_2,1.9066,BD ( 1) C 10- H 24,RY ( 1) C 9,1.09,1.89,0.041
mol_029_Z,scan_2,1.9066,BD ( 1) C 10- H 24,RY ( 1) C 11,0.72,1.76,0.032
mol_029_Z,scan_2,1.9066,BD ( 1) C 11- F 12,BD*( 1) C 7- C 13,1.31,1.68,0.042
mol_029_Z,scan_2,1.9066,BD ( 1) C 11- F 12,BD*( 1) C 9- C 10,0.88,1.69,0.034
mol_029_Z,scan_2,1.9066,BD ( 1) C 11- C 13,BD*( 2) N 2- C 3,1.38,0.81,0.03
mol_029_Z,scan_2,1.9066,BD ( 1) C 11- C 13,BD*( 1) C 3- C 4,1.16,1.15,0.033
mol_029_Z,scan_2,1.9066,BD ( 1) C 11- C 13,BD*( 1) C 3- C 13,3.23,1.26,0.057
mol_029_Z,scan_2,1.9066,BD ( 1) C 11- C 13,BD*( 1) C 6- C 7,2.34,1.24,0.048
mol_029_Z,scan_2,1.9066,BD ( 1) C 11- C 13,BD*( 1) C 7- C 13,4.56,1.38,0.071
mol_029_Z,scan_2,1.9066,BD ( 1) C 11- C 13,BD*( 1) C 10- C 11,3.52,1.37,0.062
mol_029_Z,scan_2,1.9066,BD ( 1) C 11- C 13,BD*( 1) C 10- H 24,1.69,1.25,0.041
mol_029_Z,scan_2,1.9066,BD ( 1) C 11- C 13,RY ( 1) C 3,0.54,1.54,0.026
mol_029_Z,scan_2,1.9066,BD ( 1) C 11- C 13,RY ( 2) C 3,0.88,1.66,0.034
mol_029_Z,scan_2,1.9066,BD ( 1) C 11- C 13,RY ( 5) C 3,0.61,2.81,0.037
mol_029_Z,scan_2,1.9066,BD ( 1) C 11- C 13,RY ( 9) C 3,0.65,3.43,0.042
mol_029_Z,scan_2,1.9066,BD ( 1) C 11- C 13,RY ( 1) C 7,1.01,2.34,0.043
mol_029_Z,scan_2,1.9066,BD ( 1) C 11- C 13,RY ( 3) C 7,1.19,2.34,0.047
mol_029_Z,scan_2,1.9066,BD ( 1) C 11- C 13,RY ( 5) C 7,0.54,2.67,0.034
mol_029_Z,scan_2,1.9066,BD ( 1) C 11- C 13,RY ( 1) C 10,1.49,2.05,0.049
mol_029_Z,scan_2,1.9066,BD ( 1) C 11- C 13,RY ( 2) C 10,0.79,1.98,0.035
mol_029_Z,scan_2,1.9066,BD ( 1) C 11- C 13,RY ( 1) F 12,0.53,1.44,0.025
mol_029_Z,scan_2,1.9066,BD ( 1) C 11- C 13,RY ( 3) C 13,0.64,2.27,0.034
mol_029_Z,scan_2,1.9066,BD ( 1) C 11- C 13,RY ( 4) C 13,1.19,5.01,0.069
mol_029_Z,scan_2,1.9066,BD ( 1) C 11- C 13,RY (10) C 13,0.54,4.43,0.044
mol_029_Z,scan_2,1.9066,BD ( 1) C 11- C 13,RY (17) C 13,0.97,7.32,0.075
mol_029_Z,sp2,1.6066,LP ( 1) O 1,BD*( 1) C 3- C 4,0.82,1.12,0.027
mol_029_Z,sp2,1.6066,LP ( 1) O 1,RY ( 1) H 14,1.28,2.7,0.053
mol_029_Z,sp2,1.6066,LP ( 1) O 1,RY ( 1) H 15,1.36,2.62,0.053
mol_029_Z,sp2,1.6066,LP ( 1) N 2,BD*( 1) C 3- C 13,7.23,1.08,0.079
mol_029_Z,sp2,1.6066,LP ( 1) N 2,RY ( 1) C 3,7.01,1.5,0.092
mol_029_Z,sp2,1.6066,LP ( 1) F 12,BD*( 1) C 10- C 11,0.69,1.63,0.03
mol_029_Z,sp2,1.6066,LP ( 1) F 12,BD*( 1) C 11- C 13,1.08,1.6,0.037
mol_029_Z,sp2,1.6066,LP ( 1) F 12,RY ( 1) C 11,6.08,2.14,0.102
mol_029_Z,sp2,1.6066,LP ( 2) F 12,BD*( 1) C 10- C 11,6.83,1.17,0.08
mol_029_Z,sp2,1.6066,LP ( 2) F 12,BD*( 1) C 11- C 13,6.97,1.15,0.08
mol_029_Z,sp2,1.6066,LP ( 2) F 12,RY ( 4) C 11,1.2,2.76,0.051
mol_029_Z,sp2,1.6066,LP ( 3) F 12,BD*( 2) C 10- C 11,25.9,0.59,0.11
mol_029_Z,sp2,1.6066,LP ( 3) F 12,RY ( 3) C 11,1.82,2.01,0.054
mol_029_Z,sp2,1.6066,BD ( 1) O 1- N 2,BD*( 1) C 3- C 4,4.85,1.21,0.068
mol_029_Z,sp2,1.6066,BD ( 1) O 1- N 2,BD*( 1) C 3- C 13,1.19,1.28,0.035
mol_029_Z,sp2,1.6066,BD ( 1) O 1- N 2,RY ( 2) C 3,0.62,1.72,0.029
mol_029_Z,sp2,1.6066,BD ( 1) O 1- N 2,RY ( 3) C 3,0.63,2.63,0.036
mol_029_Z,sp2,1.6066,BD ( 1) O 1- H 14,BD*( 2) N 2- C 3,1.08,0.95,0.029
mol_029_Z,sp2,1.6066,BD ( 1) O 1- H 15,BD*( 1) N 2- C 3,0.78,1.51,0.031
mol_029_Z,sp2,1.6066,BD ( 1) N 2- C 3,BD*( 1) C 3- C 4,0.93,1.39,0.032
mol_029_Z,sp2,1.6066,BD ( 1) N 2- C 3,BD*( 1) C 3- C 13,2.02,1.46,0.048
mol_029_Z,sp2,1.6066,BD ( 1) N 2- C 3,BD*( 1) C 4- C 5,0.65,1.38,0.027
mol_029_Z,sp2,1.6066,BD ( 1) N 2- C 3,BD*( 1) C 7- C 13,0.69,1.57,0.029
mol_029_Z,sp2,1.6066,BD ( 1) N 2- C 3,RY ( 1) O 1,0.63,2.14,0.033
mol_029_Z,sp2,1.6066,BD ( 1) N 2- C 3,RY ( 1) C 4,0.76,1.76,0.033
mol_029_Z,sp2,1.6066,BD ( 1) N 2- C 3,RY ( 2) C 13,0.87,2.06,0.038
mol_029_Z,sp2,1.6066,BD ( 2) N 2- C 3,BD*( 1) O 1- H 14,0.85,0.93,0.025
mol_029_Z,sp2,1.6066,BD ( 2) N 2- C 3,BD*( 1) C 4- C 5,0.6,0.93,0.021
mol_029_Z,sp2,1.6066,BD ( 2) N 2- C 3,BD*( 1) C 4- H 17,2.48,0.96,0.044
mol_029_Z,sp2,1.6066,BD ( 2) N 2- C 3,BD*( 1) C 7- C 13,0.82,1.12,0.027
mol_029_Z,sp2,1.6066,BD ( 2) N 2- C 3,BD*( 2) C 7- C 13,3.29,0.54,0.038
mol_029_Z,sp2,1.6066,BD ( 2) N 2- C 3,BD*( 1) C 11- C 13,1.17,1.09,0.032
mol_029_Z,sp2,1.6066,BD ( 1) C 3- C 4,BD*( 1) O 1- N 2,16.92,0.72,0.099
mol_029_Z,sp2,1.6066,BD ( 1) C 3- C 4,BD*( 1) N 2- C 3,1.04,1.3,0.033
mol_029_Z,sp2,1.6066,BD ( 1) C 3- C 4,BD*( 1) C 3- C 13,0.9,1.19,0.029
mol_029_Z,sp2,1.6066,BD ( 1) C 3- C 4,BD*( 1) C 5- H 18,0.81,1.17,0.027
mol_029_Z,sp2,1.6066,BD ( 1) C 3- C 4,BD*( 2) C 7- C 13,1.65,0.73,0.031
mol_029_Z,sp2,1.6066,BD ( 1) C 3- C 4,BD*( 1) C 11- C 13,1.79,1.28,0.043
mol_029_Z,sp2,1.6066,BD ( 1) C 3- C 4,RY ( 1) N 2,2.08,1.55,0.051
mol_029_Z,sp2,1.6066,BD ( 1) C 3- C 4,RY ( 2) C 5,0.51,1.46,0.024
mol_029_Z,sp2,1.6066,BD ( 1) C 3- C 4,RY ( 2) C 13,1.16,1.79,0.041
mol_029_Z,sp2,1.6066,BD ( 1) C 3- C 13,BD*( 1) O 1- N 2,2.93,0.77,0.042
mol_029_Z,sp2,1.6066,BD ( 1) C 3- C 13,BD*( 1) N 2- C 3,1.23,1.35,0.036
mol_029_Z,sp2,1.6066,BD ( 1) C 3- C 13,BD*( 1) C 3- C 4,1.24,1.17,0.034
mol_029_Z,sp2,1.6066,BD ( 1) C 3- C 13,BD*( 1) C 4- H 16,0.87,1.2,0.029
mol_029_Z,sp2,1.6066,BD ( 1) C 3- C 13,BD*( 1) C 7- C 8,2.65,1.38,0.054
mol_029_Z,sp2,1.6066,BD ( 1) C 3- C 13,BD*( 1) C 7- C 13,2.98,1.35,0.057
mol_029_Z,sp2,1.6066,BD ( 1) C 3- C 13,BD*( 1) C 10- C 11,1.73,1.35,0.043
mol_029_Z,sp2,1.6066,BD ( 1) C 3- C 13,BD*( 1) C 11- F 12,0.74,1.04,0.025
mol_029_Z,sp2,1.6066,BD ( 1) C 3- C 13,BD*( 1) C 11- C 13,2.35,1.33,0.05
mol_029_Z,sp2,1.6066,BD ( 1) C 3- C 13,RY ( 1) N 2,1.47,1.6,0.043
mol_029_Z,sp2,1.6066,BD ( 1) C 3- C 13,RY ( 1) C 4,1.42,1.54,0.042
mol_029_Z,sp2,1.6066,BD ( 1) C 3- C 13,RY ( 1) C 7,1.54,2.3,0.053
mol_029_Z,sp2,1.6066,BD ( 1) C 3- C 13,RY ( 1) C 11,1.27,1.86,0.043
mol_029_Z,sp2,1.6066,BD ( 1) C 3- C 13,RY ( 7) C 11,0.7,3.22,0.042
mol_029_Z,sp2,1.6066,BD ( 1) C 4- C 5,BD*( 1) O 1- N 2,0.8,0.68,0.021
mol_029_Z,sp2,1.6066,BD ( 1) C 4- C 5,BD*( 1) N 2- C 3,2.36,1.25,0.049
mol_029_Z,sp2,1.6066,BD ( 1) C 4- C 5,BD*( 2) N 2- C 3,1.26,0.69,0.026
mol_029_Z,sp2,1.6066,BD ( 1) C 4- C 5,BD*( 1) C 3- C 4,0.5,1.08,0.021
mol_029_Z,sp2,1.6066,BD ( 1) C 4- C 5,BD*( 1) C 4- H 16,0.52,1.11,0.021
mol_029_Z,sp2,1.6066,BD ( 1) C 4- C 5,BD*( 1) C 6- H 20,1.7,1.12,0.039
mol_029_Z,sp2,1.6066,BD ( 1) C 4- C 5,RY ( 3) C 3,0.6,2.5,0.035
mol_029_Z,sp2,1.6066,BD ( 1) C 4- C 5,RY ( 1) C 6,0.52,1.61,0.026
mol_029_Z,sp2,1.6066,BD ( 1) C 4- H 16,BD*( 1) O 1- N 2,0.67,0.62,0.018
mol_029_Z,sp2,1.6066,BD ( 1) C 4- H 16,BD*( 1) N 2- C 3,0.82,1.2,0.028
mol_029_Z,sp2,1.6066,BD ( 1) C 4- H 16,BD*( 2) N 2- C 3,2.39,0.63,0.035
mol_029_Z,sp2,1.6066,BD ( 1) C 4- H 16,BD*( 1) C 3- C 13,3.73,1.09,0.057
mol_029_Z,sp2,1.6066,BD ( 1) C 4- H 16,BD*( 1) C 5- H 18,1.12,1.07,0.031
mol_029_Z,sp2,1.6066,BD ( 1) C 4- H 16,BD*( 1) C 5- H 19,1.49,1.06,0.035
mol_029_Z,sp2,1.6066,BD ( 1) C 4- H 16,RY ( 1) C 5,0.64,1.5,0.028
mol_029_Z,sp2,1.6066,BD ( 1) C 4- H 17,BD*( 2) N 2- C 3,11.34,0.63,0.075
mol_029_Z,sp2,1.6066,BD ( 1) C 4- H 17,BD*( 1) C 5- C 6,2.04,1.02,0.041
mol_029_Z,sp2,1.6066,BD ( 1) C 4- H 17,BD*( 1) C 5- H 19,1.26,1.05,0.032
mol_029_Z,sp2,1.6066,BD ( 1) C 4- H 17,RY ( 2) C 3,0.72,1.52,0.029
mol_029_Z,sp2,1.6066,BD ( 1) C 5- C 6,BD*( 1) C 3- C 4,0.52,1.07,0.021
mol_029_Z,sp2,1.6066,BD ( 1) C 5- C 6,BD*( 1) C 4- H 17,1.15,1.09,0.032
mol_029_Z,sp2,1.6066,BD ( 1) C 5- C 6,BD*( 1) C 6- C 7,0.87,1.12,0.028
mol_029_Z,sp2,1.6066,BD ( 1) C 5- C 6,BD*( 1) C 6- H 20,0.53,1.11,0.022
mol_029_Z,sp2,1.6066,BD ( 1) C 5- C 6,BD*( 1) C 7- C 8,2.43,1.28,0.05
mol_029_Z,sp2,1.6066,BD ( 1) C 5- C 6,BD*( 2) C 7- C 13,3.42,0.67,0.043
mol_029_Z,sp2,1.6066,BD ( 1) C 5- C 6,RY ( 2) C 4,0.62,1.35,0.026
mol_029_Z,sp2,1.6066,BD ( 1) C 5- C 6,RY ( 3) C 4,0.5,1.69,0.026
mol_029_Z,sp2,1.6066,BD ( 1) C 5- C 6,RY ( 2) C 7,1.57,1.66,0.045
mol_029_Z,sp2,1.6066,BD ( 1) C 5- H 18,BD*( 1) C 3- C 4,2.4,1.0,0.044
mol_029_Z,sp2,1.6066,BD ( 1) C 5- H 18,BD*( 1) C 4- H 16,1.21,1.03,0.032
mol_029_Z,sp2,1.6066,BD ( 1) C 5- H 18,BD*( 1) C 6- C 7,2.96,1.05,0.05
mol_029_Z,sp2,1.6066,BD ( 1) C 5- H 19,BD*( 1) C 4- H 16,1.78,1.03,0.038
mol_029_Z,sp2,1.6066,BD ( 1) C 5- H 19,BD*( 1) C 4- H 17,1.23,1.03,0.032
mol_029_Z,sp2,1.6066,BD ( 1) C 5- H 19,BD*( 1) C 6- H 21,3.32,1.03,0.052
mol_029_Z,sp2,1.6066,BD ( 1) C 5- H 19,RY ( 2) C 4,0.56,1.28,0.024
mol_029_Z,sp2,1.6066,BD ( 1) C 5- H 19,RY ( 1) C 6,0.68,1.53,0.029
mol_029_Z,sp2,1.6066,BD ( 1) C 6- C 7,BD*( 1) C 5- C 6,0.74,1.1,0.025
mol_029_Z,sp2,1.6066,BD ( 1) C 6- C 7,BD*( 1) C 5- H 18,1.69,1.14,0.039
mol_029_Z,sp2,1.6066,BD ( 1) C 6- C 7,BD*( 1) C 6- H 20,0.55,1.14,0.022
mol_029_Z,sp2,1.6066,BD ( 1) C 6- C 7,BD*( 1) C 7- C 8,1.85,1.3,0.044
mol_029_Z,sp2,1.6066,BD ( 1) C 6- C 7,BD*( 1) C 7- C 13,1.43,1.28,0.038
mol_029_Z,sp2,1.6066,BD ( 1) C 6- C 7,BD*( 1) C 8- C 9,2.08,1.3,0.046
mol_029_Z,sp2,1.6066,BD ( 1) C 6- C 7,BD*( 1) C 11- C 13,2.97,1.25,0.054
mol_029_Z,sp2,1.6066,BD ( 1) C 6- C 7,RY ( 1) C 5,1.37,1.58,0.042
mol_029_Z,sp2,1.6066,BD ( 1) C 6- C 7,RY ( 1) C 8,1.95,1.94,0.055
mol_029_Z,sp2,1.6066,BD ( 1) C 6- C 7,RY ( 1) C 13,1.14,1.96,0.042
mol_029_Z,sp2,1.6066,BD ( 1) C 6- H 20,BD*( 1) C 4- C 5,3.41,1.0,0.052
mol_029_Z,sp2,1.6066,BD ( 1) C 6- H 20,BD*( 1) C 7- C 13,4.35,1.19,0.064
mol_029_Z,sp2,1.6066,BD ( 1) C 6- H 20,BD*( 2) C 7- C 13,0.66,0.61,0.018
mol_029_Z,sp2,1.6066,BD ( 1) C 6- H 21,BD*( 1) C 5- H 19,3.05,1.04,0.05
mol_029_Z,sp2,1.6066,BD ( 1) C 6- H 21,BD*( 1) C 7- C 8,1.24,1.21,0.035
mol_029_Z,sp2,1.6066,BD ( 1) C 6- H 21,BD*( 2) C 7- C 13,7.33,0.61,0.06
mol_029_Z,sp2,1.6066,BD ( 1) C 7- C 8,BD*( 1) C 3- C 13,3.09,1.22,0.055
mol_029_Z,sp2,1.6066,BD ( 1) C 7- C 8,BD*( 1) C 6- C 7,1.86,1.21,0.042
mol_029_Z,sp2,1.6066,BD ( 1) C 7- C 8,BD*( 1) C 7- C 13,2.72,1.34,0.054
mol_029_Z,sp2,1.6066,BD ( 1) C 7- C 8,BD*( 1) C 8- C 9,2.7,1.35,0.054
mol_029_Z,sp2,1.6066,BD ( 1) C 7- C 8,BD*( 1) C 8- H 22,1.25,1.22,0.035
mol_029_Z,sp2,1.6066,BD ( 1) C 7- C 8,BD*( 1) C 9- H 23,2.04,1.23,0.045
mol_029_Z,sp2,1.6066,BD ( 1) C 7- C 8,RY ( 1) C 6,1.1,1.69,0.038
mol_029_Z,sp2,1.6066,BD ( 1) C 7- C 8,RY ( 1) C 9,1.27,2.01,0.045
mol_029_Z,sp2,1.6066,BD ( 1) C 7- C 8,RY ( 2) C 9,1.18,2.23,0.046
mol_029_Z,sp2,1.6066,BD ( 1) C 7- C 8,RY ( 1) C 13,1.31,2.01,0.046
mol_029_Z,sp2,1.6066,BD ( 1) C 7- C 13,BD*( 1) N 2- C 3,2.68,1.33,0.053
mol_029_Z,sp2,1.6066,BD ( 1) C 7- C 13,BD*( 2) N 2- C 3,1.09,0.77,0.026
mol_029_Z,sp2,1.6066,BD ( 1) C 7- C 13,BD*( 1) C 3- C 13,3.24,1.22,0.056
mol_029_Z,sp2,1.6066,BD ( 1) C 7- C 13,BD*( 1) C 6- C 7,1.32,1.2,0.036
mol_029_Z,sp2,1.6066,BD ( 1) C 7- C 13,BD*( 1) C 6- H 20,0.91,1.2,0.03
mol_029_Z,sp2,1.6066,BD ( 1) C 7- C 13,BD*( 1) C 7- C 8,2.48,1.36,0.052
mol_029_Z,sp2,1.6066,BD ( 1) C 7- C 13,BD*( 1) C 8- H 22,2.36,1.22,0.048
mol_029_Z,sp2,1.6066,BD ( 1) C 7- C 13,BD*( 1) C 11- F 12,4.37,1.03,0.06
mol_029_Z,sp2,1.6066,BD ( 1) C 7- C 13,BD*( 1) C 11- C 13,4.1,1.31,0.065
mol_029_Z,sp2,1.6066,BD ( 1) C 7- C 13,RY ( 2) C 3,1.09,1.66,0.038
mol_029_Z,sp2,1.6066,BD ( 1) C 7- C 13,RY ( 1) C 6,1.46,1.69,0.044
mol_029_Z,sp2,1.6066,BD ( 1) C 7- C 13,RY ( 1) C 8,1.69,1.99,0.052
mol_029_Z,sp2,1.6066,BD ( 1) C 7- C 13,RY ( 2) C 8,0.79,2.04,0.036
mol_029_Z,sp2,1.6066,BD ( 1) C 7- C 13,RY ( 4) C 11,0.89,2.92,0.045
mol_029_Z,sp2,1.6066,BD ( 1) C 7- C 13,RY ( 4) C 13,0.94,4.93,0.061
mol_029_Z,sp2,1.6066,BD ( 1) C 7- C 13,RY ( 9) C 13,0.69,5.51,0.055
mol_029_Z,sp2,1.6066,BD ( 1) C 7- C 13,RY (17) C 13,0.77,8.75,0.073
mol_029_Z,sp2,1.6066,BD ( 2) C 7- C 13,BD*( 1) N 2- C 3,2.29,0.96,0.042
mol_029_Z,sp2,1.6066,BD ( 2) C 7- C 13,BD*( 2) N 2- C 3,22.17,0.4,0.084
mol_029_Z,sp2,1.6066,BD ( 2) C 7- C 13,BD*( 1) C 3- C 4,2.51,0.78,0.04
mol_029_Z,sp2,1.6066,BD ( 2) C 7- C 13,BD*( 1) C 5- C 6,1.2,0.79,0.027
mol_029_Z,sp2,1.6066,BD ( 2) C 7- C 13,BD*( 1) C 5- H 18,0.59,0.83,0.02
mol_029_Z,sp2,1.6066,BD ( 2) C 7- C 13,BD*( 1) C 6- H 21,3.12,0.81,0.045
mol_029_Z,sp2,1.6066,BD ( 2) C 7- C 13,BD*( 2) C 8- C 9,26.5,0.4,0.092
mol_029_Z,sp2,1.6066,BD ( 2) C 7- C 13,BD*( 2) C 10- C 11,40.57,0.39,0.112
mol_029_Z,sp2,1.6066,BD ( 2) C 7- C 13,RY ( 3) C 8,2.03,1.04,0.041
mol_029_Z,sp2,1.6066,BD ( 2) C 7- C 13,RY ( 5) C 11,1.18,1.73,0.04
mol_029_Z,sp2,1.6066,BD ( 1) C 8- C 9,BD*( 1) C 6- C 7,3.67,1.2,0.059
mol_029_Z,sp2,1.6066,BD ( 1) C 8- C 9,BD*( 1) C 7- C 8,2.81,1.36,0.055
mol_029_Z,sp2,1.6066,BD ( 1) C 8- C 9,BD*( 1) C 8- H 22,1.01,1.22,0.031
mol_029_Z,sp2,1.6066,BD ( 1) C 8- C 9,BD*( 1) C 9- C 10,1.89,1.35,0.045
mol_029_Z,sp2,1.6066,BD ( 1) C 8- C 9,BD*( 1) C 9- H 23,0.91,1.22,0.03
mol_029_Z,sp2,1.6066,BD ( 1) C 8- C 9,BD*( 1) C 10- H 24,2.4,1.21,0.048
mol_029_Z,sp2,1.6066,BD ( 1) C 8- C 9,RY ( 1) C 7,1.29,2.29,0.049
mol_029_Z,sp2,1.6066,BD ( 1) C 8- C 9,RY ( 3) C 7,0.94,2.16,0.04
mol_029_Z,sp2,1.6066,BD ( 1) C 8- C 9,RY ( 1) C 10,0.64,1.99,0.032
mol_029_Z,sp2,1.6066,BD ( 1) C 8- C 9,RY ( 2) C 10,1.49,1.93,0.048
mol_029_Z,sp2,1.6066,BD ( 1) C 8- C 9,RY ( 1) H 23,0.54,1.78,0.028
mol_029_Z,sp2,1.6066,BD ( 2) C 8- C 9,BD*( 2) C 7- C 13,46.74,0.38,0.119
mol_029_Z,sp2,1.6066,BD ( 2) C 8- C 9,BD*( 2) C 10- C 11,31.41,0.37,0.097
mol_029_Z,sp2,1.6066,BD ( 2) C 8- C 9,RY ( 3) C 8,0.7,1.03,0.024
mol_029_Z,sp2,1.6066,BD ( 2) C 8- C 9,RY ( 3) C 10,1.29,0.89,0.03
mol_029_Z,sp2,1.6066,BD ( 2) C 8- C 9,RY ( 5) C 10,0.55,1.97,0.029
mol_029_Z,sp2,1.6066,BD ( 1) C 8- H 22,BD*( 1) C 6- C 7,0.5,1.08,0.021
mol_029_Z,sp2,1.6066,BD ( 1) C 8- H 22,BD*( 1) C 7- C 8,0.85,1.23,0.029
mol_029_Z,sp2,1.6066,BD ( 1) C 8- H 22,BD*( 1) C 7- C 13,4.88,1.21,0.069
mol_029_Z,sp2,1.6066,BD ( 1) C 8- H 22,BD*( 1) C 8- C 9,0.62,1.23,0.025
mol_029_Z,sp2,1.6066,BD ( 1) C 8- H 22,BD*( 1) C 9- C 10,3.6,1.22,0.059
mol_029_Z,sp2,1.6066,BD ( 1) C 8- H 22,BD*( 1) C 9- H 23,0.92,1.1,0.028
mol_029_Z,sp2,1.6066,BD ( 1) C 8- H 22,RY ( 1) C 7,1.4,2.16,0.049
mol_029_Z,sp2,1.6066,BD ( 1) C 8- H 22,RY ( 1) C 9,1.24,1.88,0.043
mol_029_Z,sp2,1.6066,BD ( 1) C 9- C 10,BD*( 1) C 8- C 9,1.93,1.36,0.046
mol_029_Z,sp2,1.6066,BD ( 1) C 9- C 10,BD*( 1) C 8- H 22,2.39,1.22,0.048
mol_029_Z,sp2,1.6066,BD ( 1) C 9- C 10,BD*( 1) C 9- H 23,0.71,1.23,0.026
mol_029_Z,sp2,1.6066,BD ( 1) C 9- C 10,BD*( 1) C 10- C 11,2.02,1.34,0.046
mol_029_Z,sp2,1.6066,BD ( 1) C 9- C 10,BD*( 1) C 10- H 24,1.44,1.21,0.037
mol_029_Z,sp2,1.6066,BD ( 1) C 9- C 10,BD*( 1) C 11- F 12,5.17,1.03,0.065
mol_029_Z,sp2,1.6066,BD ( 1) C 9- C 10,RY ( 1) C 8,1.03,2.0,0.041
mol_029_Z,sp2,1.6066,BD ( 1) C 9- C 10,RY ( 2) C 8,1.64,2.04,0.052
mol_029_Z,sp2,1.6066,BD ( 1) C 9- C 10,RY ( 2) C 11,1.12,2.2,0.044
mol_029_Z,sp2,1.6066,BD ( 1) C 9- C 10,RY ( 4) C 11,0.82,2.92,0.044
mol_029_Z,sp2,1.6066,BD ( 1) C 9- C 10,RY ( 1) H 24,0.6,1.54,0.027
mol_029_Z,sp2,1.6066,BD ( 1) C 9- H 23,BD*( 1) C 7- C 8,3.68,1.24,0.06
mol_029_Z,sp2,1.6066,BD ( 1) C 9- H 23,BD*( 1) C 8- H 22,0.96,1.1,0.029
mol_029_Z,sp2,1.6066,BD ( 1) C 9- H 23,BD*( 1) C 10- C 11,3.26,1.21,0.056
mol_029_Z,sp2,1.6066,BD ( 1) C 9- H 23,BD*( 1) C 10- H 24,0.9,1.09,0.028
mol_029_Z,sp2,1.6066,BD ( 1) C 9- H 23,RY ( 1) C 8,1.01,1.87,0.039
mol_029_Z,sp2,1.6066,BD ( 1) C 9- H 23,RY ( 1) C 10,0.95,1.87,0.038
mol_029_Z,sp2,1.6066,BD ( 1) C 10- C 11,BD*( 1) C 3- C 13,3.23,1.25,0.057
mol_029_Z,sp2,1.6066,BD ( 1) C 10- C 11,BD*( 1) C 9- C 10,2.06,1.38,0.048
mol_029_Z,sp2,1.6066,BD ( 1) C 10- C 11,BD*( 1) C 9- H 23,2.17,1.26,0.047
mol_029_Z,sp2,1.6066,BD ( 1) C 10- C 11,BD*( 1) C 10- H 24,1.04,1.25,0.032
mol_029_Z,sp2,1.6066,BD ( 1) C 10- C 11,BD*( 1) C 11- C 13,4.09,1.35,0.066
mol_029_Z,sp2,1.6066,BD ( 1) C 10- C 11,RY ( 1) C 9,1.24,2.04,0.045
mol_029_Z,sp2,1.6066,BD ( 1) C 10- C 11,RY ( 2) C 9,1.22,2.26,0.047
mol_029_Z,sp2,1.6066,BD ( 1) C 10- C 11,RY ( 1) F 12,0.51,1.41,0.024
mol_029_Z,sp2,1.6066,BD ( 1) C 10- C 11,RY ( 1) C 13,2.01,2.05,0.057
mol_029_Z,sp2,1.6066,BD ( 2) C 10- C 11,BD*( 2) C 7- C 13,30.31,0.4,0.099
mol_029_Z,sp2,1.6066,BD ( 2) C 10- C 11,BD*( 2) C 8- C 9,37.48,0.42,0.112
mol_029_Z,sp2,1.6066,BD ( 2) C 10- C 11,BD*( 2) C 10- C 11,0.87,0.4,0.017
mol_029_Z,sp2,1.6066,BD ( 2) C 10- C 11,RY ( 4) C 9,1.72,1.2,0.041
mol_029_Z,sp2,1.6066,BD ( 2) C 10- C 11,RY ( 2) F 12,1.06,1.1,0.03
mol_029_Z,sp2,1.6066,BD ( 2) C 10- C 11,RY ( 5) C 13,0.55,2.18,0.031
mol_029_Z,sp2,1.6066,BD ( 1) C 10- H 24,BD*( 1) C 8- C 9,3.36,1.24,0.058
mol_029_Z,sp2,1.6066,BD ( 1) C 10- H 24,BD*( 1) C 9- C 10,0.86,1.23,0.029
mol_029_Z,sp2,1.6066,BD ( 1) C 10- H 24,BD*( 1) C 9- H 23,0.85,1.11,0.027
mol_029_Z,sp2,1.6066,BD ( 1) C 10- H 24,BD*( 1) C 10- C 11,0.58,1.22,0.024
mol_029_Z,sp2,1.6066,BD ( 1) C 10- H 24,BD*( 1) C 11- F 12,2.57,0.91,0.043
mol_029_Z,sp2,1.6066,BD ( 1) C 10- H 24,BD*( 1) C 11- C 13,4.01,1.2,0.062
mol_029_Z,sp2,1.6066,BD ( 1) C 10- H 24,RY ( 1) C 9,1.08,1.89,0.04
mol_029_Z,sp2,1.6066,BD ( 1) C 10- H 24,RY ( 1) C 11,0.7,1.73,0.031
mol_029_Z,sp2,1.6066,BD ( 1) C 11- F 12,BD*( 1) C 7- C 13,1.34,1.67,0.042
mol_029_Z,sp2,1.6066,BD ( 1) C 11- F 12,BD*( 1) C 9- C 10,0.91,1.68,0.035
mol_029_Z,sp2,1.6066,BD ( 1) C 11- C 13,BD*( 2) N 2- C 3,1.1,0.8,0.026
mol_029_Z,sp2,1.6066,BD ( 1) C 11- C 13,BD*( 1) C 3- C 4,1.1,1.19,0.032
mol_029_Z,sp2,1.6066,BD ( 1) C 11- C 13,BD*( 1) C 3- C 13,3.09,1.26,0.056
mol_029_Z,sp2,1.6066,BD ( 1) C 11- C 13,BD*( 1) C 6- C 7,2.45,1.24,0.049
mol_029_Z,sp2,1.6066,BD ( 1) C 11- C 13,BD*( 1) C 7- C 13,4.4,1.37,0.069
mol_029_Z,sp2,1.6066,BD ( 1) C 11- C 13,BD*( 1) C 10- C 11,3.67,1.37,0.063
mol_029_Z,sp2,1.6066,BD ( 1) C 11- C 13,BD*( 1) C 10- H 24,1.66,1.25,0.041
mol_029_Z,sp2,1.6066,BD ( 1) C 11- C 13,RY ( 1) C 3,0.64,1.68,0.029
mol_029_Z,sp2,1.6066,BD ( 1) C 11- C 13,RY ( 2) C 3,0.66,1.7,0.03
mol_029_Z,sp2,1.6066,BD ( 1) C 11- C 13,RY ( 5) C 3,0.65,3.19,0.041
mol_029_Z,sp2,1.6066,BD ( 1) C 11- C 13,RY ( 9) C 3,0.55,3.99,0.042
mol_029_Z,sp2,1.6066,BD ( 1) C 11- C 13,RY ( 1) C 7,1.1,2.33,0.045
mol_029_Z,sp2,1.6066,BD ( 1) C 11- C 13,RY ( 3) C 7,0.99,2.2,0.042
mol_029_Z,sp2,1.6066,BD ( 1) C 11- C 13,RY ( 5) C 7,0.6,3.27,0.04
mol_029_Z,sp2,1.6066,BD ( 1) C 11- C 13,RY ( 1) C 10,1.49,2.03,0.049
mol_029_Z,sp2,1.6066,BD ( 1) C 11- C 13,RY ( 2) C 10,0.79,1.97,0.035
mol_029_Z,sp2,1.6066,BD ( 1) C 11- C 13,RY ( 6) C 10,0.53,2.18,0.03
mol_029_Z,sp2,1.6066,BD ( 1) C 11- C 13,RY ( 3) C 13,0.64,2.28,0.034
mol_029_Z,sp2,1.6066,BD ( 1) C 11- C 13,RY ( 4) C 13,1.03,4.96,0.064
mol_029_Z,sp2,1.6066,BD ( 1) C 11- C 13,RY (10) C 13,0.52,4.4,0.043
mol_029_Z,sp2,1.6066,BD ( 1) C 11- C 13,RY (17) C 13,0.94,8.78,0.081
mol_029_Z,sp3,1.7066,LP ( 1) O 1,BD*( 1) C 3- C 4,0.74,1.11,0.026
mol_029_Z,sp3,1.7066,LP ( 1) O 1,RY ( 1) H 14,1.32,2.7,0.053
mol_029_Z,sp3,1.7066,LP ( 1) O 1,RY ( 1) H 15,1.36,2.62,0.053
mol_029_Z,sp3,1.7066,LP ( 1) N 2,BD*( 1) C 3- C 13,6.4,1.1,0.075
mol_029_Z,sp3,1.7066,LP ( 1) N 2,RY ( 1) C 3,7.96,1.45,0.096
mol_029_Z,sp3,1.7066,LP ( 1) F 12,BD*( 1) C 10- C 11,0.75,1.62,0.031
mol_029_Z,sp3,1.7066,LP ( 1) F 12,BD*( 1) C 11- C 13,1.03,1.6,0.036
mol_029_Z,sp3,1.7066,LP ( 1) F 12,RY ( 1) C 11,6.15,2.15,0.103
mol_029_Z,sp3,1.7066,LP ( 2) F 12,BD*( 1) C 10- C 11,6.88,1.17,0.08
mol_029_Z,sp3,1.7066,LP ( 2) F 12,BD*( 1) C 11- C 13,7.19,1.15,0.081
mol_029_Z,sp3,1.7066,LP ( 2) F 12,RY ( 2) C 11,0.5,2.04,0.029
mol_029_Z,sp3,1.7066,LP ( 2) F 12,RY ( 4) C 11,1.22,2.75,0.052
mol_029_Z,sp3,1.7066,LP ( 3) F 12,BD*( 2) C 10- C 11,26.36,0.59,0.111
mol_029_Z,sp3,1.7066,LP ( 3) F 12,RY ( 3) C 11,1.89,2.01,0.055
mol_029_Z,sp3,1.7066,BD ( 1) O 1- N 2,BD*( 1) C 3- C 4,5.16,1.13,0.068
mol_029_Z,sp3,1.7066,BD ( 1) O 1- N 2,BD*( 1) C 3- C 13,1.56,1.21,0.039
mol_029_Z,sp3,1.7066,BD ( 1) O 1- H 14,BD*( 2) N 2- C 3,0.69,0.94,0.023
mol_029_Z,sp3,1.7066,BD ( 1) N 2- C 3,BD*( 1) C 3- C 4,0.88,1.38,0.031
mol_029_Z,sp3,1.7066,BD ( 1) N 2- C 3,BD*( 1) C 3- C 13,2.3,1.46,0.052
mol_029_Z,sp3,1.7066,BD ( 1) N 2- C 3,BD*( 1) C 4- C 5,0.64,1.39,0.026
mol_029_Z,sp3,1.7066,BD ( 1) N 2- C 3,BD*( 1) C 7- C 13,0.69,1.58,0.03
mol_029_Z,sp3,1.7066,BD ( 1) N 2- C 3,RY ( 1) C 4,0.81,1.76,0.034
mol_029_Z,sp3,1.7066,BD ( 1) N 2- C 3,RY ( 2) C 13,0.91,2.08,0.039
mol_029_Z,sp3,1.7066,BD ( 1) N 2- C 3,RY ( 7) C 13,0.54,3.64,0.04
mol_029_Z,sp3,1.7066,BD ( 2) N 2- C 3,BD*( 1) C 4- C 5,0.62,0.93,0.021
mol_029_Z,sp3,1.7066,BD ( 2) N 2- C 3,BD*( 1) C 4- H 17,2.44,0.97,0.043
mol_029_Z,sp3,1.7066,BD ( 2) N 2- C 3,BD*( 1) C 7- C 13,0.79,1.13,0.027
mol_029_Z,sp3,1.7066,BD ( 2) N 2- C 3,BD*( 2) C 7- C 13,3.17,0.55,0.037
mol_029_Z,sp3,1.7066,BD ( 2) N 2- C 3,BD*( 1) C 11- C 13,1.16,1.1,0.032
mol_029_Z,sp3,1.7066,BD ( 1) C 3- C 4,BD*( 1) O 1- N 2,21.88,0.66,0.108
mol_029_Z,sp3,1.7066,BD ( 1) C 3- C 4,BD*( 1) N 2- C 3,1.03,1.3,0.033
mol_029_Z,sp3,1.7066,BD ( 1) C 3- C 4,BD*( 1) C 3- C 13,0.89,1.18,0.029
mol_029_Z,sp3,1.7066,BD ( 1) C 3- C 4,BD*( 1) C 5- H 18,0.79,1.16,0.027
mol_029_Z,sp3,1.7066,BD ( 1) C 3- C 4,BD*( 2) C 7- C 13,1.73,0.72,0.032
mol_029_Z,sp3,1.7066,BD ( 1) C 3- C 4,BD*( 1) C 11- C 13,1.75,1.27,0.042
mol_029_Z,sp3,1.7066,BD ( 1) C 3- C 4,RY ( 1) N 2,2.36,1.56,0.054
mol_029_Z,sp3,1.7066,BD ( 1) C 3- C 4,RY ( 2) C 5,0.57,1.45,0.026
mol_029_Z,sp3,1.7066,BD ( 1) C 3- C 4,RY ( 2) C 13,1.13,1.8,0.04
mol_029_Z,sp3,1.7066,BD ( 1) C 3- C 13,BD*( 1) O 1- N 2,3.66,0.72,0.046
mol_029_Z,sp3,1.7066,BD ( 1) C 3- C 13,BD*( 1) N 2- C 3,1.36,1.35,0.038
mol_029_Z,sp3,1.7066,BD ( 1) C 3- C 13,BD*( 1) C 3- C 4,1.33,1.16,0.035
mol_029_Z,sp3,1.7066,BD ( 1) C 3- C 13,BD*( 1) C 4- H 16,0.85,1.2,0.029
mol_029_Z,sp3,1.7066,BD ( 1) C 3- C 13,BD*( 1) C 7- C 8,2.63,1.38,0.054
mol_029_Z,sp3,1.7066,BD ( 1) C 3- C 13,BD*( 1) C 7- C 13,2.94,1.35,0.056
mol_029_Z,sp3,1.7066,BD ( 1) C 3- C 13,BD*( 1) C 10- C 11,1.68,1.35,0.043
mol_029_Z,sp3,1.7066,BD ( 1) C 3- C 13,BD*( 1) C 11- F 12,0.72,1.05,0.025
mol_029_Z,sp3,1.7066,BD ( 1) C 3- C 13,BD*( 1) C 11- C 13,2.28,1.33,0.049
mol_029_Z,sp3,1.7066,BD ( 1) C 3- C 13,RY ( 1) N 2,1.48,1.61,0.044
mol_029_Z,sp3,1.7066,BD ( 1) C 3- C 13,RY ( 1) C 4,1.38,1.53,0.041
mol_029_Z,sp3,1.7066,BD ( 1) C 3- C 13,RY ( 1) C 7,1.58,2.31,0.054
mol_029_Z,sp3,1.7066,BD ( 1) C 3- C 13,RY ( 1) C 11,1.28,1.87,0.044
mol_029_Z,sp3,1.7066,BD ( 1) C 3- C 13,RY ( 7) C 11,0.7,3.13,0.042
mol_029_Z,sp3,1.7066,BD ( 1) C 4- C 5,BD*( 1) O 1- N 2,1.02,0.62,0.023
mol_029_Z,sp3,1.7066,BD ( 1) C 4- C 5,BD*( 1) N 2- C 3,2.28,1.26,0.048
mol_029_Z,sp3,1.7066,BD ( 1) C 4- C 5,BD*( 2) N 2- C 3,1.34,0.69,0.027
mol_029_Z,sp3,1.7066,BD ( 1) C 4- C 5,BD*( 1) C 4- H 16,0.51,1.11,0.021
mol_029_Z,sp3,1.7066,BD ( 1) C 4- C 5,BD*( 1) C 6- H 20,1.65,1.12,0.038
mol_029_Z,sp3,1.7066,BD ( 1) C 4- C 5,RY ( 3) C 3,0.56,2.66,0.034
mol_029_Z,sp3,1.7066,BD ( 1) C 4- H 16,BD*( 1) O 1- N 2,0.95,0.57,0.021
mol_029_Z,sp3,1.7066,BD ( 1) C 4- H 16,BD*( 1) N 2- C 3,0.8,1.21,0.028
mol_029_Z,sp3,1.7066,BD ( 1) C 4- H 16,BD*( 2) N 2- C 3,2.09,0.64,0.033
mol_029_Z,sp3,1.7066,BD ( 1) C 4- H 16,BD*( 1) C 3- C 13,3.61,1.09,0.056
mol_029_Z,sp3,1.7066,BD ( 1) C 4- H 16,BD*( 1) C 5- H 18,1.13,1.07,0.031
mol_029_Z,sp3,1.7066,BD ( 1) C 4- H 16,BD*( 1) C 5- H 19,1.35,1.06,0.034
mol_029_Z,sp3,1.7066,BD ( 1) C 4- H 16,RY ( 1) C 5,0.66,1.5,0.028
mol_029_Z,sp3,1.7066,BD ( 1) C 4- H 17,BD*( 2) N 2- C 3,11.02,0.63,0.074
mol_029_Z,sp3,1.7066,BD ( 1) C 4- H 17,BD*( 1) C 5- C 6,1.93,1.02,0.04
mol_029_Z,sp3,1.7066,BD ( 1) C 4- H 17,BD*( 1) C 5- H 19,1.28,1.05,0.033
mol_029_Z,sp3,1.7066,BD ( 1) C 4- H 17,RY ( 2) C 3,0.69,1.51,0.029
mol_029_Z,sp3,1.7066,BD ( 1) C 5- C 6,BD*( 1) C 3- C 4,0.55,1.06,0.021
mol_029_Z,sp3,1.7066,BD ( 1) C 5- C 6,BD*( 1) C 4- H 17,1.07,1.09,0.03
mol_029_Z,sp3,1.7066,BD ( 1) C 5- C 6,BD*( 1) C 6- C 7,0.86,1.12,0.028
mol_029_Z,sp3,1.7066,BD ( 1) C 5- C 6,BD*( 1) C 6- H 20,0.53,1.11,0.022
mol_029_Z,sp3,1.7066,BD ( 1) C 5- C 6,BD*( 1) C 7- C 8,2.43,1.28,0.05
mol_029_Z,sp3,1.7066,BD ( 1) C 5- C 6,BD*( 2) C 7- C 13,3.38,0.68,0.043
mol_029_Z,sp3,1.7066,BD ( 1) C 5- C 6,RY ( 2) C 4,0.54,1.35,0.024
mol_029_Z,sp3,1.7066,BD ( 1) C 5- C 6,RY ( 3) C 4,0.54,1.64,0.027
mol_029_Z,sp3,1.7066,BD ( 1) C 5- C 6,RY ( 2) C 7,1.55,1.66,0.045
mol_029_Z,sp3,1.7066,BD ( 1) C 5- H 18,BD*( 1) C 3- C 4,2.34,0.99,0.043
mol_029_Z,sp3,1.7066,BD ( 1) C 5- H 18,BD*( 1) C 4- H 16,1.22,1.03,0.032
mol_029_Z,sp3,1.7066,BD ( 1) C 5- H 18,BD*( 1) C 6- C 7,2.98,1.06,0.05
mol_029_Z,sp3,1.7066,BD ( 1) C 5- H 19,BD*( 1) C 4- H 16,1.7,1.03,0.037
mol_029_Z,sp3,1.7066,BD ( 1) C 5- H 19,BD*( 1) C 4- H 17,1.28,1.03,0.032
mol_029_Z,sp3,1.7066,BD ( 1) C 5- H 19,BD*( 1) C 6- H 21,3.31,1.03,0.052
mol_029_Z,sp3,1.7066,BD ( 1) C 5- H 19,RY ( 2) C 4,0.59,1.29,0.025
mol_029_Z,sp3,1.7066,BD ( 1) C 5- H 19,RY ( 1) C 6,0.7,1.54,0.029
mol_029_Z,sp3,1.7066,BD ( 1) C 6- C 7,BD*( 1) C 5- C 6,0.73,1.1,0.025
mol_029_Z,sp3,1.7066,BD ( 1) C 6- C 7,BD*( 1) C 5- H 18,1.66,1.14,0.039
mol_029_Z,sp3,1.7066,BD ( 1) C 6- C 7,BD*( 1) C 6- H 20,0.56,1.14,0.022
mol_029_Z,sp3,1.7066,BD ( 1) C 6- C 7,BD*( 1) C 7- C 8,1.87,1.3,0.044
mol_029_Z,sp3,1.7066,BD ( 1) C 6- C 7,BD*( 1) C 7- C 13,1.43,1.28,0.038
mol_029_Z,sp3,1.7066,BD ( 1) C 6- C 7,BD*( 1) C 8- C 9,2.05,1.3,0.046
mol_029_Z,sp3,1.7066,BD ( 1) C 6- C 7,BD*( 1) C 11- C 13,3.0,1.25,0.055
mol_029_Z,sp3,1.7066,BD ( 1) C 6- C 7,RY ( 1) C 5,1.39,1.57,0.042
mol_029_Z,sp3,1.7066,BD ( 1) C 6- C 7,RY ( 1) C 8,1.95,1.94,0.055
mol_029_Z,sp3,1.7066,BD ( 1) C 6- C 7,RY ( 1) C 13,1.14,1.95,0.042
mol_029_Z,sp3,1.7066,BD ( 1) C 6- H 20,BD*( 1) C 4- C 5,3.5,1.0,0.053
mol_029_Z,sp3,1.7066,BD ( 1) C 6- H 20,BD*( 1) C 7- C 13,4.34,1.19,0.064
mol_029_Z,sp3,1.7066,BD ( 1) C 6- H 20,BD*( 2) C 7- C 13,0.65,0.61,0.018
mol_029_Z,sp3,1.7066,BD ( 1) C 6- H 21,BD*( 1) C 5- H 19,3.04,1.04,0.05
mol_029_Z,sp3,1.7066,BD ( 1) C 6- H 21,BD*( 1) C 7- C 8,1.24,1.21,0.035
mol_029_Z,sp3,1.7066,BD ( 1) C 6- H 21,BD*( 2) C 7- C 13,7.41,0.61,0.06
mol_029_Z,sp3,1.7066,BD ( 1) C 7- C 8,BD*( 1) C 3- C 13,3.14,1.22,0.055
mol_029_Z,sp3,1.7066,BD ( 1) C 7- C 8,BD*( 1) C 6- C 7,1.87,1.21,0.042
mol_029_Z,sp3,1.7066,BD ( 1) C 7- C 8,BD*( 1) C 7- C 13,2.74,1.34,0.054
mol_029_Z,sp3,1.7066,BD ( 1) C 7- C 8,BD*( 1) C 8- C 9,2.68,1.36,0.054
mol_029_Z,sp3,1.7066,BD ( 1) C 7- C 8,BD*( 1) C 8- H 22,1.24,1.22,0.035
mol_029_Z,sp3,1.7066,BD ( 1) C 7- C 8,BD*( 1) C 9- H 23,2.04,1.23,0.045
mol_029_Z,sp3,1.7066,BD ( 1) C 7- C 8,RY ( 1) C 6,1.08,1.69,0.038
mol_029_Z,sp3,1.7066,BD ( 1) C 7- C 8,RY ( 1) C 9,1.26,2.01,0.045
mol_029_Z,sp3,1.7066,BD ( 1) C 7- C 8,RY ( 2) C 9,1.18,2.23,0.046
mol_029_Z,sp3,1.7066,BD ( 1) C 7- C 8,RY ( 1) C 13,1.31,2.01,0.046
mol_029_Z,sp3,1.7066,BD ( 1) C 7- C 8,RY ( 6) C 13,0.54,3.04,0.036
mol_029_Z,sp3,1.7066,BD ( 1) C 7- C 13,BD*( 1) N 2- C 3,2.81,1.34,0.055
mol_029_Z,sp3,1.7066,BD ( 1) C 7- C 13,BD*( 2) N 2- C 3,1.03,0.77,0.025
mol_029_Z,sp3,1.7066,BD ( 1) C 7- C 13,BD*( 1) C 3- C 13,3.25,1.22,0.056
mol_029_Z,sp3,1.7066,BD ( 1) C 7- C 13,BD*( 1) C 6- C 7,1.33,1.2,0.036
mol_029_Z,sp3,1.7066,BD ( 1) C 7- C 13,BD*( 1) C 6- H 20,0.91,1.2,0.03
mol_029_Z,sp3,1.7066,BD ( 1) C 7- C 13,BD*( 1) C 7- C 8,2.48,1.36,0.052
mol_029_Z,sp3,1.7066,BD ( 1) C 7- C 13,BD*( 1) C 8- H 22,2.36,1.22,0.048
mol_029_Z,sp3,1.7066,BD ( 1) C 7- C 13,BD*( 1) C 11- F 12,4.25,1.03,0.059
mol_029_Z,sp3,1.7066,BD ( 1) C 7- C 13,BD*( 1) C 11- C 13,4.15,1.31,0.066
mol_029_Z,sp3,1.7066,BD ( 1) C 7- C 13,RY ( 2) C 3,1.12,1.64,0.038
mol_029_Z,sp3,1.7066,BD ( 1) C 7- C 13,RY ( 1) C 6,1.47,1.69,0.045
mol_029_Z,sp3,1.7066,BD ( 1) C 7- C 13,RY ( 1) C 8,1.7,2.0,0.052
mol_029_Z,sp3,1.7066,BD ( 1) C 7- C 13,RY ( 2) C 8,0.8,2.04,0.036
mol_029_Z,sp3,1.7066,BD ( 1) C 7- C 13,RY ( 4) C 11,0.91,2.92,0.046
mol_029_Z,sp3,1.7066,BD ( 1) C 7- C 13,RY ( 4) C 13,0.98,5.04,0.063
mol_029_Z,sp3,1.7066,BD ( 1) C 7- C 13,RY ( 9) C 13,0.74,5.54,0.057
mol_029_Z,sp3,1.7066,BD ( 1) C 7- C 13,RY (17) C 13,0.78,8.37,0.072
mol_029_Z,sp3,1.7066,BD ( 2) C 7- C 13,BD*( 1) N 2- C 3,2.21,0.97,0.041
mol_029_Z,sp3,1.7066,BD ( 2) C 7- C 13,BD*( 2) N 2- C 3,22.23,0.4,0.084
mol_029_Z,sp3,1.7066,BD ( 2) C 7- C 13,BD*( 1) C 3- C 4,2.63,0.77,0.04
mol_029_Z,sp3,1.7066,BD ( 2) C 7- C 13,BD*( 1) C 5- C 6,1.2,0.79,0.028
mol_029_Z,sp3,1.7066,BD ( 2) C 7- C 13,BD*( 1) C 5- H 18,0.57,0.83,0.019
mol_029_Z,sp3,1.7066,BD ( 2) C 7- C 13,BD*( 1) C 6- H 21,3.1,0.81,0.045
mol_029_Z,sp3,1.7066,BD ( 2) C 7- C 13,BD*( 2) C 8- C 9,26.2,0.4,0.092
mol_029_Z,sp3,1.7066,BD ( 2) C 7- C 13,BD*( 2) C 10- C 11,40.24,0.39,0.111
mol_029_Z,sp3,1.7066,BD ( 2) C 7- C 13,RY ( 3) C 8,2.02,1.04,0.041
mol_029_Z,sp3,1.7066,BD ( 2) C 7- C 13,RY ( 5) C 11,1.22,1.73,0.041
mol_029_Z,sp3,1.7066,BD ( 1) C 8- C 9,BD*( 1) C 6- C 7,3.7,1.2,0.06
mol_029_Z,sp3,1.7066,BD ( 1) C 8- C 9,BD*( 1) C 7- C 8,2.8,1.36,0.055
mol_029_Z,sp3,1.7066,BD ( 1) C 8- C 9,BD*( 1) C 8- H 22,1.01,1.22,0.031
mol_029_Z,sp3,1.7066,BD ( 1) C 8- C 9,BD*( 1) C 9- C 10,1.89,1.35,0.045
mol_029_Z,sp3,1.7066,BD ( 1) C 8- C 9,BD*( 1) C 9- H 23,0.9,1.22,0.03
mol_029_Z,sp3,1.7066,BD ( 1) C 8- C 9,BD*( 1) C 10- H 24,2.39,1.21,0.048
mol_029_Z,sp3,1.7066,BD ( 1) C 8- C 9,RY ( 1) C 7,1.29,2.29,0.049
mol_029_Z,sp3,1.7066,BD ( 1) C 8- C 9,RY ( 3) C 7,0.93,2.2,0.04
mol_029_Z,sp3,1.7066,BD ( 1) C 8- C 9,RY ( 1) C 10,0.64,2.0,0.032
mol_029_Z,sp3,1.7066,BD ( 1) C 8- C 9,RY ( 2) C 10,1.49,1.94,0.048
mol_029_Z,sp3,1.7066,BD ( 1) C 8- C 9,RY ( 1) H 23,0.54,1.78,0.028
mol_029_Z,sp3,1.7066,BD ( 2) C 8- C 9,BD*( 2) C 7- C 13,46.97,0.38,0.119
mol_029_Z,sp3,1.7066,BD ( 2) C 8- C 9,BD*( 2) C 10- C 11,31.25,0.38,0.097
mol_029_Z,sp3,1.7066,BD ( 2) C 8- C 9,RY ( 3) C 8,0.71,1.03,0.024
mol_029_Z,sp3,1.7066,BD ( 2) C 8- C 9,RY ( 3) C 10,1.33,0.89,0.031
mol_029_Z,sp3,1.7066,BD ( 2) C 8- C 9,RY ( 5) C 10,0.54,1.96,0.029
mol_029_Z,sp3,1.7066,BD ( 1) C 8- H 22,BD*( 1) C 6- C 7,0.5,1.08,0.021
mol_029_Z,sp3,1.7066,BD ( 1) C 8- H 22,BD*( 1) C 7- C 8,0.84,1.23,0.029
mol_029_Z,sp3,1.7066,BD ( 1) C 8- H 22,BD*( 1) C 7- C 13,4.85,1.21,0.068
mol_029_Z,sp3,1.7066,BD ( 1) C 8- H 22,BD*( 1) C 8- C 9,0.63,1.23,0.025
mol_029_Z,sp3,1.7066,BD ( 1) C 8- H 22,BD*( 1) C 9- C 10,3.61,1.22,0.059
mol_029_Z,sp3,1.7066,BD ( 1) C 8- H 22,BD*( 1) C 9- H 23,0.92,1.1,0.028
mol_029_Z,sp3,1.7066,BD ( 1) C 8- H 22,RY ( 1) C 7,1.4,2.16,0.049
mol_029_Z,sp3,1.7066,BD ( 1) C 8- H 22,RY ( 1) C 9,1.24,1.88,0.043
mol_029_Z,sp3,1.7066,BD ( 1) C 9- C 10,BD*( 1) C 8- C 9,1.92,1.36,0.046
mol_029_Z,sp3,1.7066,BD ( 1) C 9- C 10,BD*( 1) C 8- H 22,2.38,1.22,0.048
mol_029_Z,sp3,1.7066,BD ( 1) C 9- C 10,BD*( 1) C 9- H 23,0.71,1.23,0.026
mol_029_Z,sp3,1.7066,BD ( 1) C 9- C 10,BD*( 1) C 10- C 11,2.0,1.34,0.046
mol_029_Z,sp3,1.7066,BD ( 1) C 9- C 10,BD*( 1) C 10- H 24,1.44,1.21,0.037
mol_029_Z,sp3,1.7066,BD ( 1) C 9- C 10,BD*( 1) C 11- F 12,5.14,1.04,0.065
mol_029_Z,sp3,1.7066,BD ( 1) C 9- C 10,RY ( 1) C 8,1.03,2.0,0.04
mol_029_Z,sp3,1.7066,BD ( 1) C 9- C 10,RY ( 2) C 8,1.64,2.04,0.052
mol_029_Z,sp3,1.7066,BD ( 1) C 9- C 10,RY ( 2) C 11,1.11,2.21,0.044
mol_029_Z,sp3,1.7066,BD ( 1) C 9- C 10,RY ( 4) C 11,0.85,2.92,0.044
mol_029_Z,sp3,1.7066,BD ( 1) C 9- C 10,RY ( 1) H 24,0.59,1.53,0.027
mol_029_Z,sp3,1.7066,BD ( 1) C 9- H 23,BD*( 1) C 7- C 8,3.68,1.24,0.06
mol_029_Z,sp3,1.7066,BD ( 1) C 9- H 23,BD*( 1) C 8- H 22,0.96,1.1,0.029
mol_029_Z,sp3,1.7066,BD ( 1) C 9- H 23,BD*( 1) C 10- C 11,3.27,1.21,0.056
mol_029_Z,sp3,1.7066,BD ( 1) C 9- H 23,BD*( 1) C 10- H 24,0.9,1.09,0.028
mol_029_Z,sp3,1.7066,BD ( 1) C 9- H 23,RY ( 1) C 8,1.01,1.88,0.039
mol_029_Z,sp3,1.7066,BD ( 1) C 9- H 23,RY ( 1) C 10,0.96,1.88,0.038
mol_029_Z,sp3,1.7066,BD ( 1) C 10- C 11,BD*( 1) C 3- C 13,3.27,1.25,0.057
mol_029_Z,sp3,1.7066,BD ( 1) C 10- C 11,BD*( 1) C 9- C 10,2.04,1.38,0.047
mol_029_Z,sp3,1.7066,BD ( 1) C 10- C 11,BD*( 1) C 9- H 23,2.16,1.26,0.046
mol_029_Z,sp3,1.7066,BD ( 1) C 10- C 11,BD*( 1) C 10- H 24,1.03,1.25,0.032
mol_029_Z,sp3,1.7066,BD ( 1) C 10- C 11,BD*( 1) C 11- C 13,4.08,1.34,0.066
mol_029_Z,sp3,1.7066,BD ( 1) C 10- C 11,RY ( 1) C 9,1.24,2.04,0.045
mol_029_Z,sp3,1.7066,BD ( 1) C 10- C 11,RY ( 2) C 9,1.22,2.26,0.047
mol_029_Z,sp3,1.7066,BD ( 1) C 10- C 11,RY ( 1) F 12,0.54,1.41,0.025
mol_029_Z,sp3,1.7066,BD ( 1) C 10- C 11,RY ( 1) C 13,2.03,2.04,0.058
mol_029_Z,sp3,1.7066,BD ( 2) C 10- C 11,BD*( 2) C 7- C 13,30.34,0.4,0.099
mol_029_Z,sp3,1.7066,BD ( 2) C 10- C 11,BD*( 2) C 8- C 9,37.62,0.42,0.112
mol_029_Z,sp3,1.7066,BD ( 2) C 10- C 11,BD*( 2) C 10- C 11,0.89,0.4,0.017
mol_029_Z,sp3,1.7066,BD ( 2) C 10- C 11,RY ( 4) C 9,1.72,1.19,0.04
mol_029_Z,sp3,1.7066,BD ( 2) C 10- C 11,RY ( 2) F 12,1.15,1.09,0.032
mol_029_Z,sp3,1.7066,BD ( 1) C 10- H 24,BD*( 1) C 8- C 9,3.37,1.24,0.058
mol_029_Z,sp3,1.7066,BD ( 1) C 10- H 24,BD*( 1) C 9- C 10,0.86,1.23,0.029
mol_029_Z,sp3,1.7066,BD ( 1) C 10- H 24,BD*( 1) C 9- H 23,0.85,1.11,0.027
mol_029_Z,sp3,1.7066,BD ( 1) C 10- H 24,BD*( 1) C 10- C 11,0.57,1.22,0.024
mol_029_Z,sp3,1.7066,BD ( 1) C 10- H 24,BD*( 1) C 11- F 12,2.55,0.92,0.043
mol_029_Z,sp3,1.7066,BD ( 1) C 10- H 24,BD*( 1) C 11- C 13,3.98,1.19,0.062
mol_029_Z,sp3,1.7066,BD ( 1) C 10- H 24,RY ( 1) C 9,1.08,1.89,0.04
mol_029_Z,sp3,1.7066,BD ( 1) C 10- H 24,RY ( 1) C 11,0.71,1.74,0.031
mol_029_Z,sp3,1.7066,BD ( 1) C 11- F 12,BD*( 1) C 7- C 13,1.33,1.67,0.042
mol_029_Z,sp3,1.7066,BD ( 1) C 11- F 12,BD*( 1) C 9- C 10,0.9,1.69,0.035
mol_029_Z,sp3,1.7066,BD ( 1) C 11- C 13,BD*( 2) N 2- C 3,1.19,0.81,0.028
mol_029_Z,sp3,1.7066,BD ( 1) C 11- C 13,BD*( 1) C 3- C 4,1.13,1.18,0.033
mol_029_Z,sp3,1.7066,BD ( 1) C 11- C 13,BD*( 1) C 3- C 13,3.14,1.26,0.056
mol_029_Z,sp3,1.7066,BD ( 1) C 11- C 13,BD*( 1) C 6- C 7,2.42,1.24,0.049
mol_029_Z,sp3,1.7066,BD ( 1) C 11- C 13,BD*( 1) C 7- C 13,4.45,1.37,0.07
mol_029_Z,sp3,1.7066,BD ( 1) C 11- C 13,BD*( 1) C 10- C 11,3.63,1.37,0.063
mol_029_Z,sp3,1.7066,BD ( 1) C 11- C 13,BD*( 1) C 10- H 24,1.67,1.25,0.041
mol_029_Z,sp3,1.7066,BD ( 1) C 11- C 13,RY ( 1) C 3,0.59,1.61,0.027
mol_029_Z,sp3,1.7066,BD ( 1) C 11- C 13,RY ( 2) C 3,0.75,1.68,0.032
mol_029_Z,sp3,1.7066,BD ( 1) C 11- C 13,RY ( 5) C 3,0.65,3.0,0.039
mol_029_Z,sp3,1.7066,BD ( 1) C 11- C 13,RY ( 9) C 3,0.59,3.73,0.042
mol_029_Z,sp3,1.7066,BD ( 1) C 11- C 13,RY ( 1) C 7,1.08,2.33,0.045
mol_029_Z,sp3,1.7066,BD ( 1) C 11- C 13,RY ( 3) C 7,1.05,2.24,0.043
mol_029_Z,sp3,1.7066,BD ( 1) C 11- C 13,RY ( 5) C 7,0.58,3.03,0.038
mol_029_Z,sp3,1.7066,BD ( 1) C 11- C 13,RY ( 1) C 10,1.48,2.04,0.049
mol_029_Z,sp3,1.7066,BD ( 1) C 11- C 13,RY ( 2) C 10,0.79,1.98,0.035
mol_029_Z,sp3,1.7066,BD ( 1) C 11- C 13,RY ( 3) C 13,0.65,2.28,0.034
mol_029_Z,sp3,1.7066,BD ( 1) C 11- C 13,RY ( 4) C 13,1.1,5.08,0.067
mol_029_Z,sp3,1.7066,BD ( 1) C 11- C 13,RY (10) C 13,0.54,4.5,0.044
mol_029_Z,sp3,1.7066,BD ( 1) C 11- C 13,RY (17) C 13,0.98,8.4,0.081
mol_029_Z,sp4,1.8066,LP ( 1) O 1,BD*( 1) C 3- C 4,0.7,1.1,0.025
mol_029_Z,sp4,1.8066,LP ( 1) O 1,RY ( 1) H 14,1.3,2.67,0.053
mol_029_Z,sp4,1.8066,LP ( 1) O 1,RY ( 1) H 15,1.31,2.62,0.052
mol_029_Z,sp4,1.8066,LP ( 1) N 2,BD*( 1) C 3- C 13,5.81,1.11,0.072
mol_029_Z,sp4,1.8066,LP ( 1) N 2,RY ( 1) C 3,9.0,1.41,0.101
mol_029_Z,sp4,1.8066,LP ( 1) F 12,BD*( 1) C 10- C 11,0.82,1.62,0.033
mol_029_Z,sp4,1.8066,LP ( 1) F 12,BD*( 1) C 11- C 13,0.98,1.6,0.035
mol_029_Z,sp4,1.8066,LP ( 1) F 12,RY ( 1) C 11,6.25,2.15,0.104
mol_029_Z,sp4,1.8066,LP ( 2) F 12,BD*( 1) C 10- C 11,6.96,1.17,0.08
mol_029_Z,sp4,1.8066,LP ( 2) F 12,BD*( 1) C 11- C 13,7.51,1.14,0.083
mol_029_Z,sp4,1.8066,LP ( 2) F 12,RY ( 2) C 11,0.6,2.06,0.031
mol_029_Z,sp4,1.8066,LP ( 2) F 12,RY ( 4) C 11,1.23,2.74,0.052
mol_029_Z,sp4,1.8066,LP ( 3) F 12,BD*( 2) C 10- C 11,27.18,0.58,0.112
mol_029_Z,sp4,1.8066,LP ( 3) F 12,RY ( 3) C 11,2.03,2.02,0.057
mol_029_Z,sp4,1.8066,BD ( 1) O 1- N 2,BD*( 1) C 3- C 4,5.28,1.06,0.067
mol_029_Z,sp4,1.8066,BD ( 1) O 1- N 2,BD*( 1) C 3- C 13,1.85,1.15,0.041
mol_029_Z,sp4,1.8066,BD ( 1) N 2- C 3,BD*( 1) C 3- C 4,0.83,1.37,0.03
mol_029_Z,sp4,1.8066,BD ( 1) N 2- C 3,BD*( 1) C 3- C 13,2.62,1.47,0.055
mol_029_Z,sp4,1.8066,BD ( 1) N 2- C 3,BD*( 1) C 4- C 5,0.62,1.39,0.026
mol_029_Z,sp4,1.8066,BD ( 1) N 2- C 3,BD*( 1) C 7- C 13,0.67,1.58,0.029
mol_029_Z,sp4,1.8066,BD ( 1) N 2- C 3,RY ( 1) C 4,0.88,1.76,0.035
mol_029_Z,sp4,1.8066,BD ( 1) N 2- C 3,RY ( 2) C 13,0.92,2.11,0.039
mol_029_Z,sp4,1.8066,BD ( 1) N 2- C 3,RY ( 7) C 13,0.65,3.76,0.044
mol_029_Z,sp4,1.8066,BD ( 2) N 2- C 3,BD*( 1) C 4- C 5,0.69,0.94,0.023
mol_029_Z,sp4,1.8066,BD ( 2) N 2- C 3,BD*( 1) C 4- H 17,2.43,0.97,0.043
mol_029_Z,sp4,1.8066,BD ( 2) N 2- C 3,BD*( 1) C 7- C 13,0.77,1.13,0.026
mol_029_Z,sp4,1.8066,BD ( 2) N 2- C 3,BD*( 2) C 7- C 13,3.0,0.55,0.036
mol_029_Z,sp4,1.8066,BD ( 2) N 2- C 3,BD*( 1) C 11- C 13,1.17,1.11,0.032
mol_029_Z,sp4,1.8066,BD ( 1) C 3- C 4,BD*( 1) O 1- N 2,28.32,0.62,0.118
mol_029_Z,sp4,1.8066,BD ( 1) C 3- C 4,BD*( 1) N 2- C 3,0.99,1.31,0.032
mol_029_Z,sp4,1.8066,BD ( 1) C 3- C 4,BD*( 1) C 3- C 13,0.88,1.18,0.029
mol_029_Z,sp4,1.8066,BD ( 1) C 3- C 4,BD*( 1) C 5- H 18,0.75,1.16,0.026
mol_029_Z,sp4,1.8066,BD ( 1) C 3- C 4,BD*( 2) C 7- C 13,1.84,0.72,0.032
mol_029_Z,sp4,1.8066,BD ( 1) C 3- C 4,BD*( 1) C 11- C 13,1.7,1.27,0.041
mol_029_Z,sp4,1.8066,BD ( 1) C 3- C 4,RY ( 1) N 2,2.71,1.55,0.058
mol_029_Z,sp4,1.8066,BD ( 1) C 3- C 4,RY ( 2) C 5,0.65,1.44,0.027
mol_029_Z,sp4,1.8066,BD ( 1) C 3- C 4,RY ( 2) C 13,1.09,1.82,0.04
mol_029_Z,sp4,1.8066,BD ( 1) C 3- C 13,BD*( 1) O 1- N 2,4.44,0.68,0.049
mol_029_Z,sp4,1.8066,BD ( 1) C 3- C 13,BD*( 1) N 2- C 3,1.54,1.37,0.041
mol_029_Z,sp4,1.8066,BD ( 1) C 3- C 13,BD*( 1) C 3- C 4,1.41,1.15,0.036
mol_029_Z,sp4,1.8066,BD ( 1) C 3- C 13,BD*( 1) C 4- H 16,0.83,1.2,0.028
mol_029_Z,sp4,1.8066,BD ( 1) C 3- C 13,BD*( 1) C 7- C 8,2.64,1.38,0.054
mol_029_Z,sp4,1.8066,BD ( 1) C 3- C 13,BD*( 1) C 7- C 13,2.86,1.36,0.056
mol_029_Z,sp4,1.8066,BD ( 1) C 3- C 13,BD*( 1) C 10- C 11,1.62,1.35,0.042
mol_029_Z,sp4,1.8066,BD ( 1) C 3- C 13,BD*( 1) C 11- F 12,0.68,1.06,0.024
mol_029_Z,sp4,1.8066,BD ( 1) C 3- C 13,BD*( 1) C 11- C 13,2.21,1.33,0.048
mol_029_Z,sp4,1.8066,BD ( 1) C 3- C 13,RY ( 1) N 2,1.49,1.61,0.044
mol_029_Z,sp4,1.8066,BD ( 1) C 3- C 13,RY ( 1) C 4,1.34,1.53,0.04
mol_029_Z,sp4,1.8066,BD ( 1) C 3- C 13,RY ( 1) C 7,1.62,2.32,0.055
mol_029_Z,sp4,1.8066,BD ( 1) C 3- C 13,RY ( 1) C 11,1.31,1.89,0.044
mol_029_Z,sp4,1.8066,BD ( 1) C 3- C 13,RY ( 7) C 11,0.73,3.28,0.044
mol_029_Z,sp4,1.8066,BD ( 1) C 4- C 5,BD*( 1) O 1- N 2,1.27,0.59,0.024
mol_029_Z,sp4,1.8066,BD ( 1) C 4- C 5,BD*( 1) N 2- C 3,2.1,1.27,0.046
mol_029_Z,sp4,1.8066,BD ( 1) C 4- C 5,BD*( 2) N 2- C 3,1.55,0.7,0.029
mol_029_Z,sp4,1.8066,BD ( 1) C 4- C 5,BD*( 1) C 4- H 16,0.51,1.11,0.021
mol_029_Z,sp4,1.8066,BD ( 1) C 4- C 5,BD*( 1) C 6- H 20,1.58,1.12,0.038
mol_029_Z,sp4,1.8066,BD ( 1) C 4- C 5,RY ( 3) C 3,0.51,2.74,0.033
mol_029_Z,sp4,1.8066,BD ( 1) C 4- H 16,BD*( 1) O 1- N 2,1.41,0.54,0.025
mol_029_Z,sp4,1.8066,BD ( 1) C 4- H 16,BD*( 1) N 2- C 3,0.81,1.22,0.028
mol_029_Z,sp4,1.8066,BD ( 1) C 4- H 16,BD*( 2) N 2- C 3,1.62,0.65,0.029
mol_029_Z,sp4,1.8066,BD ( 1) C 4- H 16,BD*( 1) C 3- C 13,3.5,1.1,0.055
mol_029_Z,sp4,1.8066,BD ( 1) C 4- H 16,BD*( 1) C 5- H 18,1.14,1.07,0.031
mol_029_Z,sp4,1.8066,BD ( 1) C 4- H 16,BD*( 1) C 5- H 19,1.15,1.07,0.031
mol_029_Z,sp4,1.8066,BD ( 1) C 4- H 16,RY ( 1) C 5,0.7,1.5,0.029
mol_029_Z,sp4,1.8066,BD ( 1) C 4- H 17,BD*( 1) O 1- N 2,0.58,0.53,0.016
mol_029_Z,sp4,1.8066,BD ( 1) C 4- H 17,BD*( 2) N 2- C 3,10.58,0.64,0.073
mol_029_Z,sp4,1.8066,BD ( 1) C 4- H 17,BD*( 1) C 5- C 6,1.74,1.03,0.038
mol_029_Z,sp4,1.8066,BD ( 1) C 4- H 17,BD*( 1) C 5- H 19,1.3,1.06,0.033
mol_029_Z,sp4,1.8066,BD ( 1) C 4- H 17,RY ( 2) C 3,0.65,1.5,0.028
mol_029_Z,sp4,1.8066,BD ( 1) C 5- C 6,BD*( 1) C 3- C 4,0.59,1.04,0.022
mol_029_Z,sp4,1.8066,BD ( 1) C 5- C 6,BD*( 1) C 4- H 17,0.96,1.09,0.029
mol_029_Z,sp4,1.8066,BD ( 1) C 5- C 6,BD*( 1) C 6- C 7,0.83,1.12,0.027
mol_029_Z,sp4,1.8066,BD ( 1) C 5- C 6,BD*( 1) C 6- H 20,0.53,1.11,0.022
mol_029_Z,sp4,1.8066,BD ( 1) C 5- C 6,BD*( 1) C 7- C 8,2.42,1.28,0.05
mol_029_Z,sp4,1.8066,BD ( 1) C 5- C 6,BD*( 2) C 7- C 13,3.32,0.68,0.042
mol_029_Z,sp4,1.8066,BD ( 1) C 5- C 6,RY ( 3) C 4,0.59,1.59,0.027
mol_029_Z,sp4,1.8066,BD ( 1) C 5- C 6,RY ( 2) C 7,1.53,1.65,0.045
mol_029_Z,sp4,1.8066,BD ( 1) C 5- H 18,BD*( 1) C 3- C 4,2.2,0.98,0.041
mol_029_Z,sp4,1.8066,BD ( 1) C 5- H 18,BD*( 1) C 4- H 16,1.23,1.03,0.032
mol_029_Z,sp4,1.8066,BD ( 1) C 5- H 18,BD*( 1) C 6- C 7,3.03,1.06,0.05
mol_029_Z,sp4,1.8066,BD ( 1) C 5- H 19,BD*( 1) C 4- H 16,1.55,1.03,0.036
mol_029_Z,sp4,1.8066,BD ( 1) C 5- H 19,BD*( 1) C 4- H 17,1.34,1.03,0.033
mol_029_Z,sp4,1.8066,BD ( 1) C 5- H 19,BD*( 1) C 6- H 21,3.28,1.03,0.052
mol_029_Z,sp4,1.8066,BD ( 1) C 5- H 19,RY ( 2) C 4,0.63,1.31,0.026
mol_029_Z,sp4,1.8066,BD ( 1) C 5- H 19,RY ( 1) C 6,0.73,1.55,0.03
mol_029_Z,sp4,1.8066,BD ( 1) C 6- C 7,BD*( 1) C 5- C 6,0.71,1.1,0.025
mol_029_Z,sp4,1.8066,BD ( 1) C 6- C 7,BD*( 1) C 5- H 18,1.62,1.14,0.038
mol_029_Z,sp4,1.8066,BD ( 1) C 6- C 7,BD*( 1) C 6- H 20,0.57,1.14,0.023
mol_029_Z,sp4,1.8066,BD ( 1) C 6- C 7,BD*( 1) C 7- C 8,1.9,1.31,0.044
mol_029_Z,sp4,1.8066,BD ( 1) C 6- C 7,BD*( 1) C 7- C 13,1.44,1.28,0.038
mol_029_Z,sp4,1.8066,BD ( 1) C 6- C 7,BD*( 1) C 8- C 9,2.03,1.3,0.046
mol_029_Z,sp4,1.8066,BD ( 1) C 6- C 7,BD*( 1) C 11- C 13,3.03,1.25,0.055
mol_029_Z,sp4,1.8066,BD ( 1) C 6- C 7,RY ( 1) C 5,1.41,1.57,0.042
mol_029_Z,sp4,1.8066,BD ( 1) C 6- C 7,RY ( 1) C 8,1.96,1.94,0.055
mol_029_Z,sp4,1.8066,BD ( 1) C 6- C 7,RY ( 1) C 13,1.14,1.95,0.042
mol_029_Z,sp4,1.8066,BD ( 1) C 6- H 20,BD*( 1) C 4- C 5,3.6,0.99,0.053
mol_029_Z,sp4,1.8066,BD ( 1) C 6- H 20,BD*( 1) C 5- H 19,0.53,1.04,0.021
mol_029_Z,sp4,1.8066,BD ( 1) C 6- H 20,BD*( 1) C 7- C 13,4.34,1.19,0.064
mol_029_Z,sp4,1.8066,BD ( 1) C 6- H 20,BD*( 2) C 7- C 13,0.6,0.61,0.017
mol_029_Z,sp4,1.8066,BD ( 1) C 6- H 21,BD*( 1) C 5- H 19,3.02,1.04,0.05
mol_029_Z,sp4,1.8066,BD ( 1) C 6- H 21,BD*( 1) C 7- C 8,1.25,1.21,0.035
mol_029_Z,sp4,1.8066,BD ( 1) C 6- H 21,BD*( 2) C 7- C 13,7.52,0.61,0.06
mol_029_Z,sp4,1.8066,BD ( 1) C 7- C 8,BD*( 1) C 3- C 13,3.18,1.22,0.056
mol_029_Z,sp4,1.8066,BD ( 1) C 7- C 8,BD*( 1) C 6- C 7,1.9,1.21,0.043
mol_029_Z,sp4,1.8066,BD ( 1) C 7- C 8,BD*( 1) C 7- C 13,2.76,1.34,0.054
mol_029_Z,sp4,1.8066,BD ( 1) C 7- C 8,BD*( 1) C 8- C 9,2.67,1.36,0.054
mol_029_Z,sp4,1.8066,BD ( 1) C 7- C 8,BD*( 1) C 8- H 22,1.24,1.22,0.035
mol_029_Z,sp4,1.8066,BD ( 1) C 7- C 8,BD*( 1) C 9- H 23,2.03,1.23,0.045
mol_029_Z,sp4,1.8066,BD ( 1) C 7- C 8,RY ( 1) C 6,1.07,1.7,0.038
mol_029_Z,sp4,1.8066,BD ( 1) C 7- C 8,RY ( 1) C 9,1.26,2.01,0.045
mol_029_Z,sp4,1.8066,BD ( 1) C 7- C 8,RY ( 2) C 9,1.18,2.23,0.046
mol_029_Z,sp4,1.8066,BD ( 1) C 7- C 8,RY ( 1) C 13,1.3,2.01,0.046
mol_029_Z,sp4,1.8066,BD ( 1) C 7- C 8,RY ( 6) C 13,0.61,3.02,0.038
mol_029_Z,sp4,1.8066,BD ( 1) C 7- C 13,BD*( 1) N 2- C 3,2.96,1.35,0.056
mol_029_Z,sp4,1.8066,BD ( 1) C 7- C 13,BD*( 2) N 2- C 3,1.04,0.77,0.025
mol_029_Z,sp4,1.8066,BD ( 1) C 7- C 13,BD*( 1) C 3- C 13,3.23,1.22,0.056
mol_029_Z,sp4,1.8066,BD ( 1) C 7- C 13,BD*( 1) C 6- C 7,1.33,1.21,0.036
mol_029_Z,sp4,1.8066,BD ( 1) C 7- C 13,BD*( 1) C 6- H 20,0.92,1.2,0.03
mol_029_Z,sp4,1.8066,BD ( 1) C 7- C 13,BD*( 1) C 7- C 8,2.49,1.36,0.052
mol_029_Z,sp4,1.8066,BD ( 1) C 7- C 13,BD*( 1) C 8- H 22,2.37,1.22,0.048
mol_029_Z,sp4,1.8066,BD ( 1) C 7- C 13,BD*( 1) C 11- F 12,4.11,1.04,0.058
mol_029_Z,sp4,1.8066,BD ( 1) C 7- C 13,BD*( 1) C 11- C 13,4.19,1.31,0.066
mol_029_Z,sp4,1.8066,BD ( 1) C 7- C 13,RY ( 2) C 3,1.16,1.63,0.039
mol_029_Z,sp4,1.8066,BD ( 1) C 7- C 13,RY ( 1) C 6,1.48,1.7,0.045
mol_029_Z,sp4,1.8066,BD ( 1) C 7- C 13,RY ( 1) C 8,1.71,2.0,0.052
mol_029_Z,sp4,1.8066,BD ( 1) C 7- C 13,RY ( 2) C 8,0.81,2.05,0.036
mol_029_Z,sp4,1.8066,BD ( 1) C 7- C 13,RY ( 4) C 11,0.97,2.91,0.047
mol_029_Z,sp4,1.8066,BD ( 1) C 7- C 13,RY ( 4) C 13,1.01,5.02,0.063
mol_029_Z,sp4,1.8066,BD ( 1) C 7- C 13,RY ( 9) C 13,0.83,5.59,0.061
mol_029_Z,sp4,1.8066,BD ( 1) C 7- C 13,RY (17) C 13,0.75,7.67,0.068
mol_029_Z,sp4,1.8066,BD ( 2) C 7- C 13,BD*( 1) N 2- C 3,2.24,0.98,0.042
mol_029_Z,sp4,1.8066,BD ( 2) C 7- C 13,BD*( 2) N 2- C 3,21.79,0.4,0.084
mol_029_Z,sp4,1.8066,BD ( 2) C 7- C 13,BD*( 1) C 3- C 4,2.81,0.76,0.041
mol_029_Z,sp4,1.8066,BD ( 2) C 7- C 13,BD*( 1) C 5- C 6,1.22,0.79,0.028
mol_029_Z,sp4,1.8066,BD ( 2) C 7- C 13,BD*( 1) C 5- H 18,0.54,0.83,0.019
mol_029_Z,sp4,1.8066,BD ( 2) C 7- C 13,BD*( 1) C 6- H 21,3.08,0.81,0.045
mol_029_Z,sp4,1.8066,BD ( 2) C 7- C 13,BD*( 2) C 8- C 9,25.9,0.41,0.092
mol_029_Z,sp4,1.8066,BD ( 2) C 7- C 13,BD*( 2) C 10- C 11,39.84,0.39,0.111
mol_029_Z,sp4,1.8066,BD ( 2) C 7- C 13,RY ( 3) C 8,2.04,1.03,0.041
mol_029_Z,sp4,1.8066,BD ( 2) C 7- C 13,RY ( 5) C 11,1.22,1.73,0.041
mol_029_Z,sp4,1.8066,BD ( 1) C 8- C 9,BD*( 1) C 6- C 7,3.73,1.2,0.06
mol_029_Z,sp4,1.8066,BD ( 1) C 8- C 9,BD*( 1) C 7- C 8,2.79,1.36,0.055
mol_029_Z,sp4,1.8066,BD ( 1) C 8- C 9,BD*( 1) C 8- H 22,1.02,1.22,0.031
mol_029_Z,sp4,1.8066,BD ( 1) C 8- C 9,BD*( 1) C 9- C 10,1.88,1.35,0.045
mol_029_Z,sp4,1.8066,BD ( 1) C 8- C 9,BD*( 1) C 9- H 23,0.9,1.22,0.03
mol_029_Z,sp4,1.8066,BD ( 1) C 8- C 9,BD*( 1) C 10- H 24,2.37,1.21,0.048
mol_029_Z,sp4,1.8066,BD ( 1) C 8- C 9,RY ( 1) C 7,1.29,2.29,0.049
mol_029_Z,sp4,1.8066,BD ( 1) C 8- C 9,RY ( 3) C 7,0.9,2.26,0.04
mol_029_Z,sp4,1.8066,BD ( 1) C 8- C 9,RY ( 1) C 10,0.63,2.01,0.032
mol_029_Z,sp4,1.8066,BD ( 1) C 8- C 9,RY ( 2) C 10,1.5,1.94,0.048
mol_029_Z,sp4,1.8066,BD ( 1) C 8- C 9,RY ( 1) H 23,0.53,1.78,0.028
mol_029_Z,sp4,1.8066,BD ( 2) C 8- C 9,BD*( 2) C 7- C 13,47.22,0.38,0.119
mol_029_Z,sp4,1.8066,BD ( 2) C 8- C 9,BD*( 2) C 10- C 11,31.07,0.38,0.096
mol_029_Z,sp4,1.8066,BD ( 2) C 8- C 9,RY ( 3) C 8,0.71,1.02,0.024
mol_029_Z,sp4,1.8066,BD ( 2) C 8- C 9,RY ( 3) C 10,1.39,0.88,0.031
mol_029_Z,sp4,1.8066,BD ( 2) C 8- C 9,RY ( 5) C 10,0.51,1.95,0.028
mol_029_Z,sp4,1.8066,BD ( 1) C 8- H 22,BD*( 1) C 7- C 8,0.84,1.23,0.029
mol_029_Z,sp4,1.8066,BD ( 1) C 8- H 22,BD*( 1) C 7- C 13,4.81,1.21,0.068
mol_029_Z,sp4,1.8066,BD ( 1) C 8- H 22,BD*( 1) C 8- C 9,0.63,1.23,0.025
mol_029_Z,sp4,1.8066,BD ( 1) C 8- H 22,BD*( 1) C 9- C 10,3.6,1.22,0.059
mol_029_Z,sp4,1.8066,BD ( 1) C 8- H 22,BD*( 1) C 9- H 23,0.92,1.1,0.028
mol_029_Z,sp4,1.8066,BD ( 1) C 8- H 22,RY ( 1) C 7,1.41,2.17,0.049
mol_029_Z,sp4,1.8066,BD ( 1) C 8- H 22,RY ( 1) C 9,1.24,1.88,0.043
mol_029_Z,sp4,1.8066,BD ( 1) C 9- C 10,BD*( 1) C 8- C 9,1.92,1.36,0.046
mol_029_Z,sp4,1.8066,BD ( 1) C 9- C 10,BD*( 1) C 8- H 22,2.38,1.22,0.048
mol_029_Z,sp4,1.8066,BD ( 1) C 9- C 10,BD*( 1) C 9- H 23,0.71,1.23,0.026
mol_029_Z,sp4,1.8066,BD ( 1) C 9- C 10,BD*( 1) C 10- C 11,1.98,1.34,0.046
mol_029_Z,sp4,1.8066,BD ( 1) C 9- C 10,BD*( 1) C 10- H 24,1.43,1.22,0.037
mol_029_Z,sp4,1.8066,BD ( 1) C 9- C 10,BD*( 1) C 11- F 12,5.05,1.04,0.065
mol_029_Z,sp4,1.8066,BD ( 1) C 9- C 10,RY ( 1) C 8,1.02,2.0,0.04
mol_029_Z,sp4,1.8066,BD ( 1) C 9- C 10,RY ( 2) C 8,1.64,2.05,0.052
mol_029_Z,sp4,1.8066,BD ( 1) C 9- C 10,RY ( 2) C 11,1.04,2.23,0.043
mol_029_Z,sp4,1.8066,BD ( 1) C 9- C 10,RY ( 4) C 11,0.91,2.92,0.046
mol_029_Z,sp4,1.8066,BD ( 1) C 9- C 10,RY ( 1) H 24,0.59,1.53,0.027
mol_029_Z,sp4,1.8066,BD ( 1) C 9- H 23,BD*( 1) C 7- C 8,3.68,1.24,0.06
mol_029_Z,sp4,1.8066,BD ( 1) C 9- H 23,BD*( 1) C 8- H 22,0.96,1.1,0.029
mol_029_Z,sp4,1.8066,BD ( 1) C 9- H 23,BD*( 1) C 10- C 11,3.28,1.21,0.056
mol_029_Z,sp4,1.8066,BD ( 1) C 9- H 23,BD*( 1) C 10- H 24,0.9,1.09,0.028
mol_029_Z,sp4,1.8066,BD ( 1) C 9- H 23,RY ( 1) C 8,1.01,1.88,0.039
mol_029_Z,sp4,1.8066,BD ( 1) C 9- H 23,RY ( 1) C 10,0.97,1.89,0.038
mol_029_Z,sp4,1.8066,BD ( 1) C 10- C 11,BD*( 1) C 3- C 13,3.36,1.25,0.058
mol_029_Z,sp4,1.8066,BD ( 1) C 10- C 11,BD*( 1) C 9- C 10,2.03,1.38,0.047
mol_029_Z,sp4,1.8066,BD ( 1) C 10- C 11,BD*( 1) C 9- H 23,2.14,1.26,0.046
mol_029_Z,sp4,1.8066,BD ( 1) C 10- C 11,BD*( 1) C 10- H 24,1.0,1.25,0.032
mol_029_Z,sp4,1.8066,BD ( 1) C 10- C 11,BD*( 1) C 11- C 13,4.03,1.34,0.066
mol_029_Z,sp4,1.8066,BD ( 1) C 10- C 11,RY ( 1) C 9,1.23,2.04,0.045
mol_029_Z,sp4,1.8066,BD ( 1) C 10- C 11,RY ( 2) C 9,1.22,2.26,0.047
mol_029_Z,sp4,1.8066,BD ( 1) C 10- C 11,RY ( 1) F 12,0.66,1.43,0.027
mol_029_Z,sp4,1.8066,BD ( 1) C 10- C 11,RY ( 1) C 13,2.06,2.04,0.058
mol_029_Z,sp4,1.8066,BD ( 2) C 10- C 11,BD*( 2) C 7- C 13,30.44,0.4,0.099
mol_029_Z,sp4,1.8066,BD ( 2) C 10- C 11,BD*( 2) C 8- C 9,37.93,0.42,0.112
mol_029_Z,sp4,1.8066,BD ( 2) C 10- C 11,BD*( 2) C 10- C 11,0.91,0.4,0.017
mol_029_Z,sp4,1.8066,BD ( 2) C 10- C 11,RY ( 4) C 9,1.73,1.18,0.04
mol_029_Z,sp4,1.8066,BD ( 2) C 10- C 11,RY ( 2) F 12,1.4,1.07,0.035
mol_029_Z,sp4,1.8066,BD ( 1) C 10- H 24,BD*( 1) C 8- C 9,3.4,1.24,0.058
mol_029_Z,sp4,1.8066,BD ( 1) C 10- H 24,BD*( 1) C 9- C 10,0.86,1.23,0.029
mol_029_Z,sp4,1.8066,BD ( 1) C 10- H 24,BD*( 1) C 9- H 23,0.86,1.11,0.027
mol_029_Z,sp4,1.8066,BD ( 1) C 10- H 24,BD*( 1) C 10- C 11,0.56,1.22,0.023
mol_029_Z,sp4,1.8066,BD ( 1) C 10- H 24,BD*( 1) C 11- F 12,2.51,0.92,0.043
mol_029_Z,sp4,1.8066,BD ( 1) C 10- H 24,BD*( 1) C 11- C 13,3.94,1.19,0.061
mol_029_Z,sp4,1.8066,BD ( 1) C 10- H 24,RY ( 1) C 9,1.08,1.89,0.04
mol_029_Z,sp4,1.8066,BD ( 1) C 10- H 24,RY ( 1) C 11,0.71,1.75,0.032
mol_029_Z,sp4,1.8066,BD ( 1) C 11- F 12,BD*( 1) C 7- C 13,1.32,1.67,0.042
mol_029_Z,sp4,1.8066,BD ( 1) C 11- F 12,BD*( 1) C 9- C 10,0.89,1.69,0.035
mol_029_Z,sp4,1.8066,BD ( 1) C 11- C 13,BD*( 2) N 2- C 3,1.31,0.81,0.029
mol_029_Z,sp4,1.8066,BD ( 1) C 11- C 13,BD*( 1) C 3- C 4,1.13,1.17,0.032
mol_029_Z,sp4,1.8066,BD ( 1) C 11- C 13,BD*( 1) C 3- C 13,3.19,1.26,0.057
mol_029_Z,sp4,1.8066,BD ( 1) C 11- C 13,BD*( 1) C 6- C 7,2.38,1.24,0.049
mol_029_Z,sp4,1.8066,BD ( 1) C 11- C 13,BD*( 1) C 7- C 13,4.49,1.38,0.07
mol_029_Z,sp4,1.8066,BD ( 1) C 11- C 13,BD*( 1) C 10- C 11,3.55,1.37,0.062
mol_029_Z,sp4,1.8066,BD ( 1) C 11- C 13,BD*( 1) C 10- H 24,1.68,1.25,0.041
mol_029_Z,sp4,1.8066,BD ( 1) C 11- C 13,RY ( 1) C 3,0.54,1.56,0.026
mol_029_Z,sp4,1.8066,BD ( 1) C 11- C 13,RY ( 2) C 3,0.83,1.67,0.033
mol_029_Z,sp4,1.8066,BD ( 1) C 11- C 13,RY ( 5) C 3,0.66,2.92,0.039
mol_029_Z,sp4,1.8066,BD ( 1) C 11- C 13,RY ( 9) C 3,0.63,3.7,0.043
mol_029_Z,sp4,1.8066,BD ( 1) C 11- C 13,RY ( 1) C 7,1.04,2.33,0.044
mol_029_Z,sp4,1.8066,BD ( 1) C 11- C 13,RY ( 3) C 7,1.14,2.3,0.046
mol_029_Z,sp4,1.8066,BD ( 1) C 11- C 13,RY ( 5) C 7,0.55,2.77,0.035
mol_029_Z,sp4,1.8066,BD ( 1) C 11- C 13,RY ( 1) C 10,1.49,2.05,0.049
mol_029_Z,sp4,1.8066,BD ( 1) C 11- C 13,RY ( 2) C 10,0.78,1.98,0.035
mol_029_Z,sp4,1.8066,BD ( 1) C 11- C 13,RY ( 1) F 12,0.52,1.43,0.024
mol_029_Z,sp4,1.8066,BD ( 1) C 11- C 13,RY ( 3) C 13,0.66,2.31,0.035
mol_029_Z,sp4,1.8066,BD ( 1) C 11- C 13,RY ( 4) C 13,1.15,5.05,0.068
mol_029_Z,sp4,1.8066,BD ( 1) C 11- C 13,RY (10) C 13,0.54,4.45,0.044
mol_029_Z,sp4,1.8066,BD ( 1) C 11- C 13,RY (17) C 13,1.0,7.7,0.078
